[     115ms] [LOG] [Fast Refresh] rebuilding @ http://localhost:3000/_next/static/chunks/node_modules_next_dist_115brz8._.js:2477
[     152ms] [LOG] [Fast Refresh] done in 144ms @ http://localhost:3000/_next/static/chunks/node_modules_next_dist_115brz8._.js:2477
[     206ms] [INFO] %cDownload the React DevTools for a better development experience: https://react.dev/link/react-devtools font-weight:bold @ http://localhost:3000/_next/static/chunks/node_modules_next_dist_115brz8._.js:2477
[     224ms] [LOG] [HMR] connected @ http://localhost:3000/_next/static/chunks/node_modules_next_dist_115brz8._.js:2477
[  146603ms] [LOG] [Fast Refresh] rebuilding @ http://localhost:3000/_next/static/chunks/node_modules_next_dist_115brz8._.js:2477
[  146702ms] [LOG] [Fast Refresh] done in 98ms @ http://localhost:3000/_next/static/chunks/node_modules_next_dist_115brz8._.js:2477
[  146714ms] ReferenceError: searchFocused is not defined
    at FAQPage (http://localhost:3000/_next/static/chunks/_0uuw53v._.js?id=%255Bproject%255D%252Fapp%252Ffaq%252Fpage.tsx+%255Bapp-client%255D+%2528ecmascript%2529:671:46)
    at Object.react_stack_bottom_frame (http://localhost:3000/_next/static/chunks/node_modules_next_dist_compiled_react-dom_058-ah~._.js:15037:24)
    at renderWithHooks (http://localhost:3000/_next/static/chunks/node_modules_next_dist_compiled_react-dom_058-ah~._.js:4620:24)
    at updateFunctionComponent (http://localhost:3000/_next/static/chunks/node_modules_next_dist_compiled_react-dom_058-ah~._.js:6081:21)
    at beginWork (http://localhost:3000/_next/static/chunks/node_modules_next_dist_compiled_react-dom_058-ah~._.js:6691:24)
    at runWithFiberInDEV (http://localhost:3000/_next/static/chunks/node_modules_next_dist_compiled_react-dom_058-ah~._.js:965:74)
    at performUnitOfWork (http://localhost:3000/_next/static/chunks/node_modules_next_dist_compiled_react-dom_058-ah~._.js:9555:97)
    at workLoopSync (http://localhost:3000/_next/static/chunks/node_modules_next_dist_compiled_react-dom_058-ah~._.js:9449:40)
    at renderRootSync (http://localhost:3000/_next/static/chunks/node_modules_next_dist_compiled_react-dom_058-ah~._.js:9433:13)
    at performWorkOnRoot (http://localhost:3000/_next/static/chunks/node_modules_next_dist_compiled_react-dom_058-ah~._.js:9061:186)
    at performSyncWorkOnRoot (http://localhost:3000/_next/static/chunks/node_modules_next_dist_compiled_react-dom_058-ah~._.js:10263:9)
    at flushSyncWorkAcrossRoots_impl (http://localhost:3000/_next/static/chunks/node_modules_next_dist_compiled_react-dom_058-ah~._.js:10179:316)
    at processRootScheduleInMicrotask (http://localhost:3000/_next/static/chunks/node_modules_next_dist_compiled_react-dom_058-ah~._.js:10200:106)
    at http://localhost:3000/_next/static/chunks/node_modules_next_dist_compiled_react-dom_058-ah~._.js:10274:158
[  161096ms] [LOG] [Fast Refresh] rebuilding @ http://localhost:3000/_next/static/chunks/node_modules_next_dist_115brz8._.js:2477
[  161101ms] [WARNING] [Fast Refresh] performing full reload because your application had an unrecoverable error @ http://localhost:3000/_next/static/chunks/node_modules_next_dist_115brz8._.js:2477
[  161316ms] [LOG] [Fast Refresh] done in 89ms @ http://localhost:3000/_next/static/chunks/node_modules_next_dist_115brz8._.js:2477
[  161425ms] [INFO] %cDownload the React DevTools for a better development experience: https://react.dev/link/react-devtools font-weight:bold @ http://localhost:3000/_next/static/chunks/node_modules_next_dist_115brz8._.js:2477
[  161438ms] [LOG] [HMR] connected @ http://localhost:3000/_next/static/chunks/node_modules_next_dist_115brz8._.js:2477
[  180603ms] [LOG] [Fast Refresh] rebuilding @ http://localhost:3000/_next/static/chunks/node_modules_next_dist_115brz8._.js:2477
[  180694ms] [LOG] [Fast Refresh] done in 94ms @ http://localhost:3000/_next/static/chunks/node_modules_next_dist_115brz8._.js:2477
[  198979ms] [LOG] [Fast Refresh] rebuilding @ http://localhost:3000/_next/static/chunks/node_modules_next_dist_115brz8._.js:2477
[  199077ms] [LOG] [Fast Refresh] done in 94ms @ http://localhost:3000/_next/static/chunks/node_modules_next_dist_115brz8._.js:2477
[  213328ms] [LOG] [Fast Refresh] rebuilding @ http://localhost:3000/_next/static/chunks/node_modules_next_dist_115brz8._.js:2477
[  213425ms] [ERROR] ./app/faq/page.tsx:228:13
Expected '</', got 'jsx text'
  226 |           </div>
  227 |         ))}
> 228 |       </div>
      |             ^^^^^^^^^^^^^^^^^^^^^^^^^^^^^^^^^^^^^^^^^^^^^^^^^^^^^^^^^^^^^^^^^^^^^^^^^^^^^^^^
> 229 |     </motion.div>
      | ^^^^
  230 |   );
  231 | }
  232 |

Parsing ecmascript source code failed

Import traces:
  Client Component Browser:
    ./app/faq/page.tsx [Client Component Browser]
    ./app/faq/page.tsx [Server Component]

  Client Component SSR:
    ./app/faq/page.tsx [Client Component SSR]
    ./app/faq/page.tsx [Server Component] @ http://localhost:3000/_next/static/chunks/node_modules_next_dist_115brz8._.js:3318
[  213545ms] [LOG] [Fast Refresh] rebuilding @ http://localhost:3000/_next/static/chunks/node_modules_next_dist_115brz8._.js:2477
[  213845ms] [ERROR] ./app/faq/page.tsx:228:13
Expected '</', got 'jsx text'
  226 |           </div>
  227 |         ))}
> 228 |       </div>
      |             ^^^^^^^^^^^^^^^^^^^^^^^^^^^^^^^^^^^^^^^^^^^^^^^^^^^^^^^^^^^^^^^^^^^^^^^^^^^^^^^^
> 229 |     </motion.div>
      | ^^^^
  230 |   );
  231 | }
  232 |

Parsing ecmascript source code failed

Import traces:
  Client Component Browser:
    ./app/faq/page.tsx [Client Component Browser]
    ./app/faq/page.tsx [Server Component]

  Client Component SSR:
    ./app/faq/page.tsx [Client Component SSR]
    ./app/faq/page.tsx [Server Component] @ http://localhost:3000/_next/static/chunks/node_modules_next_dist_115brz8._.js:3318
[  213845ms] [ERROR] Failed to load resource: the server responded with a status of 500 (Internal Server Error) @ http://localhost:3000/faq?_rsc=Vb0PM3SR5Hotbdw1:0
[  213847ms] [ERROR] ./app/faq/page.tsx:228:13
Expected '</', got 'jsx text'
  226 |           </div>
  227 |         ))}
> 228 |       </div>
      |             ^^^^^^^^^^^^^^^^^^^^^^^^^^^^^^^^^^^^^^^^^^^^^^^^^^^^^^^^^^^^^^^^^^^^^^^^^^^^^^^^
> 229 |     </motion.div>
      | ^^^^
  230 |   );
  231 | }
  232 |

Parsing ecmascript source code failed

Import traces:
  Client Component Browser:
    ./app/faq/page.tsx [Client Component Browser]
    ./app/faq/page.tsx [Server Component]

  Client Component SSR:
    ./app/faq/page.tsx [Client Component SSR]
    ./app/faq/page.tsx [Server Component] @ http://localhost:3000/_next/static/chunks/node_modules_next_dist_115brz8._.js:3318
[  213892ms] [ERROR] Failed to load resource: the server responded with a status of 500 (Internal Server Error) @ http://localhost:3000/faq?_rsc=Vb0PM3SR5Hotbdw1:0
[  213894ms] [ERROR] Failed to load resource: the server responded with a status of 500 (Internal Server Error) @ http://localhost:3000/faq:0
[  213916ms] [INFO] %cDownload the React DevTools for a better development experience: https://react.dev/link/react-devtools font-weight:bold @ http://localhost:3000/_next/static/chunks/node_modules_react-dom_0bruynb._.js:15305
[  213921ms] Error: ./app/faq/page.tsx:228:13
Expected '</', got 'jsx text'
  226 |           </div>
  227 |         ))}
> 228 |       </div>
      |             ^^^^^^^^^^^^^^^^^^^^^^^^^^^^^^^^^^^^^^^^^^^^^^^^^^^^^^^^^^^^^^^^^^^^^^^^^^^^^^^^
> 229 |     </motion.div>
      | ^^^^
  230 |   );
  231 | }
  232 |

Parsing ecmascript source code failed

Import traces:
  Client Component Browser:
    ./app/faq/page.tsx [Client Component Browser]
    ./app/faq/page.tsx [Server Component]

  Client Component SSR:
    ./app/faq/page.tsx [Client Component SSR]
    ./app/faq/page.tsx [Server Component]


    at <unknown> (Error: ./app/faq/page.tsx:228:13)
    at Object.getCompilationErrors (file://C:\Users\Lenovo\Desktop\Person_Journey\node_modules\next\dist\server\dev\hot-reloader-turbopack.js:1186:59)
    at DevBundlerService.getCompilationError (file://C:\Users\Lenovo\Desktop\Person_Journey\node_modules\next\dist\server\lib\dev-bundler-service.js:44:55)
    at DevServer.getCompilationError (file://C:\Users\Lenovo\Desktop\Person_Journey\node_modules\next\dist\server\dev\next-dev-server.js:720:42)
    at DevServer.findPageComponents (file://C:\Users\Lenovo\Desktop\Person_Journey\node_modules\next\dist\server\dev\next-dev-server.js:690:43)
    at async DevServer.renderErrorToResponseImpl (file://C:\Users\Lenovo\Desktop\Person_Journey\node_modules\next\dist\server\base-server.js:1753:26)
[  213922ms] [LOG] [HMR] connected @ http://localhost:3000/_next/static/chunks/node_modules_next_dist_0u_w_5s._.js:1226
[  213926ms] [ERROR] ./app/faq/page.tsx:228:13
Expected '</', got 'jsx text'
  226 |           </div>
  227 |         ))}
> 228 |       </div>
      |             ^^^^^^^^^^^^^^^^^^^^^^^^^^^^^^^^^^^^^^^^^^^^^^^^^^^^^^^^^^^^^^^^^^^^^^^^^^^^^^^^
> 229 |     </motion.div>
      | ^^^^
  230 |   );
  231 | }
  232 |

Parsing ecmascript source code failed

Import traces:
  Client Component Browser:
    ./app/faq/page.tsx [Client Component Browser]
    ./app/faq/page.tsx [Server Component]

  Client Component SSR:
    ./app/faq/page.tsx [Client Component SSR]
    ./app/faq/page.tsx [Server Component] @ http://localhost:3000/_next/static/chunks/node_modules_next_dist_0u_w_5s._.js:1945
[  213991ms] [ERROR] ./app/faq/page.tsx:228:13
Expected '</', got 'jsx text'
  226 |           </div>
  227 |         ))}
> 228 |       </div>
      |             ^^^^^^^^^^^^^^^^^^^^^^^^^^^^^^^^^^^^^^^^^^^^^^^^^^^^^^^^^^^^^^^^^^^^^^^^^^^^^^^^
> 229 |     </motion.div>
      | ^^^^
  230 |   );
  231 | }
  232 |

Parsing ecmascript source code failed

Import traces:
  Client Component Browser:
    ./app/faq/page.tsx [Client Component Browser]
    ./app/faq/page.tsx [Server Component]

  Client Component SSR:
    ./app/faq/page.tsx [Client Component SSR]
    ./app/faq/page.tsx [Server Component] @ http://localhost:3000/_next/static/chunks/node_modules_next_dist_0u_w_5s._.js:1945
[  214052ms] [ERROR] ./app/faq/page.tsx:228:13
Expected '</', got 'jsx text'
  226 |           </div>
  227 |         ))}
> 228 |       </div>
      |             ^^^^^^^^^^^^^^^^^^^^^^^^^^^^^^^^^^^^^^^^^^^^^^^^^^^^^^^^^^^^^^^^^^^^^^^^^^^^^^^^
> 229 |     </motion.div>
      | ^^^^
  230 |   );
  231 | }
  232 |

Parsing ecmascript source code failed

Import traces:
  Client Component Browser:
    ./app/faq/page.tsx [Client Component Browser]
    ./app/faq/page.tsx [Server Component]

  Client Component SSR:
    ./app/faq/page.tsx [Client Component SSR]
    ./app/faq/page.tsx [Server Component] @ http://localhost:3000/_next/static/chunks/node_modules_next_dist_0u_w_5s._.js:1945
[  214116ms] [ERROR] ./app/faq/page.tsx:228:13
Expected '</', got 'jsx text'
  226 |           </div>
  227 |         ))}
> 228 |       </div>
      |             ^^^^^^^^^^^^^^^^^^^^^^^^^^^^^^^^^^^^^^^^^^^^^^^^^^^^^^^^^^^^^^^^^^^^^^^^^^^^^^^^
> 229 |     </motion.div>
      | ^^^^
  230 |   );
  231 | }
  232 |

Parsing ecmascript source code failed

Import traces:
  Client Component Browser:
    ./app/faq/page.tsx [Client Component Browser]
    ./app/faq/page.tsx [Server Component]

  Client Component SSR:
    ./app/faq/page.tsx [Client Component SSR]
    ./app/faq/page.tsx [Server Component] @ http://localhost:3000/_next/static/chunks/node_modules_next_dist_0u_w_5s._.js:1945
[  214175ms] [ERROR] ./app/faq/page.tsx:228:13
Expected '</', got 'jsx text'
  226 |           </div>
  227 |         ))}
> 228 |       </div>
      |             ^^^^^^^^^^^^^^^^^^^^^^^^^^^^^^^^^^^^^^^^^^^^^^^^^^^^^^^^^^^^^^^^^^^^^^^^^^^^^^^^
> 229 |     </motion.div>
      | ^^^^
  230 |   );
  231 | }
  232 |

Parsing ecmascript source code failed

Import traces:
  Client Component Browser:
    ./app/faq/page.tsx [Client Component Browser]
    ./app/faq/page.tsx [Server Component]

  Client Component SSR:
    ./app/faq/page.tsx [Client Component SSR]
    ./app/faq/page.tsx [Server Component] @ http://localhost:3000/_next/static/chunks/node_modules_next_dist_0u_w_5s._.js:1945
[  214238ms] [ERROR] ./app/faq/page.tsx:228:13
Expected '</', got 'jsx text'
  226 |           </div>
  227 |         ))}
> 228 |       </div>
      |             ^^^^^^^^^^^^^^^^^^^^^^^^^^^^^^^^^^^^^^^^^^^^^^^^^^^^^^^^^^^^^^^^^^^^^^^^^^^^^^^^
> 229 |     </motion.div>
      | ^^^^
  230 |   );
  231 | }
  232 |

Parsing ecmascript source code failed

Import traces:
  Client Component Browser:
    ./app/faq/page.tsx [Client Component Browser]
    ./app/faq/page.tsx [Server Component]

  Client Component SSR:
    ./app/faq/page.tsx [Client Component SSR]
    ./app/faq/page.tsx [Server Component] @ http://localhost:3000/_next/static/chunks/node_modules_next_dist_0u_w_5s._.js:1945
[  214298ms] [ERROR] ./app/faq/page.tsx:228:13
Expected '</', got 'jsx text'
  226 |           </div>
  227 |         ))}
> 228 |       </div>
      |             ^^^^^^^^^^^^^^^^^^^^^^^^^^^^^^^^^^^^^^^^^^^^^^^^^^^^^^^^^^^^^^^^^^^^^^^^^^^^^^^^
> 229 |     </motion.div>
      | ^^^^
  230 |   );
  231 | }
  232 |

Parsing ecmascript source code failed

Import traces:
  Client Component Browser:
    ./app/faq/page.tsx [Client Component Browser]
    ./app/faq/page.tsx [Server Component]

  Client Component SSR:
    ./app/faq/page.tsx [Client Component SSR]
    ./app/faq/page.tsx [Server Component] @ http://localhost:3000/_next/static/chunks/node_modules_next_dist_0u_w_5s._.js:1945
[  214362ms] [ERROR] ./app/faq/page.tsx:228:13
Expected '</', got 'jsx text'
  226 |           </div>
  227 |         ))}
> 228 |       </div>
      |             ^^^^^^^^^^^^^^^^^^^^^^^^^^^^^^^^^^^^^^^^^^^^^^^^^^^^^^^^^^^^^^^^^^^^^^^^^^^^^^^^
> 229 |     </motion.div>
      | ^^^^
  230 |   );
  231 | }
  232 |

Parsing ecmascript source code failed

Import traces:
  Client Component Browser:
    ./app/faq/page.tsx [Client Component Browser]
    ./app/faq/page.tsx [Server Component]

  Client Component SSR:
    ./app/faq/page.tsx [Client Component SSR]
    ./app/faq/page.tsx [Server Component] @ http://localhost:3000/_next/static/chunks/node_modules_next_dist_0u_w_5s._.js:1945
[  214422ms] [ERROR] ./app/faq/page.tsx:228:13
Expected '</', got 'jsx text'
  226 |           </div>
  227 |         ))}
> 228 |       </div>
      |             ^^^^^^^^^^^^^^^^^^^^^^^^^^^^^^^^^^^^^^^^^^^^^^^^^^^^^^^^^^^^^^^^^^^^^^^^^^^^^^^^
> 229 |     </motion.div>
      | ^^^^
  230 |   );
  231 | }
  232 |

Parsing ecmascript source code failed

Import traces:
  Client Component Browser:
    ./app/faq/page.tsx [Client Component Browser]
    ./app/faq/page.tsx [Server Component]

  Client Component SSR:
    ./app/faq/page.tsx [Client Component SSR]
    ./app/faq/page.tsx [Server Component] @ http://localhost:3000/_next/static/chunks/node_modules_next_dist_0u_w_5s._.js:1945
[  214482ms] [ERROR] ./app/faq/page.tsx:228:13
Expected '</', got 'jsx text'
  226 |           </div>
  227 |         ))}
> 228 |       </div>
      |             ^^^^^^^^^^^^^^^^^^^^^^^^^^^^^^^^^^^^^^^^^^^^^^^^^^^^^^^^^^^^^^^^^^^^^^^^^^^^^^^^
> 229 |     </motion.div>
      | ^^^^
  230 |   );
  231 | }
  232 |

Parsing ecmascript source code failed

Import traces:
  Client Component Browser:
    ./app/faq/page.tsx [Client Component Browser]
    ./app/faq/page.tsx [Server Component]

  Client Component SSR:
    ./app/faq/page.tsx [Client Component SSR]
    ./app/faq/page.tsx [Server Component] @ http://localhost:3000/_next/static/chunks/node_modules_next_dist_0u_w_5s._.js:1945
[  214544ms] [ERROR] ./app/faq/page.tsx:228:13
Expected '</', got 'jsx text'
  226 |           </div>
  227 |         ))}
> 228 |       </div>
      |             ^^^^^^^^^^^^^^^^^^^^^^^^^^^^^^^^^^^^^^^^^^^^^^^^^^^^^^^^^^^^^^^^^^^^^^^^^^^^^^^^
> 229 |     </motion.div>
      | ^^^^
  230 |   );
  231 | }
  232 |

Parsing ecmascript source code failed

Import traces:
  Client Component Browser:
    ./app/faq/page.tsx [Client Component Browser]
    ./app/faq/page.tsx [Server Component]

  Client Component SSR:
    ./app/faq/page.tsx [Client Component SSR]
    ./app/faq/page.tsx [Server Component] @ http://localhost:3000/_next/static/chunks/node_modules_next_dist_0u_w_5s._.js:1945
[  214605ms] [ERROR] ./app/faq/page.tsx:228:13
Expected '</', got 'jsx text'
  226 |           </div>
  227 |         ))}
> 228 |       </div>
      |             ^^^^^^^^^^^^^^^^^^^^^^^^^^^^^^^^^^^^^^^^^^^^^^^^^^^^^^^^^^^^^^^^^^^^^^^^^^^^^^^^
> 229 |     </motion.div>
      | ^^^^
  230 |   );
  231 | }
  232 |

Parsing ecmascript source code failed

Import traces:
  Client Component Browser:
    ./app/faq/page.tsx [Client Component Browser]
    ./app/faq/page.tsx [Server Component]

  Client Component SSR:
    ./app/faq/page.tsx [Client Component SSR]
    ./app/faq/page.tsx [Server Component] @ http://localhost:3000/_next/static/chunks/node_modules_next_dist_0u_w_5s._.js:1945
[  214668ms] [ERROR] ./app/faq/page.tsx:228:13
Expected '</', got 'jsx text'
  226 |           </div>
  227 |         ))}
> 228 |       </div>
      |             ^^^^^^^^^^^^^^^^^^^^^^^^^^^^^^^^^^^^^^^^^^^^^^^^^^^^^^^^^^^^^^^^^^^^^^^^^^^^^^^^
> 229 |     </motion.div>
      | ^^^^
  230 |   );
  231 | }
  232 |

Parsing ecmascript source code failed

Import traces:
  Client Component Browser:
    ./app/faq/page.tsx [Client Component Browser]
    ./app/faq/page.tsx [Server Component]

  Client Component SSR:
    ./app/faq/page.tsx [Client Component SSR]
    ./app/faq/page.tsx [Server Component] @ http://localhost:3000/_next/static/chunks/node_modules_next_dist_0u_w_5s._.js:1945
[  214732ms] [ERROR] ./app/faq/page.tsx:228:13
Expected '</', got 'jsx text'
  226 |           </div>
  227 |         ))}
> 228 |       </div>
      |             ^^^^^^^^^^^^^^^^^^^^^^^^^^^^^^^^^^^^^^^^^^^^^^^^^^^^^^^^^^^^^^^^^^^^^^^^^^^^^^^^
> 229 |     </motion.div>
      | ^^^^
  230 |   );
  231 | }
  232 |

Parsing ecmascript source code failed

Import traces:
  Client Component Browser:
    ./app/faq/page.tsx [Client Component Browser]
    ./app/faq/page.tsx [Server Component]

  Client Component SSR:
    ./app/faq/page.tsx [Client Component SSR]
    ./app/faq/page.tsx [Server Component] @ http://localhost:3000/_next/static/chunks/node_modules_next_dist_0u_w_5s._.js:1945
[  214794ms] [ERROR] ./app/faq/page.tsx:228:13
Expected '</', got 'jsx text'
  226 |           </div>
  227 |         ))}
> 228 |       </div>
      |             ^^^^^^^^^^^^^^^^^^^^^^^^^^^^^^^^^^^^^^^^^^^^^^^^^^^^^^^^^^^^^^^^^^^^^^^^^^^^^^^^
> 229 |     </motion.div>
      | ^^^^
  230 |   );
  231 | }
  232 |

Parsing ecmascript source code failed

Import traces:
  Client Component Browser:
    ./app/faq/page.tsx [Client Component Browser]
    ./app/faq/page.tsx [Server Component]

  Client Component SSR:
    ./app/faq/page.tsx [Client Component SSR]
    ./app/faq/page.tsx [Server Component] @ http://localhost:3000/_next/static/chunks/node_modules_next_dist_0u_w_5s._.js:1945
[  214855ms] [ERROR] ./app/faq/page.tsx:228:13
Expected '</', got 'jsx text'
  226 |           </div>
  227 |         ))}
> 228 |       </div>
      |             ^^^^^^^^^^^^^^^^^^^^^^^^^^^^^^^^^^^^^^^^^^^^^^^^^^^^^^^^^^^^^^^^^^^^^^^^^^^^^^^^
> 229 |     </motion.div>
      | ^^^^
  230 |   );
  231 | }
  232 |

Parsing ecmascript source code failed

Import traces:
  Client Component Browser:
    ./app/faq/page.tsx [Client Component Browser]
    ./app/faq/page.tsx [Server Component]

  Client Component SSR:
    ./app/faq/page.tsx [Client Component SSR]
    ./app/faq/page.tsx [Server Component] @ http://localhost:3000/_next/static/chunks/node_modules_next_dist_0u_w_5s._.js:1945
[  214920ms] [ERROR] ./app/faq/page.tsx:228:13
Expected '</', got 'jsx text'
  226 |           </div>
  227 |         ))}
> 228 |       </div>
      |             ^^^^^^^^^^^^^^^^^^^^^^^^^^^^^^^^^^^^^^^^^^^^^^^^^^^^^^^^^^^^^^^^^^^^^^^^^^^^^^^^
> 229 |     </motion.div>
      | ^^^^
  230 |   );
  231 | }
  232 |

Parsing ecmascript source code failed

Import traces:
  Client Component Browser:
    ./app/faq/page.tsx [Client Component Browser]
    ./app/faq/page.tsx [Server Component]

  Client Component SSR:
    ./app/faq/page.tsx [Client Component SSR]
    ./app/faq/page.tsx [Server Component] @ http://localhost:3000/_next/static/chunks/node_modules_next_dist_0u_w_5s._.js:1945
[  214978ms] [ERROR] ./app/faq/page.tsx:228:13
Expected '</', got 'jsx text'
  226 |           </div>
  227 |         ))}
> 228 |       </div>
      |             ^^^^^^^^^^^^^^^^^^^^^^^^^^^^^^^^^^^^^^^^^^^^^^^^^^^^^^^^^^^^^^^^^^^^^^^^^^^^^^^^
> 229 |     </motion.div>
      | ^^^^
  230 |   );
  231 | }
  232 |

Parsing ecmascript source code failed

Import traces:
  Client Component Browser:
    ./app/faq/page.tsx [Client Component Browser]
    ./app/faq/page.tsx [Server Component]

  Client Component SSR:
    ./app/faq/page.tsx [Client Component SSR]
    ./app/faq/page.tsx [Server Component] @ http://localhost:3000/_next/static/chunks/node_modules_next_dist_0u_w_5s._.js:1945
[  215039ms] [ERROR] ./app/faq/page.tsx:228:13
Expected '</', got 'jsx text'
  226 |           </div>
  227 |         ))}
> 228 |       </div>
      |             ^^^^^^^^^^^^^^^^^^^^^^^^^^^^^^^^^^^^^^^^^^^^^^^^^^^^^^^^^^^^^^^^^^^^^^^^^^^^^^^^
> 229 |     </motion.div>
      | ^^^^
  230 |   );
  231 | }
  232 |

Parsing ecmascript source code failed

Import traces:
  Client Component Browser:
    ./app/faq/page.tsx [Client Component Browser]
    ./app/faq/page.tsx [Server Component]

  Client Component SSR:
    ./app/faq/page.tsx [Client Component SSR]
    ./app/faq/page.tsx [Server Component] @ http://localhost:3000/_next/static/chunks/node_modules_next_dist_0u_w_5s._.js:1945
[  215102ms] [ERROR] ./app/faq/page.tsx:228:13
Expected '</', got 'jsx text'
  226 |           </div>
  227 |         ))}
> 228 |       </div>
      |             ^^^^^^^^^^^^^^^^^^^^^^^^^^^^^^^^^^^^^^^^^^^^^^^^^^^^^^^^^^^^^^^^^^^^^^^^^^^^^^^^
> 229 |     </motion.div>
      | ^^^^
  230 |   );
  231 | }
  232 |

Parsing ecmascript source code failed

Import traces:
  Client Component Browser:
    ./app/faq/page.tsx [Client Component Browser]
    ./app/faq/page.tsx [Server Component]

  Client Component SSR:
    ./app/faq/page.tsx [Client Component SSR]
    ./app/faq/page.tsx [Server Component] @ http://localhost:3000/_next/static/chunks/node_modules_next_dist_0u_w_5s._.js:1945
[  215165ms] [ERROR] ./app/faq/page.tsx:228:13
Expected '</', got 'jsx text'
  226 |           </div>
  227 |         ))}
> 228 |       </div>
      |             ^^^^^^^^^^^^^^^^^^^^^^^^^^^^^^^^^^^^^^^^^^^^^^^^^^^^^^^^^^^^^^^^^^^^^^^^^^^^^^^^
> 229 |     </motion.div>
      | ^^^^
  230 |   );
  231 | }
  232 |

Parsing ecmascript source code failed

Import traces:
  Client Component Browser:
    ./app/faq/page.tsx [Client Component Browser]
    ./app/faq/page.tsx [Server Component]

  Client Component SSR:
    ./app/faq/page.tsx [Client Component SSR]
    ./app/faq/page.tsx [Server Component] @ http://localhost:3000/_next/static/chunks/node_modules_next_dist_0u_w_5s._.js:1945
[  215225ms] [ERROR] ./app/faq/page.tsx:228:13
Expected '</', got 'jsx text'
  226 |           </div>
  227 |         ))}
> 228 |       </div>
      |             ^^^^^^^^^^^^^^^^^^^^^^^^^^^^^^^^^^^^^^^^^^^^^^^^^^^^^^^^^^^^^^^^^^^^^^^^^^^^^^^^
> 229 |     </motion.div>
      | ^^^^
  230 |   );
  231 | }
  232 |

Parsing ecmascript source code failed

Import traces:
  Client Component Browser:
    ./app/faq/page.tsx [Client Component Browser]
    ./app/faq/page.tsx [Server Component]

  Client Component SSR:
    ./app/faq/page.tsx [Client Component SSR]
    ./app/faq/page.tsx [Server Component] @ http://localhost:3000/_next/static/chunks/node_modules_next_dist_0u_w_5s._.js:1945
[  215287ms] [ERROR] ./app/faq/page.tsx:228:13
Expected '</', got 'jsx text'
  226 |           </div>
  227 |         ))}
> 228 |       </div>
      |             ^^^^^^^^^^^^^^^^^^^^^^^^^^^^^^^^^^^^^^^^^^^^^^^^^^^^^^^^^^^^^^^^^^^^^^^^^^^^^^^^
> 229 |     </motion.div>
      | ^^^^
  230 |   );
  231 | }
  232 |

Parsing ecmascript source code failed

Import traces:
  Client Component Browser:
    ./app/faq/page.tsx [Client Component Browser]
    ./app/faq/page.tsx [Server Component]

  Client Component SSR:
    ./app/faq/page.tsx [Client Component SSR]
    ./app/faq/page.tsx [Server Component] @ http://localhost:3000/_next/static/chunks/node_modules_next_dist_0u_w_5s._.js:1945
[  215349ms] [ERROR] ./app/faq/page.tsx:228:13
Expected '</', got 'jsx text'
  226 |           </div>
  227 |         ))}
> 228 |       </div>
      |             ^^^^^^^^^^^^^^^^^^^^^^^^^^^^^^^^^^^^^^^^^^^^^^^^^^^^^^^^^^^^^^^^^^^^^^^^^^^^^^^^
> 229 |     </motion.div>
      | ^^^^
  230 |   );
  231 | }
  232 |

Parsing ecmascript source code failed

Import traces:
  Client Component Browser:
    ./app/faq/page.tsx [Client Component Browser]
    ./app/faq/page.tsx [Server Component]

  Client Component SSR:
    ./app/faq/page.tsx [Client Component SSR]
    ./app/faq/page.tsx [Server Component] @ http://localhost:3000/_next/static/chunks/node_modules_next_dist_0u_w_5s._.js:1945
[  215411ms] [ERROR] ./app/faq/page.tsx:228:13
Expected '</', got 'jsx text'
  226 |           </div>
  227 |         ))}
> 228 |       </div>
      |             ^^^^^^^^^^^^^^^^^^^^^^^^^^^^^^^^^^^^^^^^^^^^^^^^^^^^^^^^^^^^^^^^^^^^^^^^^^^^^^^^
> 229 |     </motion.div>
      | ^^^^
  230 |   );
  231 | }
  232 |

Parsing ecmascript source code failed

Import traces:
  Client Component Browser:
    ./app/faq/page.tsx [Client Component Browser]
    ./app/faq/page.tsx [Server Component]

  Client Component SSR:
    ./app/faq/page.tsx [Client Component SSR]
    ./app/faq/page.tsx [Server Component] @ http://localhost:3000/_next/static/chunks/node_modules_next_dist_0u_w_5s._.js:1945
[  215472ms] [ERROR] ./app/faq/page.tsx:228:13
Expected '</', got 'jsx text'
  226 |           </div>
  227 |         ))}
> 228 |       </div>
      |             ^^^^^^^^^^^^^^^^^^^^^^^^^^^^^^^^^^^^^^^^^^^^^^^^^^^^^^^^^^^^^^^^^^^^^^^^^^^^^^^^
> 229 |     </motion.div>
      | ^^^^
  230 |   );
  231 | }
  232 |

Parsing ecmascript source code failed

Import traces:
  Client Component Browser:
    ./app/faq/page.tsx [Client Component Browser]
    ./app/faq/page.tsx [Server Component]

  Client Component SSR:
    ./app/faq/page.tsx [Client Component SSR]
    ./app/faq/page.tsx [Server Component] @ http://localhost:3000/_next/static/chunks/node_modules_next_dist_0u_w_5s._.js:1945
[  215534ms] [ERROR] ./app/faq/page.tsx:228:13
Expected '</', got 'jsx text'
  226 |           </div>
  227 |         ))}
> 228 |       </div>
      |             ^^^^^^^^^^^^^^^^^^^^^^^^^^^^^^^^^^^^^^^^^^^^^^^^^^^^^^^^^^^^^^^^^^^^^^^^^^^^^^^^
> 229 |     </motion.div>
      | ^^^^
  230 |   );
  231 | }
  232 |

Parsing ecmascript source code failed

Import traces:
  Client Component Browser:
    ./app/faq/page.tsx [Client Component Browser]
    ./app/faq/page.tsx [Server Component]

  Client Component SSR:
    ./app/faq/page.tsx [Client Component SSR]
    ./app/faq/page.tsx [Server Component] @ http://localhost:3000/_next/static/chunks/node_modules_next_dist_0u_w_5s._.js:1945
[  215596ms] [ERROR] ./app/faq/page.tsx:228:13
Expected '</', got 'jsx text'
  226 |           </div>
  227 |         ))}
> 228 |       </div>
      |             ^^^^^^^^^^^^^^^^^^^^^^^^^^^^^^^^^^^^^^^^^^^^^^^^^^^^^^^^^^^^^^^^^^^^^^^^^^^^^^^^
> 229 |     </motion.div>
      | ^^^^
  230 |   );
  231 | }
  232 |

Parsing ecmascript source code failed

Import traces:
  Client Component Browser:
    ./app/faq/page.tsx [Client Component Browser]
    ./app/faq/page.tsx [Server Component]

  Client Component SSR:
    ./app/faq/page.tsx [Client Component SSR]
    ./app/faq/page.tsx [Server Component] @ http://localhost:3000/_next/static/chunks/node_modules_next_dist_0u_w_5s._.js:1945
[  215658ms] [ERROR] ./app/faq/page.tsx:228:13
Expected '</', got 'jsx text'
  226 |           </div>
  227 |         ))}
> 228 |       </div>
      |             ^^^^^^^^^^^^^^^^^^^^^^^^^^^^^^^^^^^^^^^^^^^^^^^^^^^^^^^^^^^^^^^^^^^^^^^^^^^^^^^^
> 229 |     </motion.div>
      | ^^^^
  230 |   );
  231 | }
  232 |

Parsing ecmascript source code failed

Import traces:
  Client Component Browser:
    ./app/faq/page.tsx [Client Component Browser]
    ./app/faq/page.tsx [Server Component]

  Client Component SSR:
    ./app/faq/page.tsx [Client Component SSR]
    ./app/faq/page.tsx [Server Component] @ http://localhost:3000/_next/static/chunks/node_modules_next_dist_0u_w_5s._.js:1945
[  215721ms] [ERROR] ./app/faq/page.tsx:228:13
Expected '</', got 'jsx text'
  226 |           </div>
  227 |         ))}
> 228 |       </div>
      |             ^^^^^^^^^^^^^^^^^^^^^^^^^^^^^^^^^^^^^^^^^^^^^^^^^^^^^^^^^^^^^^^^^^^^^^^^^^^^^^^^
> 229 |     </motion.div>
      | ^^^^
  230 |   );
  231 | }
  232 |

Parsing ecmascript source code failed

Import traces:
  Client Component Browser:
    ./app/faq/page.tsx [Client Component Browser]
    ./app/faq/page.tsx [Server Component]

  Client Component SSR:
    ./app/faq/page.tsx [Client Component SSR]
    ./app/faq/page.tsx [Server Component] @ http://localhost:3000/_next/static/chunks/node_modules_next_dist_0u_w_5s._.js:1945
[  215786ms] [ERROR] ./app/faq/page.tsx:228:13
Expected '</', got 'jsx text'
  226 |           </div>
  227 |         ))}
> 228 |       </div>
      |             ^^^^^^^^^^^^^^^^^^^^^^^^^^^^^^^^^^^^^^^^^^^^^^^^^^^^^^^^^^^^^^^^^^^^^^^^^^^^^^^^
> 229 |     </motion.div>
      | ^^^^
  230 |   );
  231 | }
  232 |

Parsing ecmascript source code failed

Import traces:
  Client Component Browser:
    ./app/faq/page.tsx [Client Component Browser]
    ./app/faq/page.tsx [Server Component]

  Client Component SSR:
    ./app/faq/page.tsx [Client Component SSR]
    ./app/faq/page.tsx [Server Component] @ http://localhost:3000/_next/static/chunks/node_modules_next_dist_0u_w_5s._.js:1945
[  215846ms] [ERROR] ./app/faq/page.tsx:228:13
Expected '</', got 'jsx text'
  226 |           </div>
  227 |         ))}
> 228 |       </div>
      |             ^^^^^^^^^^^^^^^^^^^^^^^^^^^^^^^^^^^^^^^^^^^^^^^^^^^^^^^^^^^^^^^^^^^^^^^^^^^^^^^^
> 229 |     </motion.div>
      | ^^^^
  230 |   );
  231 | }
  232 |

Parsing ecmascript source code failed

Import traces:
  Client Component Browser:
    ./app/faq/page.tsx [Client Component Browser]
    ./app/faq/page.tsx [Server Component]

  Client Component SSR:
    ./app/faq/page.tsx [Client Component SSR]
    ./app/faq/page.tsx [Server Component] @ http://localhost:3000/_next/static/chunks/node_modules_next_dist_0u_w_5s._.js:1945
[  215908ms] [ERROR] ./app/faq/page.tsx:228:13
Expected '</', got 'jsx text'
  226 |           </div>
  227 |         ))}
> 228 |       </div>
      |             ^^^^^^^^^^^^^^^^^^^^^^^^^^^^^^^^^^^^^^^^^^^^^^^^^^^^^^^^^^^^^^^^^^^^^^^^^^^^^^^^
> 229 |     </motion.div>
      | ^^^^
  230 |   );
  231 | }
  232 |

Parsing ecmascript source code failed

Import traces:
  Client Component Browser:
    ./app/faq/page.tsx [Client Component Browser]
    ./app/faq/page.tsx [Server Component]

  Client Component SSR:
    ./app/faq/page.tsx [Client Component SSR]
    ./app/faq/page.tsx [Server Component] @ http://localhost:3000/_next/static/chunks/node_modules_next_dist_0u_w_5s._.js:1945
[  215970ms] [ERROR] ./app/faq/page.tsx:228:13
Expected '</', got 'jsx text'
  226 |           </div>
  227 |         ))}
> 228 |       </div>
      |             ^^^^^^^^^^^^^^^^^^^^^^^^^^^^^^^^^^^^^^^^^^^^^^^^^^^^^^^^^^^^^^^^^^^^^^^^^^^^^^^^
> 229 |     </motion.div>
      | ^^^^
  230 |   );
  231 | }
  232 |

Parsing ecmascript source code failed

Import traces:
  Client Component Browser:
    ./app/faq/page.tsx [Client Component Browser]
    ./app/faq/page.tsx [Server Component]

  Client Component SSR:
    ./app/faq/page.tsx [Client Component SSR]
    ./app/faq/page.tsx [Server Component] @ http://localhost:3000/_next/static/chunks/node_modules_next_dist_0u_w_5s._.js:1945
[  216033ms] [ERROR] ./app/faq/page.tsx:228:13
Expected '</', got 'jsx text'
  226 |           </div>
  227 |         ))}
> 228 |       </div>
      |             ^^^^^^^^^^^^^^^^^^^^^^^^^^^^^^^^^^^^^^^^^^^^^^^^^^^^^^^^^^^^^^^^^^^^^^^^^^^^^^^^
> 229 |     </motion.div>
      | ^^^^
  230 |   );
  231 | }
  232 |

Parsing ecmascript source code failed

Import traces:
  Client Component Browser:
    ./app/faq/page.tsx [Client Component Browser]
    ./app/faq/page.tsx [Server Component]

  Client Component SSR:
    ./app/faq/page.tsx [Client Component SSR]
    ./app/faq/page.tsx [Server Component] @ http://localhost:3000/_next/static/chunks/node_modules_next_dist_0u_w_5s._.js:1945
[  216089ms] [ERROR] ./app/faq/page.tsx:228:13
Expected '</', got 'jsx text'
  226 |           </div>
  227 |         ))}
> 228 |       </div>
      |             ^^^^^^^^^^^^^^^^^^^^^^^^^^^^^^^^^^^^^^^^^^^^^^^^^^^^^^^^^^^^^^^^^^^^^^^^^^^^^^^^
> 229 |     </motion.div>
      | ^^^^
  230 |   );
  231 | }
  232 |

Parsing ecmascript source code failed

Import traces:
  Client Component Browser:
    ./app/faq/page.tsx [Client Component Browser]
    ./app/faq/page.tsx [Server Component]

  Client Component SSR:
    ./app/faq/page.tsx [Client Component SSR]
    ./app/faq/page.tsx [Server Component] @ http://localhost:3000/_next/static/chunks/node_modules_next_dist_0u_w_5s._.js:1945
[  216150ms] [ERROR] ./app/faq/page.tsx:228:13
Expected '</', got 'jsx text'
  226 |           </div>
  227 |         ))}
> 228 |       </div>
      |             ^^^^^^^^^^^^^^^^^^^^^^^^^^^^^^^^^^^^^^^^^^^^^^^^^^^^^^^^^^^^^^^^^^^^^^^^^^^^^^^^
> 229 |     </motion.div>
      | ^^^^
  230 |   );
  231 | }
  232 |

Parsing ecmascript source code failed

Import traces:
  Client Component Browser:
    ./app/faq/page.tsx [Client Component Browser]
    ./app/faq/page.tsx [Server Component]

  Client Component SSR:
    ./app/faq/page.tsx [Client Component SSR]
    ./app/faq/page.tsx [Server Component] @ http://localhost:3000/_next/static/chunks/node_modules_next_dist_0u_w_5s._.js:1945
[  216211ms] [ERROR] ./app/faq/page.tsx:228:13
Expected '</', got 'jsx text'
  226 |           </div>
  227 |         ))}
> 228 |       </div>
      |             ^^^^^^^^^^^^^^^^^^^^^^^^^^^^^^^^^^^^^^^^^^^^^^^^^^^^^^^^^^^^^^^^^^^^^^^^^^^^^^^^
> 229 |     </motion.div>
      | ^^^^
  230 |   );
  231 | }
  232 |

Parsing ecmascript source code failed

Import traces:
  Client Component Browser:
    ./app/faq/page.tsx [Client Component Browser]
    ./app/faq/page.tsx [Server Component]

  Client Component SSR:
    ./app/faq/page.tsx [Client Component SSR]
    ./app/faq/page.tsx [Server Component] @ http://localhost:3000/_next/static/chunks/node_modules_next_dist_0u_w_5s._.js:1945
[  216271ms] [ERROR] ./app/faq/page.tsx:228:13
Expected '</', got 'jsx text'
  226 |           </div>
  227 |         ))}
> 228 |       </div>
      |             ^^^^^^^^^^^^^^^^^^^^^^^^^^^^^^^^^^^^^^^^^^^^^^^^^^^^^^^^^^^^^^^^^^^^^^^^^^^^^^^^
> 229 |     </motion.div>
      | ^^^^
  230 |   );
  231 | }
  232 |

Parsing ecmascript source code failed

Import traces:
  Client Component Browser:
    ./app/faq/page.tsx [Client Component Browser]
    ./app/faq/page.tsx [Server Component]

  Client Component SSR:
    ./app/faq/page.tsx [Client Component SSR]
    ./app/faq/page.tsx [Server Component] @ http://localhost:3000/_next/static/chunks/node_modules_next_dist_0u_w_5s._.js:1945
[  216331ms] [ERROR] ./app/faq/page.tsx:228:13
Expected '</', got 'jsx text'
  226 |           </div>
  227 |         ))}
> 228 |       </div>
      |             ^^^^^^^^^^^^^^^^^^^^^^^^^^^^^^^^^^^^^^^^^^^^^^^^^^^^^^^^^^^^^^^^^^^^^^^^^^^^^^^^
> 229 |     </motion.div>
      | ^^^^
  230 |   );
  231 | }
  232 |

Parsing ecmascript source code failed

Import traces:
  Client Component Browser:
    ./app/faq/page.tsx [Client Component Browser]
    ./app/faq/page.tsx [Server Component]

  Client Component SSR:
    ./app/faq/page.tsx [Client Component SSR]
    ./app/faq/page.tsx [Server Component] @ http://localhost:3000/_next/static/chunks/node_modules_next_dist_0u_w_5s._.js:1945
[  216393ms] [ERROR] ./app/faq/page.tsx:228:13
Expected '</', got 'jsx text'
  226 |           </div>
  227 |         ))}
> 228 |       </div>
      |             ^^^^^^^^^^^^^^^^^^^^^^^^^^^^^^^^^^^^^^^^^^^^^^^^^^^^^^^^^^^^^^^^^^^^^^^^^^^^^^^^
> 229 |     </motion.div>
      | ^^^^
  230 |   );
  231 | }
  232 |

Parsing ecmascript source code failed

Import traces:
  Client Component Browser:
    ./app/faq/page.tsx [Client Component Browser]
    ./app/faq/page.tsx [Server Component]

  Client Component SSR:
    ./app/faq/page.tsx [Client Component SSR]
    ./app/faq/page.tsx [Server Component] @ http://localhost:3000/_next/static/chunks/node_modules_next_dist_0u_w_5s._.js:1945
[  216457ms] [ERROR] ./app/faq/page.tsx:228:13
Expected '</', got 'jsx text'
  226 |           </div>
  227 |         ))}
> 228 |       </div>
      |             ^^^^^^^^^^^^^^^^^^^^^^^^^^^^^^^^^^^^^^^^^^^^^^^^^^^^^^^^^^^^^^^^^^^^^^^^^^^^^^^^
> 229 |     </motion.div>
      | ^^^^
  230 |   );
  231 | }
  232 |

Parsing ecmascript source code failed

Import traces:
  Client Component Browser:
    ./app/faq/page.tsx [Client Component Browser]
    ./app/faq/page.tsx [Server Component]

  Client Component SSR:
    ./app/faq/page.tsx [Client Component SSR]
    ./app/faq/page.tsx [Server Component] @ http://localhost:3000/_next/static/chunks/node_modules_next_dist_0u_w_5s._.js:1945
[  216518ms] [ERROR] ./app/faq/page.tsx:228:13
Expected '</', got 'jsx text'
  226 |           </div>
  227 |         ))}
> 228 |       </div>
      |             ^^^^^^^^^^^^^^^^^^^^^^^^^^^^^^^^^^^^^^^^^^^^^^^^^^^^^^^^^^^^^^^^^^^^^^^^^^^^^^^^
> 229 |     </motion.div>
      | ^^^^
  230 |   );
  231 | }
  232 |

Parsing ecmascript source code failed

Import traces:
  Client Component Browser:
    ./app/faq/page.tsx [Client Component Browser]
    ./app/faq/page.tsx [Server Component]

  Client Component SSR:
    ./app/faq/page.tsx [Client Component SSR]
    ./app/faq/page.tsx [Server Component] @ http://localhost:3000/_next/static/chunks/node_modules_next_dist_0u_w_5s._.js:1945
[  216578ms] [ERROR] ./app/faq/page.tsx:228:13
Expected '</', got 'jsx text'
  226 |           </div>
  227 |         ))}
> 228 |       </div>
      |             ^^^^^^^^^^^^^^^^^^^^^^^^^^^^^^^^^^^^^^^^^^^^^^^^^^^^^^^^^^^^^^^^^^^^^^^^^^^^^^^^
> 229 |     </motion.div>
      | ^^^^
  230 |   );
  231 | }
  232 |

Parsing ecmascript source code failed

Import traces:
  Client Component Browser:
    ./app/faq/page.tsx [Client Component Browser]
    ./app/faq/page.tsx [Server Component]

  Client Component SSR:
    ./app/faq/page.tsx [Client Component SSR]
    ./app/faq/page.tsx [Server Component] @ http://localhost:3000/_next/static/chunks/node_modules_next_dist_0u_w_5s._.js:1945
[  216640ms] [ERROR] ./app/faq/page.tsx:228:13
Expected '</', got 'jsx text'
  226 |           </div>
  227 |         ))}
> 228 |       </div>
      |             ^^^^^^^^^^^^^^^^^^^^^^^^^^^^^^^^^^^^^^^^^^^^^^^^^^^^^^^^^^^^^^^^^^^^^^^^^^^^^^^^
> 229 |     </motion.div>
      | ^^^^
  230 |   );
  231 | }
  232 |

Parsing ecmascript source code failed

Import traces:
  Client Component Browser:
    ./app/faq/page.tsx [Client Component Browser]
    ./app/faq/page.tsx [Server Component]

  Client Component SSR:
    ./app/faq/page.tsx [Client Component SSR]
    ./app/faq/page.tsx [Server Component] @ http://localhost:3000/_next/static/chunks/node_modules_next_dist_0u_w_5s._.js:1945
[  216697ms] [ERROR] ./app/faq/page.tsx:228:13
Expected '</', got 'jsx text'
  226 |           </div>
  227 |         ))}
> 228 |       </div>
      |             ^^^^^^^^^^^^^^^^^^^^^^^^^^^^^^^^^^^^^^^^^^^^^^^^^^^^^^^^^^^^^^^^^^^^^^^^^^^^^^^^
> 229 |     </motion.div>
      | ^^^^
  230 |   );
  231 | }
  232 |

Parsing ecmascript source code failed

Import traces:
  Client Component Browser:
    ./app/faq/page.tsx [Client Component Browser]
    ./app/faq/page.tsx [Server Component]

  Client Component SSR:
    ./app/faq/page.tsx [Client Component SSR]
    ./app/faq/page.tsx [Server Component] @ http://localhost:3000/_next/static/chunks/node_modules_next_dist_0u_w_5s._.js:1945
[  216760ms] [ERROR] ./app/faq/page.tsx:228:13
Expected '</', got 'jsx text'
  226 |           </div>
  227 |         ))}
> 228 |       </div>
      |             ^^^^^^^^^^^^^^^^^^^^^^^^^^^^^^^^^^^^^^^^^^^^^^^^^^^^^^^^^^^^^^^^^^^^^^^^^^^^^^^^
> 229 |     </motion.div>
      | ^^^^
  230 |   );
  231 | }
  232 |

Parsing ecmascript source code failed

Import traces:
  Client Component Browser:
    ./app/faq/page.tsx [Client Component Browser]
    ./app/faq/page.tsx [Server Component]

  Client Component SSR:
    ./app/faq/page.tsx [Client Component SSR]
    ./app/faq/page.tsx [Server Component] @ http://localhost:3000/_next/static/chunks/node_modules_next_dist_0u_w_5s._.js:1945
[  216823ms] [ERROR] ./app/faq/page.tsx:228:13
Expected '</', got 'jsx text'
  226 |           </div>
  227 |         ))}
> 228 |       </div>
      |             ^^^^^^^^^^^^^^^^^^^^^^^^^^^^^^^^^^^^^^^^^^^^^^^^^^^^^^^^^^^^^^^^^^^^^^^^^^^^^^^^
> 229 |     </motion.div>
      | ^^^^
  230 |   );
  231 | }
  232 |

Parsing ecmascript source code failed

Import traces:
  Client Component Browser:
    ./app/faq/page.tsx [Client Component Browser]
    ./app/faq/page.tsx [Server Component]

  Client Component SSR:
    ./app/faq/page.tsx [Client Component SSR]
    ./app/faq/page.tsx [Server Component] @ http://localhost:3000/_next/static/chunks/node_modules_next_dist_0u_w_5s._.js:1945
[  216886ms] [ERROR] ./app/faq/page.tsx:228:13
Expected '</', got 'jsx text'
  226 |           </div>
  227 |         ))}
> 228 |       </div>
      |             ^^^^^^^^^^^^^^^^^^^^^^^^^^^^^^^^^^^^^^^^^^^^^^^^^^^^^^^^^^^^^^^^^^^^^^^^^^^^^^^^
> 229 |     </motion.div>
      | ^^^^
  230 |   );
  231 | }
  232 |

Parsing ecmascript source code failed

Import traces:
  Client Component Browser:
    ./app/faq/page.tsx [Client Component Browser]
    ./app/faq/page.tsx [Server Component]

  Client Component SSR:
    ./app/faq/page.tsx [Client Component SSR]
    ./app/faq/page.tsx [Server Component] @ http://localhost:3000/_next/static/chunks/node_modules_next_dist_0u_w_5s._.js:1945
[  216946ms] [ERROR] ./app/faq/page.tsx:228:13
Expected '</', got 'jsx text'
  226 |           </div>
  227 |         ))}
> 228 |       </div>
      |             ^^^^^^^^^^^^^^^^^^^^^^^^^^^^^^^^^^^^^^^^^^^^^^^^^^^^^^^^^^^^^^^^^^^^^^^^^^^^^^^^
> 229 |     </motion.div>
      | ^^^^
  230 |   );
  231 | }
  232 |

Parsing ecmascript source code failed

Import traces:
  Client Component Browser:
    ./app/faq/page.tsx [Client Component Browser]
    ./app/faq/page.tsx [Server Component]

  Client Component SSR:
    ./app/faq/page.tsx [Client Component SSR]
    ./app/faq/page.tsx [Server Component] @ http://localhost:3000/_next/static/chunks/node_modules_next_dist_0u_w_5s._.js:1945
[  217009ms] [ERROR] ./app/faq/page.tsx:228:13
Expected '</', got 'jsx text'
  226 |           </div>
  227 |         ))}
> 228 |       </div>
      |             ^^^^^^^^^^^^^^^^^^^^^^^^^^^^^^^^^^^^^^^^^^^^^^^^^^^^^^^^^^^^^^^^^^^^^^^^^^^^^^^^
> 229 |     </motion.div>
      | ^^^^
  230 |   );
  231 | }
  232 |

Parsing ecmascript source code failed

Import traces:
  Client Component Browser:
    ./app/faq/page.tsx [Client Component Browser]
    ./app/faq/page.tsx [Server Component]

  Client Component SSR:
    ./app/faq/page.tsx [Client Component SSR]
    ./app/faq/page.tsx [Server Component] @ http://localhost:3000/_next/static/chunks/node_modules_next_dist_0u_w_5s._.js:1945
[  217072ms] [ERROR] ./app/faq/page.tsx:228:13
Expected '</', got 'jsx text'
  226 |           </div>
  227 |         ))}
> 228 |       </div>
      |             ^^^^^^^^^^^^^^^^^^^^^^^^^^^^^^^^^^^^^^^^^^^^^^^^^^^^^^^^^^^^^^^^^^^^^^^^^^^^^^^^
> 229 |     </motion.div>
      | ^^^^
  230 |   );
  231 | }
  232 |

Parsing ecmascript source code failed

Import traces:
  Client Component Browser:
    ./app/faq/page.tsx [Client Component Browser]
    ./app/faq/page.tsx [Server Component]

  Client Component SSR:
    ./app/faq/page.tsx [Client Component SSR]
    ./app/faq/page.tsx [Server Component] @ http://localhost:3000/_next/static/chunks/node_modules_next_dist_0u_w_5s._.js:1945
[  217132ms] [ERROR] ./app/faq/page.tsx:228:13
Expected '</', got 'jsx text'
  226 |           </div>
  227 |         ))}
> 228 |       </div>
      |             ^^^^^^^^^^^^^^^^^^^^^^^^^^^^^^^^^^^^^^^^^^^^^^^^^^^^^^^^^^^^^^^^^^^^^^^^^^^^^^^^
> 229 |     </motion.div>
      | ^^^^
  230 |   );
  231 | }
  232 |

Parsing ecmascript source code failed

Import traces:
  Client Component Browser:
    ./app/faq/page.tsx [Client Component Browser]
    ./app/faq/page.tsx [Server Component]

  Client Component SSR:
    ./app/faq/page.tsx [Client Component SSR]
    ./app/faq/page.tsx [Server Component] @ http://localhost:3000/_next/static/chunks/node_modules_next_dist_0u_w_5s._.js:1945
[  217192ms] [ERROR] ./app/faq/page.tsx:228:13
Expected '</', got 'jsx text'
  226 |           </div>
  227 |         ))}
> 228 |       </div>
      |             ^^^^^^^^^^^^^^^^^^^^^^^^^^^^^^^^^^^^^^^^^^^^^^^^^^^^^^^^^^^^^^^^^^^^^^^^^^^^^^^^
> 229 |     </motion.div>
      | ^^^^
  230 |   );
  231 | }
  232 |

Parsing ecmascript source code failed

Import traces:
  Client Component Browser:
    ./app/faq/page.tsx [Client Component Browser]
    ./app/faq/page.tsx [Server Component]

  Client Component SSR:
    ./app/faq/page.tsx [Client Component SSR]
    ./app/faq/page.tsx [Server Component] @ http://localhost:3000/_next/static/chunks/node_modules_next_dist_0u_w_5s._.js:1945
[  217256ms] [ERROR] ./app/faq/page.tsx:228:13
Expected '</', got 'jsx text'
  226 |           </div>
  227 |         ))}
> 228 |       </div>
      |             ^^^^^^^^^^^^^^^^^^^^^^^^^^^^^^^^^^^^^^^^^^^^^^^^^^^^^^^^^^^^^^^^^^^^^^^^^^^^^^^^
> 229 |     </motion.div>
      | ^^^^
  230 |   );
  231 | }
  232 |

Parsing ecmascript source code failed

Import traces:
  Client Component Browser:
    ./app/faq/page.tsx [Client Component Browser]
    ./app/faq/page.tsx [Server Component]

  Client Component SSR:
    ./app/faq/page.tsx [Client Component SSR]
    ./app/faq/page.tsx [Server Component] @ http://localhost:3000/_next/static/chunks/node_modules_next_dist_0u_w_5s._.js:1945
[  217318ms] [ERROR] ./app/faq/page.tsx:228:13
Expected '</', got 'jsx text'
  226 |           </div>
  227 |         ))}
> 228 |       </div>
      |             ^^^^^^^^^^^^^^^^^^^^^^^^^^^^^^^^^^^^^^^^^^^^^^^^^^^^^^^^^^^^^^^^^^^^^^^^^^^^^^^^
> 229 |     </motion.div>
      | ^^^^
  230 |   );
  231 | }
  232 |

Parsing ecmascript source code failed

Import traces:
  Client Component Browser:
    ./app/faq/page.tsx [Client Component Browser]
    ./app/faq/page.tsx [Server Component]

  Client Component SSR:
    ./app/faq/page.tsx [Client Component SSR]
    ./app/faq/page.tsx [Server Component] @ http://localhost:3000/_next/static/chunks/node_modules_next_dist_0u_w_5s._.js:1945
[  217377ms] [ERROR] ./app/faq/page.tsx:228:13
Expected '</', got 'jsx text'
  226 |           </div>
  227 |         ))}
> 228 |       </div>
      |             ^^^^^^^^^^^^^^^^^^^^^^^^^^^^^^^^^^^^^^^^^^^^^^^^^^^^^^^^^^^^^^^^^^^^^^^^^^^^^^^^
> 229 |     </motion.div>
      | ^^^^
  230 |   );
  231 | }
  232 |

Parsing ecmascript source code failed

Import traces:
  Client Component Browser:
    ./app/faq/page.tsx [Client Component Browser]
    ./app/faq/page.tsx [Server Component]

  Client Component SSR:
    ./app/faq/page.tsx [Client Component SSR]
    ./app/faq/page.tsx [Server Component] @ http://localhost:3000/_next/static/chunks/node_modules_next_dist_0u_w_5s._.js:1945
[  217437ms] [ERROR] ./app/faq/page.tsx:228:13
Expected '</', got 'jsx text'
  226 |           </div>
  227 |         ))}
> 228 |       </div>
      |             ^^^^^^^^^^^^^^^^^^^^^^^^^^^^^^^^^^^^^^^^^^^^^^^^^^^^^^^^^^^^^^^^^^^^^^^^^^^^^^^^
> 229 |     </motion.div>
      | ^^^^
  230 |   );
  231 | }
  232 |

Parsing ecmascript source code failed

Import traces:
  Client Component Browser:
    ./app/faq/page.tsx [Client Component Browser]
    ./app/faq/page.tsx [Server Component]

  Client Component SSR:
    ./app/faq/page.tsx [Client Component SSR]
    ./app/faq/page.tsx [Server Component] @ http://localhost:3000/_next/static/chunks/node_modules_next_dist_0u_w_5s._.js:1945
[  217502ms] [ERROR] ./app/faq/page.tsx:228:13
Expected '</', got 'jsx text'
  226 |           </div>
  227 |         ))}
> 228 |       </div>
      |             ^^^^^^^^^^^^^^^^^^^^^^^^^^^^^^^^^^^^^^^^^^^^^^^^^^^^^^^^^^^^^^^^^^^^^^^^^^^^^^^^
> 229 |     </motion.div>
      | ^^^^
  230 |   );
  231 | }
  232 |

Parsing ecmascript source code failed

Import traces:
  Client Component Browser:
    ./app/faq/page.tsx [Client Component Browser]
    ./app/faq/page.tsx [Server Component]

  Client Component SSR:
    ./app/faq/page.tsx [Client Component SSR]
    ./app/faq/page.tsx [Server Component] @ http://localhost:3000/_next/static/chunks/node_modules_next_dist_0u_w_5s._.js:1945
[  217565ms] [ERROR] ./app/faq/page.tsx:228:13
Expected '</', got 'jsx text'
  226 |           </div>
  227 |         ))}
> 228 |       </div>
      |             ^^^^^^^^^^^^^^^^^^^^^^^^^^^^^^^^^^^^^^^^^^^^^^^^^^^^^^^^^^^^^^^^^^^^^^^^^^^^^^^^
> 229 |     </motion.div>
      | ^^^^
  230 |   );
  231 | }
  232 |

Parsing ecmascript source code failed

Import traces:
  Client Component Browser:
    ./app/faq/page.tsx [Client Component Browser]
    ./app/faq/page.tsx [Server Component]

  Client Component SSR:
    ./app/faq/page.tsx [Client Component SSR]
    ./app/faq/page.tsx [Server Component] @ http://localhost:3000/_next/static/chunks/node_modules_next_dist_0u_w_5s._.js:1945
[  217627ms] [ERROR] ./app/faq/page.tsx:228:13
Expected '</', got 'jsx text'
  226 |           </div>
  227 |         ))}
> 228 |       </div>
      |             ^^^^^^^^^^^^^^^^^^^^^^^^^^^^^^^^^^^^^^^^^^^^^^^^^^^^^^^^^^^^^^^^^^^^^^^^^^^^^^^^
> 229 |     </motion.div>
      | ^^^^
  230 |   );
  231 | }
  232 |

Parsing ecmascript source code failed

Import traces:
  Client Component Browser:
    ./app/faq/page.tsx [Client Component Browser]
    ./app/faq/page.tsx [Server Component]

  Client Component SSR:
    ./app/faq/page.tsx [Client Component SSR]
    ./app/faq/page.tsx [Server Component] @ http://localhost:3000/_next/static/chunks/node_modules_next_dist_0u_w_5s._.js:1945
[  217689ms] [ERROR] ./app/faq/page.tsx:228:13
Expected '</', got 'jsx text'
  226 |           </div>
  227 |         ))}
> 228 |       </div>
      |             ^^^^^^^^^^^^^^^^^^^^^^^^^^^^^^^^^^^^^^^^^^^^^^^^^^^^^^^^^^^^^^^^^^^^^^^^^^^^^^^^
> 229 |     </motion.div>
      | ^^^^
  230 |   );
  231 | }
  232 |

Parsing ecmascript source code failed

Import traces:
  Client Component Browser:
    ./app/faq/page.tsx [Client Component Browser]
    ./app/faq/page.tsx [Server Component]

  Client Component SSR:
    ./app/faq/page.tsx [Client Component SSR]
    ./app/faq/page.tsx [Server Component] @ http://localhost:3000/_next/static/chunks/node_modules_next_dist_0u_w_5s._.js:1945
[  217754ms] [ERROR] ./app/faq/page.tsx:228:13
Expected '</', got 'jsx text'
  226 |           </div>
  227 |         ))}
> 228 |       </div>
      |             ^^^^^^^^^^^^^^^^^^^^^^^^^^^^^^^^^^^^^^^^^^^^^^^^^^^^^^^^^^^^^^^^^^^^^^^^^^^^^^^^
> 229 |     </motion.div>
      | ^^^^
  230 |   );
  231 | }
  232 |

Parsing ecmascript source code failed

Import traces:
  Client Component Browser:
    ./app/faq/page.tsx [Client Component Browser]
    ./app/faq/page.tsx [Server Component]

  Client Component SSR:
    ./app/faq/page.tsx [Client Component SSR]
    ./app/faq/page.tsx [Server Component] @ http://localhost:3000/_next/static/chunks/node_modules_next_dist_0u_w_5s._.js:1945
[  217815ms] [ERROR] ./app/faq/page.tsx:228:13
Expected '</', got 'jsx text'
  226 |           </div>
  227 |         ))}
> 228 |       </div>
      |             ^^^^^^^^^^^^^^^^^^^^^^^^^^^^^^^^^^^^^^^^^^^^^^^^^^^^^^^^^^^^^^^^^^^^^^^^^^^^^^^^
> 229 |     </motion.div>
      | ^^^^
  230 |   );
  231 | }
  232 |

Parsing ecmascript source code failed

Import traces:
  Client Component Browser:
    ./app/faq/page.tsx [Client Component Browser]
    ./app/faq/page.tsx [Server Component]

  Client Component SSR:
    ./app/faq/page.tsx [Client Component SSR]
    ./app/faq/page.tsx [Server Component] @ http://localhost:3000/_next/static/chunks/node_modules_next_dist_0u_w_5s._.js:1945
[  217877ms] [ERROR] ./app/faq/page.tsx:228:13
Expected '</', got 'jsx text'
  226 |           </div>
  227 |         ))}
> 228 |       </div>
      |             ^^^^^^^^^^^^^^^^^^^^^^^^^^^^^^^^^^^^^^^^^^^^^^^^^^^^^^^^^^^^^^^^^^^^^^^^^^^^^^^^
> 229 |     </motion.div>
      | ^^^^
  230 |   );
  231 | }
  232 |

Parsing ecmascript source code failed

Import traces:
  Client Component Browser:
    ./app/faq/page.tsx [Client Component Browser]
    ./app/faq/page.tsx [Server Component]

  Client Component SSR:
    ./app/faq/page.tsx [Client Component SSR]
    ./app/faq/page.tsx [Server Component] @ http://localhost:3000/_next/static/chunks/node_modules_next_dist_0u_w_5s._.js:1945
[  217940ms] [ERROR] ./app/faq/page.tsx:228:13
Expected '</', got 'jsx text'
  226 |           </div>
  227 |         ))}
> 228 |       </div>
      |             ^^^^^^^^^^^^^^^^^^^^^^^^^^^^^^^^^^^^^^^^^^^^^^^^^^^^^^^^^^^^^^^^^^^^^^^^^^^^^^^^
> 229 |     </motion.div>
      | ^^^^
  230 |   );
  231 | }
  232 |

Parsing ecmascript source code failed

Import traces:
  Client Component Browser:
    ./app/faq/page.tsx [Client Component Browser]
    ./app/faq/page.tsx [Server Component]

  Client Component SSR:
    ./app/faq/page.tsx [Client Component SSR]
    ./app/faq/page.tsx [Server Component] @ http://localhost:3000/_next/static/chunks/node_modules_next_dist_0u_w_5s._.js:1945
[  217999ms] [ERROR] ./app/faq/page.tsx:228:13
Expected '</', got 'jsx text'
  226 |           </div>
  227 |         ))}
> 228 |       </div>
      |             ^^^^^^^^^^^^^^^^^^^^^^^^^^^^^^^^^^^^^^^^^^^^^^^^^^^^^^^^^^^^^^^^^^^^^^^^^^^^^^^^
> 229 |     </motion.div>
      | ^^^^
  230 |   );
  231 | }
  232 |

Parsing ecmascript source code failed

Import traces:
  Client Component Browser:
    ./app/faq/page.tsx [Client Component Browser]
    ./app/faq/page.tsx [Server Component]

  Client Component SSR:
    ./app/faq/page.tsx [Client Component SSR]
    ./app/faq/page.tsx [Server Component] @ http://localhost:3000/_next/static/chunks/node_modules_next_dist_0u_w_5s._.js:1945
[  218061ms] [ERROR] ./app/faq/page.tsx:228:13
Expected '</', got 'jsx text'
  226 |           </div>
  227 |         ))}
> 228 |       </div>
      |             ^^^^^^^^^^^^^^^^^^^^^^^^^^^^^^^^^^^^^^^^^^^^^^^^^^^^^^^^^^^^^^^^^^^^^^^^^^^^^^^^
> 229 |     </motion.div>
      | ^^^^
  230 |   );
  231 | }
  232 |

Parsing ecmascript source code failed

Import traces:
  Client Component Browser:
    ./app/faq/page.tsx [Client Component Browser]
    ./app/faq/page.tsx [Server Component]

  Client Component SSR:
    ./app/faq/page.tsx [Client Component SSR]
    ./app/faq/page.tsx [Server Component] @ http://localhost:3000/_next/static/chunks/node_modules_next_dist_0u_w_5s._.js:1945
[  218123ms] [ERROR] ./app/faq/page.tsx:228:13
Expected '</', got 'jsx text'
  226 |           </div>
  227 |         ))}
> 228 |       </div>
      |             ^^^^^^^^^^^^^^^^^^^^^^^^^^^^^^^^^^^^^^^^^^^^^^^^^^^^^^^^^^^^^^^^^^^^^^^^^^^^^^^^
> 229 |     </motion.div>
      | ^^^^
  230 |   );
  231 | }
  232 |

Parsing ecmascript source code failed

Import traces:
  Client Component Browser:
    ./app/faq/page.tsx [Client Component Browser]
    ./app/faq/page.tsx [Server Component]

  Client Component SSR:
    ./app/faq/page.tsx [Client Component SSR]
    ./app/faq/page.tsx [Server Component] @ http://localhost:3000/_next/static/chunks/node_modules_next_dist_0u_w_5s._.js:1945
[  218186ms] [ERROR] ./app/faq/page.tsx:228:13
Expected '</', got 'jsx text'
  226 |           </div>
  227 |         ))}
> 228 |       </div>
      |             ^^^^^^^^^^^^^^^^^^^^^^^^^^^^^^^^^^^^^^^^^^^^^^^^^^^^^^^^^^^^^^^^^^^^^^^^^^^^^^^^
> 229 |     </motion.div>
      | ^^^^
  230 |   );
  231 | }
  232 |

Parsing ecmascript source code failed

Import traces:
  Client Component Browser:
    ./app/faq/page.tsx [Client Component Browser]
    ./app/faq/page.tsx [Server Component]

  Client Component SSR:
    ./app/faq/page.tsx [Client Component SSR]
    ./app/faq/page.tsx [Server Component] @ http://localhost:3000/_next/static/chunks/node_modules_next_dist_0u_w_5s._.js:1945
[  218254ms] [ERROR] ./app/faq/page.tsx:228:13
Expected '</', got 'jsx text'
  226 |           </div>
  227 |         ))}
> 228 |       </div>
      |             ^^^^^^^^^^^^^^^^^^^^^^^^^^^^^^^^^^^^^^^^^^^^^^^^^^^^^^^^^^^^^^^^^^^^^^^^^^^^^^^^
> 229 |     </motion.div>
      | ^^^^
  230 |   );
  231 | }
  232 |

Parsing ecmascript source code failed

Import traces:
  Client Component Browser:
    ./app/faq/page.tsx [Client Component Browser]
    ./app/faq/page.tsx [Server Component]

  Client Component SSR:
    ./app/faq/page.tsx [Client Component SSR]
    ./app/faq/page.tsx [Server Component] @ http://localhost:3000/_next/static/chunks/node_modules_next_dist_0u_w_5s._.js:1945
[  218309ms] [ERROR] ./app/faq/page.tsx:228:13
Expected '</', got 'jsx text'
  226 |           </div>
  227 |         ))}
> 228 |       </div>
      |             ^^^^^^^^^^^^^^^^^^^^^^^^^^^^^^^^^^^^^^^^^^^^^^^^^^^^^^^^^^^^^^^^^^^^^^^^^^^^^^^^
> 229 |     </motion.div>
      | ^^^^
  230 |   );
  231 | }
  232 |

Parsing ecmascript source code failed

Import traces:
  Client Component Browser:
    ./app/faq/page.tsx [Client Component Browser]
    ./app/faq/page.tsx [Server Component]

  Client Component SSR:
    ./app/faq/page.tsx [Client Component SSR]
    ./app/faq/page.tsx [Server Component] @ http://localhost:3000/_next/static/chunks/node_modules_next_dist_0u_w_5s._.js:1945
[  218370ms] [ERROR] ./app/faq/page.tsx:228:13
Expected '</', got 'jsx text'
  226 |           </div>
  227 |         ))}
> 228 |       </div>
      |             ^^^^^^^^^^^^^^^^^^^^^^^^^^^^^^^^^^^^^^^^^^^^^^^^^^^^^^^^^^^^^^^^^^^^^^^^^^^^^^^^
> 229 |     </motion.div>
      | ^^^^
  230 |   );
  231 | }
  232 |

Parsing ecmascript source code failed

Import traces:
  Client Component Browser:
    ./app/faq/page.tsx [Client Component Browser]
    ./app/faq/page.tsx [Server Component]

  Client Component SSR:
    ./app/faq/page.tsx [Client Component SSR]
    ./app/faq/page.tsx [Server Component] @ http://localhost:3000/_next/static/chunks/node_modules_next_dist_0u_w_5s._.js:1945
[  218432ms] [ERROR] ./app/faq/page.tsx:228:13
Expected '</', got 'jsx text'
  226 |           </div>
  227 |         ))}
> 228 |       </div>
      |             ^^^^^^^^^^^^^^^^^^^^^^^^^^^^^^^^^^^^^^^^^^^^^^^^^^^^^^^^^^^^^^^^^^^^^^^^^^^^^^^^
> 229 |     </motion.div>
      | ^^^^
  230 |   );
  231 | }
  232 |

Parsing ecmascript source code failed

Import traces:
  Client Component Browser:
    ./app/faq/page.tsx [Client Component Browser]
    ./app/faq/page.tsx [Server Component]

  Client Component SSR:
    ./app/faq/page.tsx [Client Component SSR]
    ./app/faq/page.tsx [Server Component] @ http://localhost:3000/_next/static/chunks/node_modules_next_dist_0u_w_5s._.js:1945
[  218493ms] [ERROR] ./app/faq/page.tsx:228:13
Expected '</', got 'jsx text'
  226 |           </div>
  227 |         ))}
> 228 |       </div>
      |             ^^^^^^^^^^^^^^^^^^^^^^^^^^^^^^^^^^^^^^^^^^^^^^^^^^^^^^^^^^^^^^^^^^^^^^^^^^^^^^^^
> 229 |     </motion.div>
      | ^^^^
  230 |   );
  231 | }
  232 |

Parsing ecmascript source code failed

Import traces:
  Client Component Browser:
    ./app/faq/page.tsx [Client Component Browser]
    ./app/faq/page.tsx [Server Component]

  Client Component SSR:
    ./app/faq/page.tsx [Client Component SSR]
    ./app/faq/page.tsx [Server Component] @ http://localhost:3000/_next/static/chunks/node_modules_next_dist_0u_w_5s._.js:1945
[  218552ms] [ERROR] ./app/faq/page.tsx:228:13
Expected '</', got 'jsx text'
  226 |           </div>
  227 |         ))}
> 228 |       </div>
      |             ^^^^^^^^^^^^^^^^^^^^^^^^^^^^^^^^^^^^^^^^^^^^^^^^^^^^^^^^^^^^^^^^^^^^^^^^^^^^^^^^
> 229 |     </motion.div>
      | ^^^^
  230 |   );
  231 | }
  232 |

Parsing ecmascript source code failed

Import traces:
  Client Component Browser:
    ./app/faq/page.tsx [Client Component Browser]
    ./app/faq/page.tsx [Server Component]

  Client Component SSR:
    ./app/faq/page.tsx [Client Component SSR]
    ./app/faq/page.tsx [Server Component] @ http://localhost:3000/_next/static/chunks/node_modules_next_dist_0u_w_5s._.js:1945
[  218620ms] [ERROR] ./app/faq/page.tsx:228:13
Expected '</', got 'jsx text'
  226 |           </div>
  227 |         ))}
> 228 |       </div>
      |             ^^^^^^^^^^^^^^^^^^^^^^^^^^^^^^^^^^^^^^^^^^^^^^^^^^^^^^^^^^^^^^^^^^^^^^^^^^^^^^^^
> 229 |     </motion.div>
      | ^^^^
  230 |   );
  231 | }
  232 |

Parsing ecmascript source code failed

Import traces:
  Client Component Browser:
    ./app/faq/page.tsx [Client Component Browser]
    ./app/faq/page.tsx [Server Component]

  Client Component SSR:
    ./app/faq/page.tsx [Client Component SSR]
    ./app/faq/page.tsx [Server Component] @ http://localhost:3000/_next/static/chunks/node_modules_next_dist_0u_w_5s._.js:1945
[  218676ms] [ERROR] ./app/faq/page.tsx:228:13
Expected '</', got 'jsx text'
  226 |           </div>
  227 |         ))}
> 228 |       </div>
      |             ^^^^^^^^^^^^^^^^^^^^^^^^^^^^^^^^^^^^^^^^^^^^^^^^^^^^^^^^^^^^^^^^^^^^^^^^^^^^^^^^
> 229 |     </motion.div>
      | ^^^^
  230 |   );
  231 | }
  232 |

Parsing ecmascript source code failed

Import traces:
  Client Component Browser:
    ./app/faq/page.tsx [Client Component Browser]
    ./app/faq/page.tsx [Server Component]

  Client Component SSR:
    ./app/faq/page.tsx [Client Component SSR]
    ./app/faq/page.tsx [Server Component] @ http://localhost:3000/_next/static/chunks/node_modules_next_dist_0u_w_5s._.js:1945
[  218738ms] [ERROR] ./app/faq/page.tsx:228:13
Expected '</', got 'jsx text'
  226 |           </div>
  227 |         ))}
> 228 |       </div>
      |             ^^^^^^^^^^^^^^^^^^^^^^^^^^^^^^^^^^^^^^^^^^^^^^^^^^^^^^^^^^^^^^^^^^^^^^^^^^^^^^^^
> 229 |     </motion.div>
      | ^^^^
  230 |   );
  231 | }
  232 |

Parsing ecmascript source code failed

Import traces:
  Client Component Browser:
    ./app/faq/page.tsx [Client Component Browser]
    ./app/faq/page.tsx [Server Component]

  Client Component SSR:
    ./app/faq/page.tsx [Client Component SSR]
    ./app/faq/page.tsx [Server Component] @ http://localhost:3000/_next/static/chunks/node_modules_next_dist_0u_w_5s._.js:1945
[  218802ms] [ERROR] ./app/faq/page.tsx:228:13
Expected '</', got 'jsx text'
  226 |           </div>
  227 |         ))}
> 228 |       </div>
      |             ^^^^^^^^^^^^^^^^^^^^^^^^^^^^^^^^^^^^^^^^^^^^^^^^^^^^^^^^^^^^^^^^^^^^^^^^^^^^^^^^
> 229 |     </motion.div>
      | ^^^^
  230 |   );
  231 | }
  232 |

Parsing ecmascript source code failed

Import traces:
  Client Component Browser:
    ./app/faq/page.tsx [Client Component Browser]
    ./app/faq/page.tsx [Server Component]

  Client Component SSR:
    ./app/faq/page.tsx [Client Component SSR]
    ./app/faq/page.tsx [Server Component] @ http://localhost:3000/_next/static/chunks/node_modules_next_dist_0u_w_5s._.js:1945
[  218861ms] [ERROR] ./app/faq/page.tsx:228:13
Expected '</', got 'jsx text'
  226 |           </div>
  227 |         ))}
> 228 |       </div>
      |             ^^^^^^^^^^^^^^^^^^^^^^^^^^^^^^^^^^^^^^^^^^^^^^^^^^^^^^^^^^^^^^^^^^^^^^^^^^^^^^^^
> 229 |     </motion.div>
      | ^^^^
  230 |   );
  231 | }
  232 |

Parsing ecmascript source code failed

Import traces:
  Client Component Browser:
    ./app/faq/page.tsx [Client Component Browser]
    ./app/faq/page.tsx [Server Component]

  Client Component SSR:
    ./app/faq/page.tsx [Client Component SSR]
    ./app/faq/page.tsx [Server Component] @ http://localhost:3000/_next/static/chunks/node_modules_next_dist_0u_w_5s._.js:1945
[  218921ms] [ERROR] ./app/faq/page.tsx:228:13
Expected '</', got 'jsx text'
  226 |           </div>
  227 |         ))}
> 228 |       </div>
      |             ^^^^^^^^^^^^^^^^^^^^^^^^^^^^^^^^^^^^^^^^^^^^^^^^^^^^^^^^^^^^^^^^^^^^^^^^^^^^^^^^
> 229 |     </motion.div>
      | ^^^^
  230 |   );
  231 | }
  232 |

Parsing ecmascript source code failed

Import traces:
  Client Component Browser:
    ./app/faq/page.tsx [Client Component Browser]
    ./app/faq/page.tsx [Server Component]

  Client Component SSR:
    ./app/faq/page.tsx [Client Component SSR]
    ./app/faq/page.tsx [Server Component] @ http://localhost:3000/_next/static/chunks/node_modules_next_dist_0u_w_5s._.js:1945
[  218983ms] [ERROR] ./app/faq/page.tsx:228:13
Expected '</', got 'jsx text'
  226 |           </div>
  227 |         ))}
> 228 |       </div>
      |             ^^^^^^^^^^^^^^^^^^^^^^^^^^^^^^^^^^^^^^^^^^^^^^^^^^^^^^^^^^^^^^^^^^^^^^^^^^^^^^^^
> 229 |     </motion.div>
      | ^^^^
  230 |   );
  231 | }
  232 |

Parsing ecmascript source code failed

Import traces:
  Client Component Browser:
    ./app/faq/page.tsx [Client Component Browser]
    ./app/faq/page.tsx [Server Component]

  Client Component SSR:
    ./app/faq/page.tsx [Client Component SSR]
    ./app/faq/page.tsx [Server Component] @ http://localhost:3000/_next/static/chunks/node_modules_next_dist_0u_w_5s._.js:1945
[  219044ms] [ERROR] ./app/faq/page.tsx:228:13
Expected '</', got 'jsx text'
  226 |           </div>
  227 |         ))}
> 228 |       </div>
      |             ^^^^^^^^^^^^^^^^^^^^^^^^^^^^^^^^^^^^^^^^^^^^^^^^^^^^^^^^^^^^^^^^^^^^^^^^^^^^^^^^
> 229 |     </motion.div>
      | ^^^^
  230 |   );
  231 | }
  232 |

Parsing ecmascript source code failed

Import traces:
  Client Component Browser:
    ./app/faq/page.tsx [Client Component Browser]
    ./app/faq/page.tsx [Server Component]

  Client Component SSR:
    ./app/faq/page.tsx [Client Component SSR]
    ./app/faq/page.tsx [Server Component] @ http://localhost:3000/_next/static/chunks/node_modules_next_dist_0u_w_5s._.js:1945
[  219102ms] [ERROR] ./app/faq/page.tsx:228:13
Expected '</', got 'jsx text'
  226 |           </div>
  227 |         ))}
> 228 |       </div>
      |             ^^^^^^^^^^^^^^^^^^^^^^^^^^^^^^^^^^^^^^^^^^^^^^^^^^^^^^^^^^^^^^^^^^^^^^^^^^^^^^^^
> 229 |     </motion.div>
      | ^^^^
  230 |   );
  231 | }
  232 |

Parsing ecmascript source code failed

Import traces:
  Client Component Browser:
    ./app/faq/page.tsx [Client Component Browser]
    ./app/faq/page.tsx [Server Component]

  Client Component SSR:
    ./app/faq/page.tsx [Client Component SSR]
    ./app/faq/page.tsx [Server Component] @ http://localhost:3000/_next/static/chunks/node_modules_next_dist_0u_w_5s._.js:1945
[  219160ms] [ERROR] ./app/faq/page.tsx:228:13
Expected '</', got 'jsx text'
  226 |           </div>
  227 |         ))}
> 228 |       </div>
      |             ^^^^^^^^^^^^^^^^^^^^^^^^^^^^^^^^^^^^^^^^^^^^^^^^^^^^^^^^^^^^^^^^^^^^^^^^^^^^^^^^
> 229 |     </motion.div>
      | ^^^^
  230 |   );
  231 | }
  232 |

Parsing ecmascript source code failed

Import traces:
  Client Component Browser:
    ./app/faq/page.tsx [Client Component Browser]
    ./app/faq/page.tsx [Server Component]

  Client Component SSR:
    ./app/faq/page.tsx [Client Component SSR]
    ./app/faq/page.tsx [Server Component] @ http://localhost:3000/_next/static/chunks/node_modules_next_dist_0u_w_5s._.js:1945
[  219221ms] [ERROR] ./app/faq/page.tsx:228:13
Expected '</', got 'jsx text'
  226 |           </div>
  227 |         ))}
> 228 |       </div>
      |             ^^^^^^^^^^^^^^^^^^^^^^^^^^^^^^^^^^^^^^^^^^^^^^^^^^^^^^^^^^^^^^^^^^^^^^^^^^^^^^^^
> 229 |     </motion.div>
      | ^^^^
  230 |   );
  231 | }
  232 |

Parsing ecmascript source code failed

Import traces:
  Client Component Browser:
    ./app/faq/page.tsx [Client Component Browser]
    ./app/faq/page.tsx [Server Component]

  Client Component SSR:
    ./app/faq/page.tsx [Client Component SSR]
    ./app/faq/page.tsx [Server Component] @ http://localhost:3000/_next/static/chunks/node_modules_next_dist_0u_w_5s._.js:1945
[  219285ms] [ERROR] ./app/faq/page.tsx:228:13
Expected '</', got 'jsx text'
  226 |           </div>
  227 |         ))}
> 228 |       </div>
      |             ^^^^^^^^^^^^^^^^^^^^^^^^^^^^^^^^^^^^^^^^^^^^^^^^^^^^^^^^^^^^^^^^^^^^^^^^^^^^^^^^
> 229 |     </motion.div>
      | ^^^^
  230 |   );
  231 | }
  232 |

Parsing ecmascript source code failed

Import traces:
  Client Component Browser:
    ./app/faq/page.tsx [Client Component Browser]
    ./app/faq/page.tsx [Server Component]

  Client Component SSR:
    ./app/faq/page.tsx [Client Component SSR]
    ./app/faq/page.tsx [Server Component] @ http://localhost:3000/_next/static/chunks/node_modules_next_dist_0u_w_5s._.js:1945
[  219344ms] [ERROR] ./app/faq/page.tsx:228:13
Expected '</', got 'jsx text'
  226 |           </div>
  227 |         ))}
> 228 |       </div>
      |             ^^^^^^^^^^^^^^^^^^^^^^^^^^^^^^^^^^^^^^^^^^^^^^^^^^^^^^^^^^^^^^^^^^^^^^^^^^^^^^^^
> 229 |     </motion.div>
      | ^^^^
  230 |   );
  231 | }
  232 |

Parsing ecmascript source code failed

Import traces:
  Client Component Browser:
    ./app/faq/page.tsx [Client Component Browser]
    ./app/faq/page.tsx [Server Component]

  Client Component SSR:
    ./app/faq/page.tsx [Client Component SSR]
    ./app/faq/page.tsx [Server Component] @ http://localhost:3000/_next/static/chunks/node_modules_next_dist_0u_w_5s._.js:1945
[  219403ms] [ERROR] ./app/faq/page.tsx:228:13
Expected '</', got 'jsx text'
  226 |           </div>
  227 |         ))}
> 228 |       </div>
      |             ^^^^^^^^^^^^^^^^^^^^^^^^^^^^^^^^^^^^^^^^^^^^^^^^^^^^^^^^^^^^^^^^^^^^^^^^^^^^^^^^
> 229 |     </motion.div>
      | ^^^^
  230 |   );
  231 | }
  232 |

Parsing ecmascript source code failed

Import traces:
  Client Component Browser:
    ./app/faq/page.tsx [Client Component Browser]
    ./app/faq/page.tsx [Server Component]

  Client Component SSR:
    ./app/faq/page.tsx [Client Component SSR]
    ./app/faq/page.tsx [Server Component] @ http://localhost:3000/_next/static/chunks/node_modules_next_dist_0u_w_5s._.js:1945
[  219461ms] [ERROR] ./app/faq/page.tsx:228:13
Expected '</', got 'jsx text'
  226 |           </div>
  227 |         ))}
> 228 |       </div>
      |             ^^^^^^^^^^^^^^^^^^^^^^^^^^^^^^^^^^^^^^^^^^^^^^^^^^^^^^^^^^^^^^^^^^^^^^^^^^^^^^^^
> 229 |     </motion.div>
      | ^^^^
  230 |   );
  231 | }
  232 |

Parsing ecmascript source code failed

Import traces:
  Client Component Browser:
    ./app/faq/page.tsx [Client Component Browser]
    ./app/faq/page.tsx [Server Component]

  Client Component SSR:
    ./app/faq/page.tsx [Client Component SSR]
    ./app/faq/page.tsx [Server Component] @ http://localhost:3000/_next/static/chunks/node_modules_next_dist_0u_w_5s._.js:1945
[  219523ms] [ERROR] ./app/faq/page.tsx:228:13
Expected '</', got 'jsx text'
  226 |           </div>
  227 |         ))}
> 228 |       </div>
      |             ^^^^^^^^^^^^^^^^^^^^^^^^^^^^^^^^^^^^^^^^^^^^^^^^^^^^^^^^^^^^^^^^^^^^^^^^^^^^^^^^
> 229 |     </motion.div>
      | ^^^^
  230 |   );
  231 | }
  232 |

Parsing ecmascript source code failed

Import traces:
  Client Component Browser:
    ./app/faq/page.tsx [Client Component Browser]
    ./app/faq/page.tsx [Server Component]

  Client Component SSR:
    ./app/faq/page.tsx [Client Component SSR]
    ./app/faq/page.tsx [Server Component] @ http://localhost:3000/_next/static/chunks/node_modules_next_dist_0u_w_5s._.js:1945
[  219584ms] [ERROR] ./app/faq/page.tsx:228:13
Expected '</', got 'jsx text'
  226 |           </div>
  227 |         ))}
> 228 |       </div>
      |             ^^^^^^^^^^^^^^^^^^^^^^^^^^^^^^^^^^^^^^^^^^^^^^^^^^^^^^^^^^^^^^^^^^^^^^^^^^^^^^^^
> 229 |     </motion.div>
      | ^^^^
  230 |   );
  231 | }
  232 |

Parsing ecmascript source code failed

Import traces:
  Client Component Browser:
    ./app/faq/page.tsx [Client Component Browser]
    ./app/faq/page.tsx [Server Component]

  Client Component SSR:
    ./app/faq/page.tsx [Client Component SSR]
    ./app/faq/page.tsx [Server Component] @ http://localhost:3000/_next/static/chunks/node_modules_next_dist_0u_w_5s._.js:1945
[  219645ms] [ERROR] ./app/faq/page.tsx:228:13
Expected '</', got 'jsx text'
  226 |           </div>
  227 |         ))}
> 228 |       </div>
      |             ^^^^^^^^^^^^^^^^^^^^^^^^^^^^^^^^^^^^^^^^^^^^^^^^^^^^^^^^^^^^^^^^^^^^^^^^^^^^^^^^
> 229 |     </motion.div>
      | ^^^^
  230 |   );
  231 | }
  232 |

Parsing ecmascript source code failed

Import traces:
  Client Component Browser:
    ./app/faq/page.tsx [Client Component Browser]
    ./app/faq/page.tsx [Server Component]

  Client Component SSR:
    ./app/faq/page.tsx [Client Component SSR]
    ./app/faq/page.tsx [Server Component] @ http://localhost:3000/_next/static/chunks/node_modules_next_dist_0u_w_5s._.js:1945
[  219707ms] [ERROR] ./app/faq/page.tsx:228:13
Expected '</', got 'jsx text'
  226 |           </div>
  227 |         ))}
> 228 |       </div>
      |             ^^^^^^^^^^^^^^^^^^^^^^^^^^^^^^^^^^^^^^^^^^^^^^^^^^^^^^^^^^^^^^^^^^^^^^^^^^^^^^^^
> 229 |     </motion.div>
      | ^^^^
  230 |   );
  231 | }
  232 |

Parsing ecmascript source code failed

Import traces:
  Client Component Browser:
    ./app/faq/page.tsx [Client Component Browser]
    ./app/faq/page.tsx [Server Component]

  Client Component SSR:
    ./app/faq/page.tsx [Client Component SSR]
    ./app/faq/page.tsx [Server Component] @ http://localhost:3000/_next/static/chunks/node_modules_next_dist_0u_w_5s._.js:1945
[  219770ms] [ERROR] ./app/faq/page.tsx:228:13
Expected '</', got 'jsx text'
  226 |           </div>
  227 |         ))}
> 228 |       </div>
      |             ^^^^^^^^^^^^^^^^^^^^^^^^^^^^^^^^^^^^^^^^^^^^^^^^^^^^^^^^^^^^^^^^^^^^^^^^^^^^^^^^
> 229 |     </motion.div>
      | ^^^^
  230 |   );
  231 | }
  232 |

Parsing ecmascript source code failed

Import traces:
  Client Component Browser:
    ./app/faq/page.tsx [Client Component Browser]
    ./app/faq/page.tsx [Server Component]

  Client Component SSR:
    ./app/faq/page.tsx [Client Component SSR]
    ./app/faq/page.tsx [Server Component] @ http://localhost:3000/_next/static/chunks/node_modules_next_dist_0u_w_5s._.js:1945
[  219827ms] [ERROR] ./app/faq/page.tsx:228:13
Expected '</', got 'jsx text'
  226 |           </div>
  227 |         ))}
> 228 |       </div>
      |             ^^^^^^^^^^^^^^^^^^^^^^^^^^^^^^^^^^^^^^^^^^^^^^^^^^^^^^^^^^^^^^^^^^^^^^^^^^^^^^^^
> 229 |     </motion.div>
      | ^^^^
  230 |   );
  231 | }
  232 |

Parsing ecmascript source code failed

Import traces:
  Client Component Browser:
    ./app/faq/page.tsx [Client Component Browser]
    ./app/faq/page.tsx [Server Component]

  Client Component SSR:
    ./app/faq/page.tsx [Client Component SSR]
    ./app/faq/page.tsx [Server Component] @ http://localhost:3000/_next/static/chunks/node_modules_next_dist_0u_w_5s._.js:1945
[  219887ms] [ERROR] ./app/faq/page.tsx:228:13
Expected '</', got 'jsx text'
  226 |           </div>
  227 |         ))}
> 228 |       </div>
      |             ^^^^^^^^^^^^^^^^^^^^^^^^^^^^^^^^^^^^^^^^^^^^^^^^^^^^^^^^^^^^^^^^^^^^^^^^^^^^^^^^
> 229 |     </motion.div>
      | ^^^^
  230 |   );
  231 | }
  232 |

Parsing ecmascript source code failed

Import traces:
  Client Component Browser:
    ./app/faq/page.tsx [Client Component Browser]
    ./app/faq/page.tsx [Server Component]

  Client Component SSR:
    ./app/faq/page.tsx [Client Component SSR]
    ./app/faq/page.tsx [Server Component] @ http://localhost:3000/_next/static/chunks/node_modules_next_dist_0u_w_5s._.js:1945
[  219944ms] [ERROR] ./app/faq/page.tsx:228:13
Expected '</', got 'jsx text'
  226 |           </div>
  227 |         ))}
> 228 |       </div>
      |             ^^^^^^^^^^^^^^^^^^^^^^^^^^^^^^^^^^^^^^^^^^^^^^^^^^^^^^^^^^^^^^^^^^^^^^^^^^^^^^^^
> 229 |     </motion.div>
      | ^^^^
  230 |   );
  231 | }
  232 |

Parsing ecmascript source code failed

Import traces:
  Client Component Browser:
    ./app/faq/page.tsx [Client Component Browser]
    ./app/faq/page.tsx [Server Component]

  Client Component SSR:
    ./app/faq/page.tsx [Client Component SSR]
    ./app/faq/page.tsx [Server Component] @ http://localhost:3000/_next/static/chunks/node_modules_next_dist_0u_w_5s._.js:1945
[  220009ms] [ERROR] ./app/faq/page.tsx:228:13
Expected '</', got 'jsx text'
  226 |           </div>
  227 |         ))}
> 228 |       </div>
      |             ^^^^^^^^^^^^^^^^^^^^^^^^^^^^^^^^^^^^^^^^^^^^^^^^^^^^^^^^^^^^^^^^^^^^^^^^^^^^^^^^
> 229 |     </motion.div>
      | ^^^^
  230 |   );
  231 | }
  232 |

Parsing ecmascript source code failed

Import traces:
  Client Component Browser:
    ./app/faq/page.tsx [Client Component Browser]
    ./app/faq/page.tsx [Server Component]

  Client Component SSR:
    ./app/faq/page.tsx [Client Component SSR]
    ./app/faq/page.tsx [Server Component] @ http://localhost:3000/_next/static/chunks/node_modules_next_dist_0u_w_5s._.js:1945
[  220070ms] [ERROR] ./app/faq/page.tsx:228:13
Expected '</', got 'jsx text'
  226 |           </div>
  227 |         ))}
> 228 |       </div>
      |             ^^^^^^^^^^^^^^^^^^^^^^^^^^^^^^^^^^^^^^^^^^^^^^^^^^^^^^^^^^^^^^^^^^^^^^^^^^^^^^^^
> 229 |     </motion.div>
      | ^^^^
  230 |   );
  231 | }
  232 |

Parsing ecmascript source code failed

Import traces:
  Client Component Browser:
    ./app/faq/page.tsx [Client Component Browser]
    ./app/faq/page.tsx [Server Component]

  Client Component SSR:
    ./app/faq/page.tsx [Client Component SSR]
    ./app/faq/page.tsx [Server Component] @ http://localhost:3000/_next/static/chunks/node_modules_next_dist_0u_w_5s._.js:1945
[  220134ms] [ERROR] ./app/faq/page.tsx:228:13
Expected '</', got 'jsx text'
  226 |           </div>
  227 |         ))}
> 228 |       </div>
      |             ^^^^^^^^^^^^^^^^^^^^^^^^^^^^^^^^^^^^^^^^^^^^^^^^^^^^^^^^^^^^^^^^^^^^^^^^^^^^^^^^
> 229 |     </motion.div>
      | ^^^^
  230 |   );
  231 | }
  232 |

Parsing ecmascript source code failed

Import traces:
  Client Component Browser:
    ./app/faq/page.tsx [Client Component Browser]
    ./app/faq/page.tsx [Server Component]

  Client Component SSR:
    ./app/faq/page.tsx [Client Component SSR]
    ./app/faq/page.tsx [Server Component] @ http://localhost:3000/_next/static/chunks/node_modules_next_dist_0u_w_5s._.js:1945
[  220194ms] [ERROR] ./app/faq/page.tsx:228:13
Expected '</', got 'jsx text'
  226 |           </div>
  227 |         ))}
> 228 |       </div>
      |             ^^^^^^^^^^^^^^^^^^^^^^^^^^^^^^^^^^^^^^^^^^^^^^^^^^^^^^^^^^^^^^^^^^^^^^^^^^^^^^^^
> 229 |     </motion.div>
      | ^^^^
  230 |   );
  231 | }
  232 |

Parsing ecmascript source code failed

Import traces:
  Client Component Browser:
    ./app/faq/page.tsx [Client Component Browser]
    ./app/faq/page.tsx [Server Component]

  Client Component SSR:
    ./app/faq/page.tsx [Client Component SSR]
    ./app/faq/page.tsx [Server Component] @ http://localhost:3000/_next/static/chunks/node_modules_next_dist_0u_w_5s._.js:1945
[  220257ms] [ERROR] ./app/faq/page.tsx:228:13
Expected '</', got 'jsx text'
  226 |           </div>
  227 |         ))}
> 228 |       </div>
      |             ^^^^^^^^^^^^^^^^^^^^^^^^^^^^^^^^^^^^^^^^^^^^^^^^^^^^^^^^^^^^^^^^^^^^^^^^^^^^^^^^
> 229 |     </motion.div>
      | ^^^^
  230 |   );
  231 | }
  232 |

Parsing ecmascript source code failed

Import traces:
  Client Component Browser:
    ./app/faq/page.tsx [Client Component Browser]
    ./app/faq/page.tsx [Server Component]

  Client Component SSR:
    ./app/faq/page.tsx [Client Component SSR]
    ./app/faq/page.tsx [Server Component] @ http://localhost:3000/_next/static/chunks/node_modules_next_dist_0u_w_5s._.js:1945
[  220318ms] [ERROR] ./app/faq/page.tsx:228:13
Expected '</', got 'jsx text'
  226 |           </div>
  227 |         ))}
> 228 |       </div>
      |             ^^^^^^^^^^^^^^^^^^^^^^^^^^^^^^^^^^^^^^^^^^^^^^^^^^^^^^^^^^^^^^^^^^^^^^^^^^^^^^^^
> 229 |     </motion.div>
      | ^^^^
  230 |   );
  231 | }
  232 |

Parsing ecmascript source code failed

Import traces:
  Client Component Browser:
    ./app/faq/page.tsx [Client Component Browser]
    ./app/faq/page.tsx [Server Component]

  Client Component SSR:
    ./app/faq/page.tsx [Client Component SSR]
    ./app/faq/page.tsx [Server Component] @ http://localhost:3000/_next/static/chunks/node_modules_next_dist_0u_w_5s._.js:1945
[  220381ms] [ERROR] ./app/faq/page.tsx:228:13
Expected '</', got 'jsx text'
  226 |           </div>
  227 |         ))}
> 228 |       </div>
      |             ^^^^^^^^^^^^^^^^^^^^^^^^^^^^^^^^^^^^^^^^^^^^^^^^^^^^^^^^^^^^^^^^^^^^^^^^^^^^^^^^
> 229 |     </motion.div>
      | ^^^^
  230 |   );
  231 | }
  232 |

Parsing ecmascript source code failed

Import traces:
  Client Component Browser:
    ./app/faq/page.tsx [Client Component Browser]
    ./app/faq/page.tsx [Server Component]

  Client Component SSR:
    ./app/faq/page.tsx [Client Component SSR]
    ./app/faq/page.tsx [Server Component] @ http://localhost:3000/_next/static/chunks/node_modules_next_dist_0u_w_5s._.js:1945
[  220444ms] [ERROR] ./app/faq/page.tsx:228:13
Expected '</', got 'jsx text'
  226 |           </div>
  227 |         ))}
> 228 |       </div>
      |             ^^^^^^^^^^^^^^^^^^^^^^^^^^^^^^^^^^^^^^^^^^^^^^^^^^^^^^^^^^^^^^^^^^^^^^^^^^^^^^^^
> 229 |     </motion.div>
      | ^^^^
  230 |   );
  231 | }
  232 |

Parsing ecmascript source code failed

Import traces:
  Client Component Browser:
    ./app/faq/page.tsx [Client Component Browser]
    ./app/faq/page.tsx [Server Component]

  Client Component SSR:
    ./app/faq/page.tsx [Client Component SSR]
    ./app/faq/page.tsx [Server Component] @ http://localhost:3000/_next/static/chunks/node_modules_next_dist_0u_w_5s._.js:1945
[  220505ms] [ERROR] ./app/faq/page.tsx:228:13
Expected '</', got 'jsx text'
  226 |           </div>
  227 |         ))}
> 228 |       </div>
      |             ^^^^^^^^^^^^^^^^^^^^^^^^^^^^^^^^^^^^^^^^^^^^^^^^^^^^^^^^^^^^^^^^^^^^^^^^^^^^^^^^
> 229 |     </motion.div>
      | ^^^^
  230 |   );
  231 | }
  232 |

Parsing ecmascript source code failed

Import traces:
  Client Component Browser:
    ./app/faq/page.tsx [Client Component Browser]
    ./app/faq/page.tsx [Server Component]

  Client Component SSR:
    ./app/faq/page.tsx [Client Component SSR]
    ./app/faq/page.tsx [Server Component] @ http://localhost:3000/_next/static/chunks/node_modules_next_dist_0u_w_5s._.js:1945
[  220567ms] [ERROR] ./app/faq/page.tsx:228:13
Expected '</', got 'jsx text'
  226 |           </div>
  227 |         ))}
> 228 |       </div>
      |             ^^^^^^^^^^^^^^^^^^^^^^^^^^^^^^^^^^^^^^^^^^^^^^^^^^^^^^^^^^^^^^^^^^^^^^^^^^^^^^^^
> 229 |     </motion.div>
      | ^^^^
  230 |   );
  231 | }
  232 |

Parsing ecmascript source code failed

Import traces:
  Client Component Browser:
    ./app/faq/page.tsx [Client Component Browser]
    ./app/faq/page.tsx [Server Component]

  Client Component SSR:
    ./app/faq/page.tsx [Client Component SSR]
    ./app/faq/page.tsx [Server Component] @ http://localhost:3000/_next/static/chunks/node_modules_next_dist_0u_w_5s._.js:1945
[  220628ms] [ERROR] ./app/faq/page.tsx:228:13
Expected '</', got 'jsx text'
  226 |           </div>
  227 |         ))}
> 228 |       </div>
      |             ^^^^^^^^^^^^^^^^^^^^^^^^^^^^^^^^^^^^^^^^^^^^^^^^^^^^^^^^^^^^^^^^^^^^^^^^^^^^^^^^
> 229 |     </motion.div>
      | ^^^^
  230 |   );
  231 | }
  232 |

Parsing ecmascript source code failed

Import traces:
  Client Component Browser:
    ./app/faq/page.tsx [Client Component Browser]
    ./app/faq/page.tsx [Server Component]

  Client Component SSR:
    ./app/faq/page.tsx [Client Component SSR]
    ./app/faq/page.tsx [Server Component] @ http://localhost:3000/_next/static/chunks/node_modules_next_dist_0u_w_5s._.js:1945
[  220690ms] [ERROR] ./app/faq/page.tsx:228:13
Expected '</', got 'jsx text'
  226 |           </div>
  227 |         ))}
> 228 |       </div>
      |             ^^^^^^^^^^^^^^^^^^^^^^^^^^^^^^^^^^^^^^^^^^^^^^^^^^^^^^^^^^^^^^^^^^^^^^^^^^^^^^^^
> 229 |     </motion.div>
      | ^^^^
  230 |   );
  231 | }
  232 |

Parsing ecmascript source code failed

Import traces:
  Client Component Browser:
    ./app/faq/page.tsx [Client Component Browser]
    ./app/faq/page.tsx [Server Component]

  Client Component SSR:
    ./app/faq/page.tsx [Client Component SSR]
    ./app/faq/page.tsx [Server Component] @ http://localhost:3000/_next/static/chunks/node_modules_next_dist_0u_w_5s._.js:1945
[  220752ms] [ERROR] ./app/faq/page.tsx:228:13
Expected '</', got 'jsx text'
  226 |           </div>
  227 |         ))}
> 228 |       </div>
      |             ^^^^^^^^^^^^^^^^^^^^^^^^^^^^^^^^^^^^^^^^^^^^^^^^^^^^^^^^^^^^^^^^^^^^^^^^^^^^^^^^
> 229 |     </motion.div>
      | ^^^^
  230 |   );
  231 | }
  232 |

Parsing ecmascript source code failed

Import traces:
  Client Component Browser:
    ./app/faq/page.tsx [Client Component Browser]
    ./app/faq/page.tsx [Server Component]

  Client Component SSR:
    ./app/faq/page.tsx [Client Component SSR]
    ./app/faq/page.tsx [Server Component] @ http://localhost:3000/_next/static/chunks/node_modules_next_dist_0u_w_5s._.js:1945
[  220864ms] [ERROR] ./app/faq/page.tsx:228:13
Expected '</', got 'jsx text'
  226 |           </div>
  227 |         ))}
> 228 |       </div>
      |             ^^^^^^^^^^^^^^^^^^^^^^^^^^^^^^^^^^^^^^^^^^^^^^^^^^^^^^^^^^^^^^^^^^^^^^^^^^^^^^^^
> 229 |     </motion.div>
      | ^^^^
  230 |   );
  231 | }
  232 |

Parsing ecmascript source code failed

Import traces:
  Client Component Browser:
    ./app/faq/page.tsx [Client Component Browser]
    ./app/faq/page.tsx [Server Component]

  Client Component SSR:
    ./app/faq/page.tsx [Client Component SSR]
    ./app/faq/page.tsx [Server Component] @ http://localhost:3000/_next/static/chunks/node_modules_next_dist_0u_w_5s._.js:1945
[  220923ms] [ERROR] ./app/faq/page.tsx:228:13
Expected '</', got 'jsx text'
  226 |           </div>
  227 |         ))}
> 228 |       </div>
      |             ^^^^^^^^^^^^^^^^^^^^^^^^^^^^^^^^^^^^^^^^^^^^^^^^^^^^^^^^^^^^^^^^^^^^^^^^^^^^^^^^
> 229 |     </motion.div>
      | ^^^^
  230 |   );
  231 | }
  232 |

Parsing ecmascript source code failed

Import traces:
  Client Component Browser:
    ./app/faq/page.tsx [Client Component Browser]
    ./app/faq/page.tsx [Server Component]

  Client Component SSR:
    ./app/faq/page.tsx [Client Component SSR]
    ./app/faq/page.tsx [Server Component] @ http://localhost:3000/_next/static/chunks/node_modules_next_dist_0u_w_5s._.js:1945
[  220986ms] [ERROR] ./app/faq/page.tsx:228:13
Expected '</', got 'jsx text'
  226 |           </div>
  227 |         ))}
> 228 |       </div>
      |             ^^^^^^^^^^^^^^^^^^^^^^^^^^^^^^^^^^^^^^^^^^^^^^^^^^^^^^^^^^^^^^^^^^^^^^^^^^^^^^^^
> 229 |     </motion.div>
      | ^^^^
  230 |   );
  231 | }
  232 |

Parsing ecmascript source code failed

Import traces:
  Client Component Browser:
    ./app/faq/page.tsx [Client Component Browser]
    ./app/faq/page.tsx [Server Component]

  Client Component SSR:
    ./app/faq/page.tsx [Client Component SSR]
    ./app/faq/page.tsx [Server Component] @ http://localhost:3000/_next/static/chunks/node_modules_next_dist_0u_w_5s._.js:1945
[  221049ms] [ERROR] ./app/faq/page.tsx:228:13
Expected '</', got 'jsx text'
  226 |           </div>
  227 |         ))}
> 228 |       </div>
      |             ^^^^^^^^^^^^^^^^^^^^^^^^^^^^^^^^^^^^^^^^^^^^^^^^^^^^^^^^^^^^^^^^^^^^^^^^^^^^^^^^
> 229 |     </motion.div>
      | ^^^^
  230 |   );
  231 | }
  232 |

Parsing ecmascript source code failed

Import traces:
  Client Component Browser:
    ./app/faq/page.tsx [Client Component Browser]
    ./app/faq/page.tsx [Server Component]

  Client Component SSR:
    ./app/faq/page.tsx [Client Component SSR]
    ./app/faq/page.tsx [Server Component] @ http://localhost:3000/_next/static/chunks/node_modules_next_dist_0u_w_5s._.js:1945
[  221109ms] [ERROR] ./app/faq/page.tsx:228:13
Expected '</', got 'jsx text'
  226 |           </div>
  227 |         ))}
> 228 |       </div>
      |             ^^^^^^^^^^^^^^^^^^^^^^^^^^^^^^^^^^^^^^^^^^^^^^^^^^^^^^^^^^^^^^^^^^^^^^^^^^^^^^^^
> 229 |     </motion.div>
      | ^^^^
  230 |   );
  231 | }
  232 |

Parsing ecmascript source code failed

Import traces:
  Client Component Browser:
    ./app/faq/page.tsx [Client Component Browser]
    ./app/faq/page.tsx [Server Component]

  Client Component SSR:
    ./app/faq/page.tsx [Client Component SSR]
    ./app/faq/page.tsx [Server Component] @ http://localhost:3000/_next/static/chunks/node_modules_next_dist_0u_w_5s._.js:1945
[  221170ms] [ERROR] ./app/faq/page.tsx:228:13
Expected '</', got 'jsx text'
  226 |           </div>
  227 |         ))}
> 228 |       </div>
      |             ^^^^^^^^^^^^^^^^^^^^^^^^^^^^^^^^^^^^^^^^^^^^^^^^^^^^^^^^^^^^^^^^^^^^^^^^^^^^^^^^
> 229 |     </motion.div>
      | ^^^^
  230 |   );
  231 | }
  232 |

Parsing ecmascript source code failed

Import traces:
  Client Component Browser:
    ./app/faq/page.tsx [Client Component Browser]
    ./app/faq/page.tsx [Server Component]

  Client Component SSR:
    ./app/faq/page.tsx [Client Component SSR]
    ./app/faq/page.tsx [Server Component] @ http://localhost:3000/_next/static/chunks/node_modules_next_dist_0u_w_5s._.js:1945
[  221235ms] [ERROR] ./app/faq/page.tsx:228:13
Expected '</', got 'jsx text'
  226 |           </div>
  227 |         ))}
> 228 |       </div>
      |             ^^^^^^^^^^^^^^^^^^^^^^^^^^^^^^^^^^^^^^^^^^^^^^^^^^^^^^^^^^^^^^^^^^^^^^^^^^^^^^^^
> 229 |     </motion.div>
      | ^^^^
  230 |   );
  231 | }
  232 |

Parsing ecmascript source code failed

Import traces:
  Client Component Browser:
    ./app/faq/page.tsx [Client Component Browser]
    ./app/faq/page.tsx [Server Component]

  Client Component SSR:
    ./app/faq/page.tsx [Client Component SSR]
    ./app/faq/page.tsx [Server Component] @ http://localhost:3000/_next/static/chunks/node_modules_next_dist_0u_w_5s._.js:1945
[  221294ms] [ERROR] ./app/faq/page.tsx:228:13
Expected '</', got 'jsx text'
  226 |           </div>
  227 |         ))}
> 228 |       </div>
      |             ^^^^^^^^^^^^^^^^^^^^^^^^^^^^^^^^^^^^^^^^^^^^^^^^^^^^^^^^^^^^^^^^^^^^^^^^^^^^^^^^
> 229 |     </motion.div>
      | ^^^^
  230 |   );
  231 | }
  232 |

Parsing ecmascript source code failed

Import traces:
  Client Component Browser:
    ./app/faq/page.tsx [Client Component Browser]
    ./app/faq/page.tsx [Server Component]

  Client Component SSR:
    ./app/faq/page.tsx [Client Component SSR]
    ./app/faq/page.tsx [Server Component] @ http://localhost:3000/_next/static/chunks/node_modules_next_dist_0u_w_5s._.js:1945
[  221357ms] [ERROR] ./app/faq/page.tsx:228:13
Expected '</', got 'jsx text'
  226 |           </div>
  227 |         ))}
> 228 |       </div>
      |             ^^^^^^^^^^^^^^^^^^^^^^^^^^^^^^^^^^^^^^^^^^^^^^^^^^^^^^^^^^^^^^^^^^^^^^^^^^^^^^^^
> 229 |     </motion.div>
      | ^^^^
  230 |   );
  231 | }
  232 |

Parsing ecmascript source code failed

Import traces:
  Client Component Browser:
    ./app/faq/page.tsx [Client Component Browser]
    ./app/faq/page.tsx [Server Component]

  Client Component SSR:
    ./app/faq/page.tsx [Client Component SSR]
    ./app/faq/page.tsx [Server Component] @ http://localhost:3000/_next/static/chunks/node_modules_next_dist_0u_w_5s._.js:1945
[  221416ms] [ERROR] ./app/faq/page.tsx:228:13
Expected '</', got 'jsx text'
  226 |           </div>
  227 |         ))}
> 228 |       </div>
      |             ^^^^^^^^^^^^^^^^^^^^^^^^^^^^^^^^^^^^^^^^^^^^^^^^^^^^^^^^^^^^^^^^^^^^^^^^^^^^^^^^
> 229 |     </motion.div>
      | ^^^^
  230 |   );
  231 | }
  232 |

Parsing ecmascript source code failed

Import traces:
  Client Component Browser:
    ./app/faq/page.tsx [Client Component Browser]
    ./app/faq/page.tsx [Server Component]

  Client Component SSR:
    ./app/faq/page.tsx [Client Component SSR]
    ./app/faq/page.tsx [Server Component] @ http://localhost:3000/_next/static/chunks/node_modules_next_dist_0u_w_5s._.js:1945
[  221478ms] [ERROR] ./app/faq/page.tsx:228:13
Expected '</', got 'jsx text'
  226 |           </div>
  227 |         ))}
> 228 |       </div>
      |             ^^^^^^^^^^^^^^^^^^^^^^^^^^^^^^^^^^^^^^^^^^^^^^^^^^^^^^^^^^^^^^^^^^^^^^^^^^^^^^^^
> 229 |     </motion.div>
      | ^^^^
  230 |   );
  231 | }
  232 |

Parsing ecmascript source code failed

Import traces:
  Client Component Browser:
    ./app/faq/page.tsx [Client Component Browser]
    ./app/faq/page.tsx [Server Component]

  Client Component SSR:
    ./app/faq/page.tsx [Client Component SSR]
    ./app/faq/page.tsx [Server Component] @ http://localhost:3000/_next/static/chunks/node_modules_next_dist_0u_w_5s._.js:1945
[  221544ms] [ERROR] ./app/faq/page.tsx:228:13
Expected '</', got 'jsx text'
  226 |           </div>
  227 |         ))}
> 228 |       </div>
      |             ^^^^^^^^^^^^^^^^^^^^^^^^^^^^^^^^^^^^^^^^^^^^^^^^^^^^^^^^^^^^^^^^^^^^^^^^^^^^^^^^
> 229 |     </motion.div>
      | ^^^^
  230 |   );
  231 | }
  232 |

Parsing ecmascript source code failed

Import traces:
  Client Component Browser:
    ./app/faq/page.tsx [Client Component Browser]
    ./app/faq/page.tsx [Server Component]

  Client Component SSR:
    ./app/faq/page.tsx [Client Component SSR]
    ./app/faq/page.tsx [Server Component] @ http://localhost:3000/_next/static/chunks/node_modules_next_dist_0u_w_5s._.js:1945
[  221602ms] [ERROR] ./app/faq/page.tsx:228:13
Expected '</', got 'jsx text'
  226 |           </div>
  227 |         ))}
> 228 |       </div>
      |             ^^^^^^^^^^^^^^^^^^^^^^^^^^^^^^^^^^^^^^^^^^^^^^^^^^^^^^^^^^^^^^^^^^^^^^^^^^^^^^^^
> 229 |     </motion.div>
      | ^^^^
  230 |   );
  231 | }
  232 |

Parsing ecmascript source code failed

Import traces:
  Client Component Browser:
    ./app/faq/page.tsx [Client Component Browser]
    ./app/faq/page.tsx [Server Component]

  Client Component SSR:
    ./app/faq/page.tsx [Client Component SSR]
    ./app/faq/page.tsx [Server Component] @ http://localhost:3000/_next/static/chunks/node_modules_next_dist_0u_w_5s._.js:1945
[  221664ms] [ERROR] ./app/faq/page.tsx:228:13
Expected '</', got 'jsx text'
  226 |           </div>
  227 |         ))}
> 228 |       </div>
      |             ^^^^^^^^^^^^^^^^^^^^^^^^^^^^^^^^^^^^^^^^^^^^^^^^^^^^^^^^^^^^^^^^^^^^^^^^^^^^^^^^
> 229 |     </motion.div>
      | ^^^^
  230 |   );
  231 | }
  232 |

Parsing ecmascript source code failed

Import traces:
  Client Component Browser:
    ./app/faq/page.tsx [Client Component Browser]
    ./app/faq/page.tsx [Server Component]

  Client Component SSR:
    ./app/faq/page.tsx [Client Component SSR]
    ./app/faq/page.tsx [Server Component] @ http://localhost:3000/_next/static/chunks/node_modules_next_dist_0u_w_5s._.js:1945
[  221725ms] [ERROR] ./app/faq/page.tsx:228:13
Expected '</', got 'jsx text'
  226 |           </div>
  227 |         ))}
> 228 |       </div>
      |             ^^^^^^^^^^^^^^^^^^^^^^^^^^^^^^^^^^^^^^^^^^^^^^^^^^^^^^^^^^^^^^^^^^^^^^^^^^^^^^^^
> 229 |     </motion.div>
      | ^^^^
  230 |   );
  231 | }
  232 |

Parsing ecmascript source code failed

Import traces:
  Client Component Browser:
    ./app/faq/page.tsx [Client Component Browser]
    ./app/faq/page.tsx [Server Component]

  Client Component SSR:
    ./app/faq/page.tsx [Client Component SSR]
    ./app/faq/page.tsx [Server Component] @ http://localhost:3000/_next/static/chunks/node_modules_next_dist_0u_w_5s._.js:1945
[  221786ms] [ERROR] ./app/faq/page.tsx:228:13
Expected '</', got 'jsx text'
  226 |           </div>
  227 |         ))}
> 228 |       </div>
      |             ^^^^^^^^^^^^^^^^^^^^^^^^^^^^^^^^^^^^^^^^^^^^^^^^^^^^^^^^^^^^^^^^^^^^^^^^^^^^^^^^
> 229 |     </motion.div>
      | ^^^^
  230 |   );
  231 | }
  232 |

Parsing ecmascript source code failed

Import traces:
  Client Component Browser:
    ./app/faq/page.tsx [Client Component Browser]
    ./app/faq/page.tsx [Server Component]

  Client Component SSR:
    ./app/faq/page.tsx [Client Component SSR]
    ./app/faq/page.tsx [Server Component] @ http://localhost:3000/_next/static/chunks/node_modules_next_dist_0u_w_5s._.js:1945
[  221852ms] [ERROR] ./app/faq/page.tsx:228:13
Expected '</', got 'jsx text'
  226 |           </div>
  227 |         ))}
> 228 |       </div>
      |             ^^^^^^^^^^^^^^^^^^^^^^^^^^^^^^^^^^^^^^^^^^^^^^^^^^^^^^^^^^^^^^^^^^^^^^^^^^^^^^^^
> 229 |     </motion.div>
      | ^^^^
  230 |   );
  231 | }
  232 |

Parsing ecmascript source code failed

Import traces:
  Client Component Browser:
    ./app/faq/page.tsx [Client Component Browser]
    ./app/faq/page.tsx [Server Component]

  Client Component SSR:
    ./app/faq/page.tsx [Client Component SSR]
    ./app/faq/page.tsx [Server Component] @ http://localhost:3000/_next/static/chunks/node_modules_next_dist_0u_w_5s._.js:1945
[  221912ms] [ERROR] ./app/faq/page.tsx:228:13
Expected '</', got 'jsx text'
  226 |           </div>
  227 |         ))}
> 228 |       </div>
      |             ^^^^^^^^^^^^^^^^^^^^^^^^^^^^^^^^^^^^^^^^^^^^^^^^^^^^^^^^^^^^^^^^^^^^^^^^^^^^^^^^
> 229 |     </motion.div>
      | ^^^^
  230 |   );
  231 | }
  232 |

Parsing ecmascript source code failed

Import traces:
  Client Component Browser:
    ./app/faq/page.tsx [Client Component Browser]
    ./app/faq/page.tsx [Server Component]

  Client Component SSR:
    ./app/faq/page.tsx [Client Component SSR]
    ./app/faq/page.tsx [Server Component] @ http://localhost:3000/_next/static/chunks/node_modules_next_dist_0u_w_5s._.js:1945
[  221976ms] [ERROR] ./app/faq/page.tsx:228:13
Expected '</', got 'jsx text'
  226 |           </div>
  227 |         ))}
> 228 |       </div>
      |             ^^^^^^^^^^^^^^^^^^^^^^^^^^^^^^^^^^^^^^^^^^^^^^^^^^^^^^^^^^^^^^^^^^^^^^^^^^^^^^^^
> 229 |     </motion.div>
      | ^^^^
  230 |   );
  231 | }
  232 |

Parsing ecmascript source code failed

Import traces:
  Client Component Browser:
    ./app/faq/page.tsx [Client Component Browser]
    ./app/faq/page.tsx [Server Component]

  Client Component SSR:
    ./app/faq/page.tsx [Client Component SSR]
    ./app/faq/page.tsx [Server Component] @ http://localhost:3000/_next/static/chunks/node_modules_next_dist_0u_w_5s._.js:1945
[  222035ms] [ERROR] ./app/faq/page.tsx:228:13
Expected '</', got 'jsx text'
  226 |           </div>
  227 |         ))}
> 228 |       </div>
      |             ^^^^^^^^^^^^^^^^^^^^^^^^^^^^^^^^^^^^^^^^^^^^^^^^^^^^^^^^^^^^^^^^^^^^^^^^^^^^^^^^
> 229 |     </motion.div>
      | ^^^^
  230 |   );
  231 | }
  232 |

Parsing ecmascript source code failed

Import traces:
  Client Component Browser:
    ./app/faq/page.tsx [Client Component Browser]
    ./app/faq/page.tsx [Server Component]

  Client Component SSR:
    ./app/faq/page.tsx [Client Component SSR]
    ./app/faq/page.tsx [Server Component] @ http://localhost:3000/_next/static/chunks/node_modules_next_dist_0u_w_5s._.js:1945
[  222101ms] [ERROR] ./app/faq/page.tsx:228:13
Expected '</', got 'jsx text'
  226 |           </div>
  227 |         ))}
> 228 |       </div>
      |             ^^^^^^^^^^^^^^^^^^^^^^^^^^^^^^^^^^^^^^^^^^^^^^^^^^^^^^^^^^^^^^^^^^^^^^^^^^^^^^^^
> 229 |     </motion.div>
      | ^^^^
  230 |   );
  231 | }
  232 |

Parsing ecmascript source code failed

Import traces:
  Client Component Browser:
    ./app/faq/page.tsx [Client Component Browser]
    ./app/faq/page.tsx [Server Component]

  Client Component SSR:
    ./app/faq/page.tsx [Client Component SSR]
    ./app/faq/page.tsx [Server Component] @ http://localhost:3000/_next/static/chunks/node_modules_next_dist_0u_w_5s._.js:1945
[  222158ms] [ERROR] ./app/faq/page.tsx:228:13
Expected '</', got 'jsx text'
  226 |           </div>
  227 |         ))}
> 228 |       </div>
      |             ^^^^^^^^^^^^^^^^^^^^^^^^^^^^^^^^^^^^^^^^^^^^^^^^^^^^^^^^^^^^^^^^^^^^^^^^^^^^^^^^
> 229 |     </motion.div>
      | ^^^^
  230 |   );
  231 | }
  232 |

Parsing ecmascript source code failed

Import traces:
  Client Component Browser:
    ./app/faq/page.tsx [Client Component Browser]
    ./app/faq/page.tsx [Server Component]

  Client Component SSR:
    ./app/faq/page.tsx [Client Component SSR]
    ./app/faq/page.tsx [Server Component] @ http://localhost:3000/_next/static/chunks/node_modules_next_dist_0u_w_5s._.js:1945
[  222221ms] [ERROR] ./app/faq/page.tsx:228:13
Expected '</', got 'jsx text'
  226 |           </div>
  227 |         ))}
> 228 |       </div>
      |             ^^^^^^^^^^^^^^^^^^^^^^^^^^^^^^^^^^^^^^^^^^^^^^^^^^^^^^^^^^^^^^^^^^^^^^^^^^^^^^^^
> 229 |     </motion.div>
      | ^^^^
  230 |   );
  231 | }
  232 |

Parsing ecmascript source code failed

Import traces:
  Client Component Browser:
    ./app/faq/page.tsx [Client Component Browser]
    ./app/faq/page.tsx [Server Component]

  Client Component SSR:
    ./app/faq/page.tsx [Client Component SSR]
    ./app/faq/page.tsx [Server Component] @ http://localhost:3000/_next/static/chunks/node_modules_next_dist_0u_w_5s._.js:1945
[  222282ms] [ERROR] ./app/faq/page.tsx:228:13
Expected '</', got 'jsx text'
  226 |           </div>
  227 |         ))}
> 228 |       </div>
      |             ^^^^^^^^^^^^^^^^^^^^^^^^^^^^^^^^^^^^^^^^^^^^^^^^^^^^^^^^^^^^^^^^^^^^^^^^^^^^^^^^
> 229 |     </motion.div>
      | ^^^^
  230 |   );
  231 | }
  232 |

Parsing ecmascript source code failed

Import traces:
  Client Component Browser:
    ./app/faq/page.tsx [Client Component Browser]
    ./app/faq/page.tsx [Server Component]

  Client Component SSR:
    ./app/faq/page.tsx [Client Component SSR]
    ./app/faq/page.tsx [Server Component] @ http://localhost:3000/_next/static/chunks/node_modules_next_dist_0u_w_5s._.js:1945
[  222346ms] [ERROR] ./app/faq/page.tsx:228:13
Expected '</', got 'jsx text'
  226 |           </div>
  227 |         ))}
> 228 |       </div>
      |             ^^^^^^^^^^^^^^^^^^^^^^^^^^^^^^^^^^^^^^^^^^^^^^^^^^^^^^^^^^^^^^^^^^^^^^^^^^^^^^^^
> 229 |     </motion.div>
      | ^^^^
  230 |   );
  231 | }
  232 |

Parsing ecmascript source code failed

Import traces:
  Client Component Browser:
    ./app/faq/page.tsx [Client Component Browser]
    ./app/faq/page.tsx [Server Component]

  Client Component SSR:
    ./app/faq/page.tsx [Client Component SSR]
    ./app/faq/page.tsx [Server Component] @ http://localhost:3000/_next/static/chunks/node_modules_next_dist_0u_w_5s._.js:1945
[  222407ms] [ERROR] ./app/faq/page.tsx:228:13
Expected '</', got 'jsx text'
  226 |           </div>
  227 |         ))}
> 228 |       </div>
      |             ^^^^^^^^^^^^^^^^^^^^^^^^^^^^^^^^^^^^^^^^^^^^^^^^^^^^^^^^^^^^^^^^^^^^^^^^^^^^^^^^
> 229 |     </motion.div>
      | ^^^^
  230 |   );
  231 | }
  232 |

Parsing ecmascript source code failed

Import traces:
  Client Component Browser:
    ./app/faq/page.tsx [Client Component Browser]
    ./app/faq/page.tsx [Server Component]

  Client Component SSR:
    ./app/faq/page.tsx [Client Component SSR]
    ./app/faq/page.tsx [Server Component] @ http://localhost:3000/_next/static/chunks/node_modules_next_dist_0u_w_5s._.js:1945
[  222470ms] [ERROR] ./app/faq/page.tsx:228:13
Expected '</', got 'jsx text'
  226 |           </div>
  227 |         ))}
> 228 |       </div>
      |             ^^^^^^^^^^^^^^^^^^^^^^^^^^^^^^^^^^^^^^^^^^^^^^^^^^^^^^^^^^^^^^^^^^^^^^^^^^^^^^^^
> 229 |     </motion.div>
      | ^^^^
  230 |   );
  231 | }
  232 |

Parsing ecmascript source code failed

Import traces:
  Client Component Browser:
    ./app/faq/page.tsx [Client Component Browser]
    ./app/faq/page.tsx [Server Component]

  Client Component SSR:
    ./app/faq/page.tsx [Client Component SSR]
    ./app/faq/page.tsx [Server Component] @ http://localhost:3000/_next/static/chunks/node_modules_next_dist_0u_w_5s._.js:1945
[  222528ms] [ERROR] ./app/faq/page.tsx:228:13
Expected '</', got 'jsx text'
  226 |           </div>
  227 |         ))}
> 228 |       </div>
      |             ^^^^^^^^^^^^^^^^^^^^^^^^^^^^^^^^^^^^^^^^^^^^^^^^^^^^^^^^^^^^^^^^^^^^^^^^^^^^^^^^
> 229 |     </motion.div>
      | ^^^^
  230 |   );
  231 | }
  232 |

Parsing ecmascript source code failed

Import traces:
  Client Component Browser:
    ./app/faq/page.tsx [Client Component Browser]
    ./app/faq/page.tsx [Server Component]

  Client Component SSR:
    ./app/faq/page.tsx [Client Component SSR]
    ./app/faq/page.tsx [Server Component] @ http://localhost:3000/_next/static/chunks/node_modules_next_dist_0u_w_5s._.js:1945
[  222592ms] [ERROR] ./app/faq/page.tsx:228:13
Expected '</', got 'jsx text'
  226 |           </div>
  227 |         ))}
> 228 |       </div>
      |             ^^^^^^^^^^^^^^^^^^^^^^^^^^^^^^^^^^^^^^^^^^^^^^^^^^^^^^^^^^^^^^^^^^^^^^^^^^^^^^^^
> 229 |     </motion.div>
      | ^^^^
  230 |   );
  231 | }
  232 |

Parsing ecmascript source code failed

Import traces:
  Client Component Browser:
    ./app/faq/page.tsx [Client Component Browser]
    ./app/faq/page.tsx [Server Component]

  Client Component SSR:
    ./app/faq/page.tsx [Client Component SSR]
    ./app/faq/page.tsx [Server Component] @ http://localhost:3000/_next/static/chunks/node_modules_next_dist_0u_w_5s._.js:1945
[  222657ms] [ERROR] ./app/faq/page.tsx:228:13
Expected '</', got 'jsx text'
  226 |           </div>
  227 |         ))}
> 228 |       </div>
      |             ^^^^^^^^^^^^^^^^^^^^^^^^^^^^^^^^^^^^^^^^^^^^^^^^^^^^^^^^^^^^^^^^^^^^^^^^^^^^^^^^
> 229 |     </motion.div>
      | ^^^^
  230 |   );
  231 | }
  232 |

Parsing ecmascript source code failed

Import traces:
  Client Component Browser:
    ./app/faq/page.tsx [Client Component Browser]
    ./app/faq/page.tsx [Server Component]

  Client Component SSR:
    ./app/faq/page.tsx [Client Component SSR]
    ./app/faq/page.tsx [Server Component] @ http://localhost:3000/_next/static/chunks/node_modules_next_dist_0u_w_5s._.js:1945
[  222718ms] [ERROR] ./app/faq/page.tsx:228:13
Expected '</', got 'jsx text'
  226 |           </div>
  227 |         ))}
> 228 |       </div>
      |             ^^^^^^^^^^^^^^^^^^^^^^^^^^^^^^^^^^^^^^^^^^^^^^^^^^^^^^^^^^^^^^^^^^^^^^^^^^^^^^^^
> 229 |     </motion.div>
      | ^^^^
  230 |   );
  231 | }
  232 |

Parsing ecmascript source code failed

Import traces:
  Client Component Browser:
    ./app/faq/page.tsx [Client Component Browser]
    ./app/faq/page.tsx [Server Component]

  Client Component SSR:
    ./app/faq/page.tsx [Client Component SSR]
    ./app/faq/page.tsx [Server Component] @ http://localhost:3000/_next/static/chunks/node_modules_next_dist_0u_w_5s._.js:1945
[  222783ms] [ERROR] ./app/faq/page.tsx:228:13
Expected '</', got 'jsx text'
  226 |           </div>
  227 |         ))}
> 228 |       </div>
      |             ^^^^^^^^^^^^^^^^^^^^^^^^^^^^^^^^^^^^^^^^^^^^^^^^^^^^^^^^^^^^^^^^^^^^^^^^^^^^^^^^
> 229 |     </motion.div>
      | ^^^^
  230 |   );
  231 | }
  232 |

Parsing ecmascript source code failed

Import traces:
  Client Component Browser:
    ./app/faq/page.tsx [Client Component Browser]
    ./app/faq/page.tsx [Server Component]

  Client Component SSR:
    ./app/faq/page.tsx [Client Component SSR]
    ./app/faq/page.tsx [Server Component] @ http://localhost:3000/_next/static/chunks/node_modules_next_dist_0u_w_5s._.js:1945
[  222842ms] [ERROR] ./app/faq/page.tsx:228:13
Expected '</', got 'jsx text'
  226 |           </div>
  227 |         ))}
> 228 |       </div>
      |             ^^^^^^^^^^^^^^^^^^^^^^^^^^^^^^^^^^^^^^^^^^^^^^^^^^^^^^^^^^^^^^^^^^^^^^^^^^^^^^^^
> 229 |     </motion.div>
      | ^^^^
  230 |   );
  231 | }
  232 |

Parsing ecmascript source code failed

Import traces:
  Client Component Browser:
    ./app/faq/page.tsx [Client Component Browser]
    ./app/faq/page.tsx [Server Component]

  Client Component SSR:
    ./app/faq/page.tsx [Client Component SSR]
    ./app/faq/page.tsx [Server Component] @ http://localhost:3000/_next/static/chunks/node_modules_next_dist_0u_w_5s._.js:1945
[  222903ms] [ERROR] ./app/faq/page.tsx:228:13
Expected '</', got 'jsx text'
  226 |           </div>
  227 |         ))}
> 228 |       </div>
      |             ^^^^^^^^^^^^^^^^^^^^^^^^^^^^^^^^^^^^^^^^^^^^^^^^^^^^^^^^^^^^^^^^^^^^^^^^^^^^^^^^
> 229 |     </motion.div>
      | ^^^^
  230 |   );
  231 | }
  232 |

Parsing ecmascript source code failed

Import traces:
  Client Component Browser:
    ./app/faq/page.tsx [Client Component Browser]
    ./app/faq/page.tsx [Server Component]

  Client Component SSR:
    ./app/faq/page.tsx [Client Component SSR]
    ./app/faq/page.tsx [Server Component] @ http://localhost:3000/_next/static/chunks/node_modules_next_dist_0u_w_5s._.js:1945
[  222967ms] [ERROR] ./app/faq/page.tsx:228:13
Expected '</', got 'jsx text'
  226 |           </div>
  227 |         ))}
> 228 |       </div>
      |             ^^^^^^^^^^^^^^^^^^^^^^^^^^^^^^^^^^^^^^^^^^^^^^^^^^^^^^^^^^^^^^^^^^^^^^^^^^^^^^^^
> 229 |     </motion.div>
      | ^^^^
  230 |   );
  231 | }
  232 |

Parsing ecmascript source code failed

Import traces:
  Client Component Browser:
    ./app/faq/page.tsx [Client Component Browser]
    ./app/faq/page.tsx [Server Component]

  Client Component SSR:
    ./app/faq/page.tsx [Client Component SSR]
    ./app/faq/page.tsx [Server Component] @ http://localhost:3000/_next/static/chunks/node_modules_next_dist_0u_w_5s._.js:1945
[  223030ms] [ERROR] ./app/faq/page.tsx:228:13
Expected '</', got 'jsx text'
  226 |           </div>
  227 |         ))}
> 228 |       </div>
      |             ^^^^^^^^^^^^^^^^^^^^^^^^^^^^^^^^^^^^^^^^^^^^^^^^^^^^^^^^^^^^^^^^^^^^^^^^^^^^^^^^
> 229 |     </motion.div>
      | ^^^^
  230 |   );
  231 | }
  232 |

Parsing ecmascript source code failed

Import traces:
  Client Component Browser:
    ./app/faq/page.tsx [Client Component Browser]
    ./app/faq/page.tsx [Server Component]

  Client Component SSR:
    ./app/faq/page.tsx [Client Component SSR]
    ./app/faq/page.tsx [Server Component] @ http://localhost:3000/_next/static/chunks/node_modules_next_dist_0u_w_5s._.js:1945
[  223092ms] [ERROR] ./app/faq/page.tsx:228:13
Expected '</', got 'jsx text'
  226 |           </div>
  227 |         ))}
> 228 |       </div>
      |             ^^^^^^^^^^^^^^^^^^^^^^^^^^^^^^^^^^^^^^^^^^^^^^^^^^^^^^^^^^^^^^^^^^^^^^^^^^^^^^^^
> 229 |     </motion.div>
      | ^^^^
  230 |   );
  231 | }
  232 |

Parsing ecmascript source code failed

Import traces:
  Client Component Browser:
    ./app/faq/page.tsx [Client Component Browser]
    ./app/faq/page.tsx [Server Component]

  Client Component SSR:
    ./app/faq/page.tsx [Client Component SSR]
    ./app/faq/page.tsx [Server Component] @ http://localhost:3000/_next/static/chunks/node_modules_next_dist_0u_w_5s._.js:1945
[  223158ms] [ERROR] ./app/faq/page.tsx:228:13
Expected '</', got 'jsx text'
  226 |           </div>
  227 |         ))}
> 228 |       </div>
      |             ^^^^^^^^^^^^^^^^^^^^^^^^^^^^^^^^^^^^^^^^^^^^^^^^^^^^^^^^^^^^^^^^^^^^^^^^^^^^^^^^
> 229 |     </motion.div>
      | ^^^^
  230 |   );
  231 | }
  232 |

Parsing ecmascript source code failed

Import traces:
  Client Component Browser:
    ./app/faq/page.tsx [Client Component Browser]
    ./app/faq/page.tsx [Server Component]

  Client Component SSR:
    ./app/faq/page.tsx [Client Component SSR]
    ./app/faq/page.tsx [Server Component] @ http://localhost:3000/_next/static/chunks/node_modules_next_dist_0u_w_5s._.js:1945
[  223215ms] [ERROR] ./app/faq/page.tsx:228:13
Expected '</', got 'jsx text'
  226 |           </div>
  227 |         ))}
> 228 |       </div>
      |             ^^^^^^^^^^^^^^^^^^^^^^^^^^^^^^^^^^^^^^^^^^^^^^^^^^^^^^^^^^^^^^^^^^^^^^^^^^^^^^^^
> 229 |     </motion.div>
      | ^^^^
  230 |   );
  231 | }
  232 |

Parsing ecmascript source code failed

Import traces:
  Client Component Browser:
    ./app/faq/page.tsx [Client Component Browser]
    ./app/faq/page.tsx [Server Component]

  Client Component SSR:
    ./app/faq/page.tsx [Client Component SSR]
    ./app/faq/page.tsx [Server Component] @ http://localhost:3000/_next/static/chunks/node_modules_next_dist_0u_w_5s._.js:1945
[  223267ms] [ERROR] ./app/faq/page.tsx:228:13
Expected '</', got 'jsx text'
  226 |           </div>
  227 |         ))}
> 228 |       </div>
      |             ^^^^^^^^^^^^^^^^^^^^^^^^^^^^^^^^^^^^^^^^^^^^^^^^^^^^^^^^^^^^^^^^^^^^^^^^^^^^^^^^
> 229 |     </motion.div>
      | ^^^^
  230 |   );
  231 | }
  232 |

Parsing ecmascript source code failed

Import traces:
  Client Component Browser:
    ./app/faq/page.tsx [Client Component Browser]
    ./app/faq/page.tsx [Server Component]

  Client Component SSR:
    ./app/faq/page.tsx [Client Component SSR]
    ./app/faq/page.tsx [Server Component] @ http://localhost:3000/_next/static/chunks/node_modules_next_dist_0u_w_5s._.js:1945
[  223349ms] [LOG] [Fast Refresh] rebuilding @ http://localhost:3000/_next/static/chunks/node_modules_next_dist_0u_w_5s._.js:1226
[  223373ms] [LOG] [Fast Refresh] done in 105ms @ http://localhost:3000/_next/static/chunks/node_modules_next_dist_0u_w_5s._.js:1226
[  223480ms] [LOG] [Fast Refresh] rebuilding @ http://localhost:3000/_next/static/chunks/node_modules_next_dist_0u_w_5s._.js:1226
[  223586ms] [LOG] [Fast Refresh] done in 212ms @ http://localhost:3000/_next/static/chunks/node_modules_next_dist_0u_w_5s._.js:1226
[  223620ms] [INFO] %cDownload the React DevTools for a better development experience: https://react.dev/link/react-devtools font-weight:bold @ http://localhost:3000/_next/static/chunks/node_modules_next_dist_115brz8._.js:2477
[  223632ms] [LOG] [HMR] connected @ http://localhost:3000/_next/static/chunks/node_modules_next_dist_115brz8._.js:2477
[  236712ms] [LOG] [Fast Refresh] rebuilding @ http://localhost:3000/_next/static/chunks/node_modules_next_dist_115brz8._.js:2477
[  236768ms] [ERROR] Failed to load resource: the server responded with a status of 500 (Internal Server Error) @ http://localhost:3000/faq?_rsc=Vb0PM3SR5Hotbdw1:0
[  236793ms] [ERROR] Failed to load resource: the server responded with a status of 500 (Internal Server Error) @ http://localhost:3000/faq?_rsc=Vb0PM3SR5Hotbdw1:0
[  236809ms] [ERROR] Failed to load resource: the server responded with a status of 500 (Internal Server Error) @ http://localhost:3000/faq:0
[  236833ms] [INFO] %cDownload the React DevTools for a better development experience: https://react.dev/link/react-devtools font-weight:bold @ http://localhost:3000/_next/static/chunks/node_modules_react-dom_0bruynb._.js:15305
[  236840ms] Error: ./app/faq/page.tsx:157:7
Expected corresponding JSX closing tag for <motion.div>
  155 |         )}
  156 |       </AnimatePresence>
> 157 |     </div>
      |       ^^^
  158 |   );
  159 | }
  160 |

Parsing ecmascript source code failed

Import traces:
  Client Component Browser:
    ./app/faq/page.tsx [Client Component Browser]
    ./app/faq/page.tsx [Server Component]

  Client Component SSR:
    ./app/faq/page.tsx [Client Component SSR]
    ./app/faq/page.tsx [Server Component]


    at <unknown> (Error: ./app/faq/page.tsx:157:7)
    at Object.getCompilationErrors (file://C:\Users\Lenovo\Desktop\Person_Journey\node_modules\next\dist\server\dev\hot-reloader-turbopack.js:1186:59)
    at DevBundlerService.getCompilationError (file://C:\Users\Lenovo\Desktop\Person_Journey\node_modules\next\dist\server\lib\dev-bundler-service.js:44:55)
    at DevServer.getCompilationError (file://C:\Users\Lenovo\Desktop\Person_Journey\node_modules\next\dist\server\dev\next-dev-server.js:720:42)
    at DevServer.findPageComponents (file://C:\Users\Lenovo\Desktop\Person_Journey\node_modules\next\dist\server\dev\next-dev-server.js:690:43)
    at async DevServer.renderErrorToResponseImpl (file://C:\Users\Lenovo\Desktop\Person_Journey\node_modules\next\dist\server\base-server.js:1753:26)
[  236840ms] [LOG] [HMR] connected @ http://localhost:3000/_next/static/chunks/node_modules_next_dist_0u_w_5s._.js:1226
[  236841ms] [ERROR] ./app/faq/page.tsx:157:7
Expected corresponding JSX closing tag for <motion.div>
  155 |         )}
  156 |       </AnimatePresence>
> 157 |     </div>
      |       ^^^
  158 |   );
  159 | }
  160 |

Parsing ecmascript source code failed

Import traces:
  Client Component Browser:
    ./app/faq/page.tsx [Client Component Browser]
    ./app/faq/page.tsx [Server Component]

  Client Component SSR:
    ./app/faq/page.tsx [Client Component SSR]
    ./app/faq/page.tsx [Server Component] @ http://localhost:3000/_next/static/chunks/node_modules_next_dist_0u_w_5s._.js:1945
[  236901ms] [ERROR] ./app/faq/page.tsx:157:7
Expected corresponding JSX closing tag for <motion.div>
  155 |         )}
  156 |       </AnimatePresence>
> 157 |     </div>
      |       ^^^
  158 |   );
  159 | }
  160 |

Parsing ecmascript source code failed

Import traces:
  Client Component Browser:
    ./app/faq/page.tsx [Client Component Browser]
    ./app/faq/page.tsx [Server Component]

  Client Component SSR:
    ./app/faq/page.tsx [Client Component SSR]
    ./app/faq/page.tsx [Server Component] @ http://localhost:3000/_next/static/chunks/node_modules_next_dist_0u_w_5s._.js:1945
[  236964ms] [ERROR] ./app/faq/page.tsx:157:7
Expected corresponding JSX closing tag for <motion.div>
  155 |         )}
  156 |       </AnimatePresence>
> 157 |     </div>
      |       ^^^
  158 |   );
  159 | }
  160 |

Parsing ecmascript source code failed

Import traces:
  Client Component Browser:
    ./app/faq/page.tsx [Client Component Browser]
    ./app/faq/page.tsx [Server Component]

  Client Component SSR:
    ./app/faq/page.tsx [Client Component SSR]
    ./app/faq/page.tsx [Server Component] @ http://localhost:3000/_next/static/chunks/node_modules_next_dist_0u_w_5s._.js:1945
[  237025ms] [ERROR] ./app/faq/page.tsx:157:7
Expected corresponding JSX closing tag for <motion.div>
  155 |         )}
  156 |       </AnimatePresence>
> 157 |     </div>
      |       ^^^
  158 |   );
  159 | }
  160 |

Parsing ecmascript source code failed

Import traces:
  Client Component Browser:
    ./app/faq/page.tsx [Client Component Browser]
    ./app/faq/page.tsx [Server Component]

  Client Component SSR:
    ./app/faq/page.tsx [Client Component SSR]
    ./app/faq/page.tsx [Server Component] @ http://localhost:3000/_next/static/chunks/node_modules_next_dist_0u_w_5s._.js:1945
[  237088ms] [ERROR] ./app/faq/page.tsx:157:7
Expected corresponding JSX closing tag for <motion.div>
  155 |         )}
  156 |       </AnimatePresence>
> 157 |     </div>
      |       ^^^
  158 |   );
  159 | }
  160 |

Parsing ecmascript source code failed

Import traces:
  Client Component Browser:
    ./app/faq/page.tsx [Client Component Browser]
    ./app/faq/page.tsx [Server Component]

  Client Component SSR:
    ./app/faq/page.tsx [Client Component SSR]
    ./app/faq/page.tsx [Server Component] @ http://localhost:3000/_next/static/chunks/node_modules_next_dist_0u_w_5s._.js:1945
[  237152ms] [ERROR] ./app/faq/page.tsx:157:7
Expected corresponding JSX closing tag for <motion.div>
  155 |         )}
  156 |       </AnimatePresence>
> 157 |     </div>
      |       ^^^
  158 |   );
  159 | }
  160 |

Parsing ecmascript source code failed

Import traces:
  Client Component Browser:
    ./app/faq/page.tsx [Client Component Browser]
    ./app/faq/page.tsx [Server Component]

  Client Component SSR:
    ./app/faq/page.tsx [Client Component SSR]
    ./app/faq/page.tsx [Server Component] @ http://localhost:3000/_next/static/chunks/node_modules_next_dist_0u_w_5s._.js:1945
[  237228ms] [ERROR] ./app/faq/page.tsx:157:7
Expected corresponding JSX closing tag for <motion.div>
  155 |         )}
  156 |       </AnimatePresence>
> 157 |     </div>
      |       ^^^
  158 |   );
  159 | }
  160 |

Parsing ecmascript source code failed

Import traces:
  Client Component Browser:
    ./app/faq/page.tsx [Client Component Browser]
    ./app/faq/page.tsx [Server Component]

  Client Component SSR:
    ./app/faq/page.tsx [Client Component SSR]
    ./app/faq/page.tsx [Server Component] @ http://localhost:3000/_next/static/chunks/node_modules_next_dist_0u_w_5s._.js:1945
[  237285ms] [ERROR] ./app/faq/page.tsx:157:7
Expected corresponding JSX closing tag for <motion.div>
  155 |         )}
  156 |       </AnimatePresence>
> 157 |     </div>
      |       ^^^
  158 |   );
  159 | }
  160 |

Parsing ecmascript source code failed

Import traces:
  Client Component Browser:
    ./app/faq/page.tsx [Client Component Browser]
    ./app/faq/page.tsx [Server Component]

  Client Component SSR:
    ./app/faq/page.tsx [Client Component SSR]
    ./app/faq/page.tsx [Server Component] @ http://localhost:3000/_next/static/chunks/node_modules_next_dist_0u_w_5s._.js:1945
[  237344ms] [ERROR] ./app/faq/page.tsx:157:7
Expected corresponding JSX closing tag for <motion.div>
  155 |         )}
  156 |       </AnimatePresence>
> 157 |     </div>
      |       ^^^
  158 |   );
  159 | }
  160 |

Parsing ecmascript source code failed

Import traces:
  Client Component Browser:
    ./app/faq/page.tsx [Client Component Browser]
    ./app/faq/page.tsx [Server Component]

  Client Component SSR:
    ./app/faq/page.tsx [Client Component SSR]
    ./app/faq/page.tsx [Server Component] @ http://localhost:3000/_next/static/chunks/node_modules_next_dist_0u_w_5s._.js:1945
[  237403ms] [ERROR] ./app/faq/page.tsx:157:7
Expected corresponding JSX closing tag for <motion.div>
  155 |         )}
  156 |       </AnimatePresence>
> 157 |     </div>
      |       ^^^
  158 |   );
  159 | }
  160 |

Parsing ecmascript source code failed

Import traces:
  Client Component Browser:
    ./app/faq/page.tsx [Client Component Browser]
    ./app/faq/page.tsx [Server Component]

  Client Component SSR:
    ./app/faq/page.tsx [Client Component SSR]
    ./app/faq/page.tsx [Server Component] @ http://localhost:3000/_next/static/chunks/node_modules_next_dist_0u_w_5s._.js:1945
[  237466ms] [ERROR] ./app/faq/page.tsx:157:7
Expected corresponding JSX closing tag for <motion.div>
  155 |         )}
  156 |       </AnimatePresence>
> 157 |     </div>
      |       ^^^
  158 |   );
  159 | }
  160 |

Parsing ecmascript source code failed

Import traces:
  Client Component Browser:
    ./app/faq/page.tsx [Client Component Browser]
    ./app/faq/page.tsx [Server Component]

  Client Component SSR:
    ./app/faq/page.tsx [Client Component SSR]
    ./app/faq/page.tsx [Server Component] @ http://localhost:3000/_next/static/chunks/node_modules_next_dist_0u_w_5s._.js:1945
[  237528ms] [ERROR] ./app/faq/page.tsx:157:7
Expected corresponding JSX closing tag for <motion.div>
  155 |         )}
  156 |       </AnimatePresence>
> 157 |     </div>
      |       ^^^
  158 |   );
  159 | }
  160 |

Parsing ecmascript source code failed

Import traces:
  Client Component Browser:
    ./app/faq/page.tsx [Client Component Browser]
    ./app/faq/page.tsx [Server Component]

  Client Component SSR:
    ./app/faq/page.tsx [Client Component SSR]
    ./app/faq/page.tsx [Server Component] @ http://localhost:3000/_next/static/chunks/node_modules_next_dist_0u_w_5s._.js:1945
[  237591ms] [ERROR] ./app/faq/page.tsx:157:7
Expected corresponding JSX closing tag for <motion.div>
  155 |         )}
  156 |       </AnimatePresence>
> 157 |     </div>
      |       ^^^
  158 |   );
  159 | }
  160 |

Parsing ecmascript source code failed

Import traces:
  Client Component Browser:
    ./app/faq/page.tsx [Client Component Browser]
    ./app/faq/page.tsx [Server Component]

  Client Component SSR:
    ./app/faq/page.tsx [Client Component SSR]
    ./app/faq/page.tsx [Server Component] @ http://localhost:3000/_next/static/chunks/node_modules_next_dist_0u_w_5s._.js:1945
[  237653ms] [ERROR] ./app/faq/page.tsx:157:7
Expected corresponding JSX closing tag for <motion.div>
  155 |         )}
  156 |       </AnimatePresence>
> 157 |     </div>
      |       ^^^
  158 |   );
  159 | }
  160 |

Parsing ecmascript source code failed

Import traces:
  Client Component Browser:
    ./app/faq/page.tsx [Client Component Browser]
    ./app/faq/page.tsx [Server Component]

  Client Component SSR:
    ./app/faq/page.tsx [Client Component SSR]
    ./app/faq/page.tsx [Server Component] @ http://localhost:3000/_next/static/chunks/node_modules_next_dist_0u_w_5s._.js:1945
[  237714ms] [ERROR] ./app/faq/page.tsx:157:7
Expected corresponding JSX closing tag for <motion.div>
  155 |         )}
  156 |       </AnimatePresence>
> 157 |     </div>
      |       ^^^
  158 |   );
  159 | }
  160 |

Parsing ecmascript source code failed

Import traces:
  Client Component Browser:
    ./app/faq/page.tsx [Client Component Browser]
    ./app/faq/page.tsx [Server Component]

  Client Component SSR:
    ./app/faq/page.tsx [Client Component SSR]
    ./app/faq/page.tsx [Server Component] @ http://localhost:3000/_next/static/chunks/node_modules_next_dist_0u_w_5s._.js:1945
[  237776ms] [ERROR] ./app/faq/page.tsx:157:7
Expected corresponding JSX closing tag for <motion.div>
  155 |         )}
  156 |       </AnimatePresence>
> 157 |     </div>
      |       ^^^
  158 |   );
  159 | }
  160 |

Parsing ecmascript source code failed

Import traces:
  Client Component Browser:
    ./app/faq/page.tsx [Client Component Browser]
    ./app/faq/page.tsx [Server Component]

  Client Component SSR:
    ./app/faq/page.tsx [Client Component SSR]
    ./app/faq/page.tsx [Server Component] @ http://localhost:3000/_next/static/chunks/node_modules_next_dist_0u_w_5s._.js:1945
[  237837ms] [ERROR] ./app/faq/page.tsx:157:7
Expected corresponding JSX closing tag for <motion.div>
  155 |         )}
  156 |       </AnimatePresence>
> 157 |     </div>
      |       ^^^
  158 |   );
  159 | }
  160 |

Parsing ecmascript source code failed

Import traces:
  Client Component Browser:
    ./app/faq/page.tsx [Client Component Browser]
    ./app/faq/page.tsx [Server Component]

  Client Component SSR:
    ./app/faq/page.tsx [Client Component SSR]
    ./app/faq/page.tsx [Server Component] @ http://localhost:3000/_next/static/chunks/node_modules_next_dist_0u_w_5s._.js:1945
[  237902ms] [ERROR] ./app/faq/page.tsx:157:7
Expected corresponding JSX closing tag for <motion.div>
  155 |         )}
  156 |       </AnimatePresence>
> 157 |     </div>
      |       ^^^
  158 |   );
  159 | }
  160 |

Parsing ecmascript source code failed

Import traces:
  Client Component Browser:
    ./app/faq/page.tsx [Client Component Browser]
    ./app/faq/page.tsx [Server Component]

  Client Component SSR:
    ./app/faq/page.tsx [Client Component SSR]
    ./app/faq/page.tsx [Server Component] @ http://localhost:3000/_next/static/chunks/node_modules_next_dist_0u_w_5s._.js:1945
[  237959ms] [ERROR] ./app/faq/page.tsx:157:7
Expected corresponding JSX closing tag for <motion.div>
  155 |         )}
  156 |       </AnimatePresence>
> 157 |     </div>
      |       ^^^
  158 |   );
  159 | }
  160 |

Parsing ecmascript source code failed

Import traces:
  Client Component Browser:
    ./app/faq/page.tsx [Client Component Browser]
    ./app/faq/page.tsx [Server Component]

  Client Component SSR:
    ./app/faq/page.tsx [Client Component SSR]
    ./app/faq/page.tsx [Server Component] @ http://localhost:3000/_next/static/chunks/node_modules_next_dist_0u_w_5s._.js:1945
[  238021ms] [ERROR] ./app/faq/page.tsx:157:7
Expected corresponding JSX closing tag for <motion.div>
  155 |         )}
  156 |       </AnimatePresence>
> 157 |     </div>
      |       ^^^
  158 |   );
  159 | }
  160 |

Parsing ecmascript source code failed

Import traces:
  Client Component Browser:
    ./app/faq/page.tsx [Client Component Browser]
    ./app/faq/page.tsx [Server Component]

  Client Component SSR:
    ./app/faq/page.tsx [Client Component SSR]
    ./app/faq/page.tsx [Server Component] @ http://localhost:3000/_next/static/chunks/node_modules_next_dist_0u_w_5s._.js:1945
[  238085ms] [ERROR] ./app/faq/page.tsx:157:7
Expected corresponding JSX closing tag for <motion.div>
  155 |         )}
  156 |       </AnimatePresence>
> 157 |     </div>
      |       ^^^
  158 |   );
  159 | }
  160 |

Parsing ecmascript source code failed

Import traces:
  Client Component Browser:
    ./app/faq/page.tsx [Client Component Browser]
    ./app/faq/page.tsx [Server Component]

  Client Component SSR:
    ./app/faq/page.tsx [Client Component SSR]
    ./app/faq/page.tsx [Server Component] @ http://localhost:3000/_next/static/chunks/node_modules_next_dist_0u_w_5s._.js:1945
[  238146ms] [ERROR] ./app/faq/page.tsx:157:7
Expected corresponding JSX closing tag for <motion.div>
  155 |         )}
  156 |       </AnimatePresence>
> 157 |     </div>
      |       ^^^
  158 |   );
  159 | }
  160 |

Parsing ecmascript source code failed

Import traces:
  Client Component Browser:
    ./app/faq/page.tsx [Client Component Browser]
    ./app/faq/page.tsx [Server Component]

  Client Component SSR:
    ./app/faq/page.tsx [Client Component SSR]
    ./app/faq/page.tsx [Server Component] @ http://localhost:3000/_next/static/chunks/node_modules_next_dist_0u_w_5s._.js:1945
[  238210ms] [ERROR] ./app/faq/page.tsx:157:7
Expected corresponding JSX closing tag for <motion.div>
  155 |         )}
  156 |       </AnimatePresence>
> 157 |     </div>
      |       ^^^
  158 |   );
  159 | }
  160 |

Parsing ecmascript source code failed

Import traces:
  Client Component Browser:
    ./app/faq/page.tsx [Client Component Browser]
    ./app/faq/page.tsx [Server Component]

  Client Component SSR:
    ./app/faq/page.tsx [Client Component SSR]
    ./app/faq/page.tsx [Server Component] @ http://localhost:3000/_next/static/chunks/node_modules_next_dist_0u_w_5s._.js:1945
[  238273ms] [ERROR] ./app/faq/page.tsx:157:7
Expected corresponding JSX closing tag for <motion.div>
  155 |         )}
  156 |       </AnimatePresence>
> 157 |     </div>
      |       ^^^
  158 |   );
  159 | }
  160 |

Parsing ecmascript source code failed

Import traces:
  Client Component Browser:
    ./app/faq/page.tsx [Client Component Browser]
    ./app/faq/page.tsx [Server Component]

  Client Component SSR:
    ./app/faq/page.tsx [Client Component SSR]
    ./app/faq/page.tsx [Server Component] @ http://localhost:3000/_next/static/chunks/node_modules_next_dist_0u_w_5s._.js:1945
[  238332ms] [ERROR] ./app/faq/page.tsx:157:7
Expected corresponding JSX closing tag for <motion.div>
  155 |         )}
  156 |       </AnimatePresence>
> 157 |     </div>
      |       ^^^
  158 |   );
  159 | }
  160 |

Parsing ecmascript source code failed

Import traces:
  Client Component Browser:
    ./app/faq/page.tsx [Client Component Browser]
    ./app/faq/page.tsx [Server Component]

  Client Component SSR:
    ./app/faq/page.tsx [Client Component SSR]
    ./app/faq/page.tsx [Server Component] @ http://localhost:3000/_next/static/chunks/node_modules_next_dist_0u_w_5s._.js:1945
[  238397ms] [ERROR] ./app/faq/page.tsx:157:7
Expected corresponding JSX closing tag for <motion.div>
  155 |         )}
  156 |       </AnimatePresence>
> 157 |     </div>
      |       ^^^
  158 |   );
  159 | }
  160 |

Parsing ecmascript source code failed

Import traces:
  Client Component Browser:
    ./app/faq/page.tsx [Client Component Browser]
    ./app/faq/page.tsx [Server Component]

  Client Component SSR:
    ./app/faq/page.tsx [Client Component SSR]
    ./app/faq/page.tsx [Server Component] @ http://localhost:3000/_next/static/chunks/node_modules_next_dist_0u_w_5s._.js:1945
[  238453ms] [ERROR] ./app/faq/page.tsx:157:7
Expected corresponding JSX closing tag for <motion.div>
  155 |         )}
  156 |       </AnimatePresence>
> 157 |     </div>
      |       ^^^
  158 |   );
  159 | }
  160 |

Parsing ecmascript source code failed

Import traces:
  Client Component Browser:
    ./app/faq/page.tsx [Client Component Browser]
    ./app/faq/page.tsx [Server Component]

  Client Component SSR:
    ./app/faq/page.tsx [Client Component SSR]
    ./app/faq/page.tsx [Server Component] @ http://localhost:3000/_next/static/chunks/node_modules_next_dist_0u_w_5s._.js:1945
[  238514ms] [ERROR] ./app/faq/page.tsx:157:7
Expected corresponding JSX closing tag for <motion.div>
  155 |         )}
  156 |       </AnimatePresence>
> 157 |     </div>
      |       ^^^
  158 |   );
  159 | }
  160 |

Parsing ecmascript source code failed

Import traces:
  Client Component Browser:
    ./app/faq/page.tsx [Client Component Browser]
    ./app/faq/page.tsx [Server Component]

  Client Component SSR:
    ./app/faq/page.tsx [Client Component SSR]
    ./app/faq/page.tsx [Server Component] @ http://localhost:3000/_next/static/chunks/node_modules_next_dist_0u_w_5s._.js:1945
[  238576ms] [ERROR] ./app/faq/page.tsx:157:7
Expected corresponding JSX closing tag for <motion.div>
  155 |         )}
  156 |       </AnimatePresence>
> 157 |     </div>
      |       ^^^
  158 |   );
  159 | }
  160 |

Parsing ecmascript source code failed

Import traces:
  Client Component Browser:
    ./app/faq/page.tsx [Client Component Browser]
    ./app/faq/page.tsx [Server Component]

  Client Component SSR:
    ./app/faq/page.tsx [Client Component SSR]
    ./app/faq/page.tsx [Server Component] @ http://localhost:3000/_next/static/chunks/node_modules_next_dist_0u_w_5s._.js:1945
[  238638ms] [ERROR] ./app/faq/page.tsx:157:7
Expected corresponding JSX closing tag for <motion.div>
  155 |         )}
  156 |       </AnimatePresence>
> 157 |     </div>
      |       ^^^
  158 |   );
  159 | }
  160 |

Parsing ecmascript source code failed

Import traces:
  Client Component Browser:
    ./app/faq/page.tsx [Client Component Browser]
    ./app/faq/page.tsx [Server Component]

  Client Component SSR:
    ./app/faq/page.tsx [Client Component SSR]
    ./app/faq/page.tsx [Server Component] @ http://localhost:3000/_next/static/chunks/node_modules_next_dist_0u_w_5s._.js:1945
[  238694ms] [ERROR] ./app/faq/page.tsx:157:7
Expected corresponding JSX closing tag for <motion.div>
  155 |         )}
  156 |       </AnimatePresence>
> 157 |     </div>
      |       ^^^
  158 |   );
  159 | }
  160 |

Parsing ecmascript source code failed

Import traces:
  Client Component Browser:
    ./app/faq/page.tsx [Client Component Browser]
    ./app/faq/page.tsx [Server Component]

  Client Component SSR:
    ./app/faq/page.tsx [Client Component SSR]
    ./app/faq/page.tsx [Server Component] @ http://localhost:3000/_next/static/chunks/node_modules_next_dist_0u_w_5s._.js:1945
[  238759ms] [ERROR] ./app/faq/page.tsx:157:7
Expected corresponding JSX closing tag for <motion.div>
  155 |         )}
  156 |       </AnimatePresence>
> 157 |     </div>
      |       ^^^
  158 |   );
  159 | }
  160 |

Parsing ecmascript source code failed

Import traces:
  Client Component Browser:
    ./app/faq/page.tsx [Client Component Browser]
    ./app/faq/page.tsx [Server Component]

  Client Component SSR:
    ./app/faq/page.tsx [Client Component SSR]
    ./app/faq/page.tsx [Server Component] @ http://localhost:3000/_next/static/chunks/node_modules_next_dist_0u_w_5s._.js:1945
[  238819ms] [ERROR] ./app/faq/page.tsx:157:7
Expected corresponding JSX closing tag for <motion.div>
  155 |         )}
  156 |       </AnimatePresence>
> 157 |     </div>
      |       ^^^
  158 |   );
  159 | }
  160 |

Parsing ecmascript source code failed

Import traces:
  Client Component Browser:
    ./app/faq/page.tsx [Client Component Browser]
    ./app/faq/page.tsx [Server Component]

  Client Component SSR:
    ./app/faq/page.tsx [Client Component SSR]
    ./app/faq/page.tsx [Server Component] @ http://localhost:3000/_next/static/chunks/node_modules_next_dist_0u_w_5s._.js:1945
[  238882ms] [ERROR] ./app/faq/page.tsx:157:7
Expected corresponding JSX closing tag for <motion.div>
  155 |         )}
  156 |       </AnimatePresence>
> 157 |     </div>
      |       ^^^
  158 |   );
  159 | }
  160 |

Parsing ecmascript source code failed

Import traces:
  Client Component Browser:
    ./app/faq/page.tsx [Client Component Browser]
    ./app/faq/page.tsx [Server Component]

  Client Component SSR:
    ./app/faq/page.tsx [Client Component SSR]
    ./app/faq/page.tsx [Server Component] @ http://localhost:3000/_next/static/chunks/node_modules_next_dist_0u_w_5s._.js:1945
[  238942ms] [ERROR] ./app/faq/page.tsx:157:7
Expected corresponding JSX closing tag for <motion.div>
  155 |         )}
  156 |       </AnimatePresence>
> 157 |     </div>
      |       ^^^
  158 |   );
  159 | }
  160 |

Parsing ecmascript source code failed

Import traces:
  Client Component Browser:
    ./app/faq/page.tsx [Client Component Browser]
    ./app/faq/page.tsx [Server Component]

  Client Component SSR:
    ./app/faq/page.tsx [Client Component SSR]
    ./app/faq/page.tsx [Server Component] @ http://localhost:3000/_next/static/chunks/node_modules_next_dist_0u_w_5s._.js:1945
[  239006ms] [ERROR] ./app/faq/page.tsx:157:7
Expected corresponding JSX closing tag for <motion.div>
  155 |         )}
  156 |       </AnimatePresence>
> 157 |     </div>
      |       ^^^
  158 |   );
  159 | }
  160 |

Parsing ecmascript source code failed

Import traces:
  Client Component Browser:
    ./app/faq/page.tsx [Client Component Browser]
    ./app/faq/page.tsx [Server Component]

  Client Component SSR:
    ./app/faq/page.tsx [Client Component SSR]
    ./app/faq/page.tsx [Server Component] @ http://localhost:3000/_next/static/chunks/node_modules_next_dist_0u_w_5s._.js:1945
[  239070ms] [ERROR] ./app/faq/page.tsx:157:7
Expected corresponding JSX closing tag for <motion.div>
  155 |         )}
  156 |       </AnimatePresence>
> 157 |     </div>
      |       ^^^
  158 |   );
  159 | }
  160 |

Parsing ecmascript source code failed

Import traces:
  Client Component Browser:
    ./app/faq/page.tsx [Client Component Browser]
    ./app/faq/page.tsx [Server Component]

  Client Component SSR:
    ./app/faq/page.tsx [Client Component SSR]
    ./app/faq/page.tsx [Server Component] @ http://localhost:3000/_next/static/chunks/node_modules_next_dist_0u_w_5s._.js:1945
[  239133ms] [ERROR] ./app/faq/page.tsx:157:7
Expected corresponding JSX closing tag for <motion.div>
  155 |         )}
  156 |       </AnimatePresence>
> 157 |     </div>
      |       ^^^
  158 |   );
  159 | }
  160 |

Parsing ecmascript source code failed

Import traces:
  Client Component Browser:
    ./app/faq/page.tsx [Client Component Browser]
    ./app/faq/page.tsx [Server Component]

  Client Component SSR:
    ./app/faq/page.tsx [Client Component SSR]
    ./app/faq/page.tsx [Server Component] @ http://localhost:3000/_next/static/chunks/node_modules_next_dist_0u_w_5s._.js:1945
[  239196ms] [ERROR] ./app/faq/page.tsx:157:7
Expected corresponding JSX closing tag for <motion.div>
  155 |         )}
  156 |       </AnimatePresence>
> 157 |     </div>
      |       ^^^
  158 |   );
  159 | }
  160 |

Parsing ecmascript source code failed

Import traces:
  Client Component Browser:
    ./app/faq/page.tsx [Client Component Browser]
    ./app/faq/page.tsx [Server Component]

  Client Component SSR:
    ./app/faq/page.tsx [Client Component SSR]
    ./app/faq/page.tsx [Server Component] @ http://localhost:3000/_next/static/chunks/node_modules_next_dist_0u_w_5s._.js:1945
[  239261ms] [ERROR] ./app/faq/page.tsx:157:7
Expected corresponding JSX closing tag for <motion.div>
  155 |         )}
  156 |       </AnimatePresence>
> 157 |     </div>
      |       ^^^
  158 |   );
  159 | }
  160 |

Parsing ecmascript source code failed

Import traces:
  Client Component Browser:
    ./app/faq/page.tsx [Client Component Browser]
    ./app/faq/page.tsx [Server Component]

  Client Component SSR:
    ./app/faq/page.tsx [Client Component SSR]
    ./app/faq/page.tsx [Server Component] @ http://localhost:3000/_next/static/chunks/node_modules_next_dist_0u_w_5s._.js:1945
[  239319ms] [ERROR] ./app/faq/page.tsx:157:7
Expected corresponding JSX closing tag for <motion.div>
  155 |         )}
  156 |       </AnimatePresence>
> 157 |     </div>
      |       ^^^
  158 |   );
  159 | }
  160 |

Parsing ecmascript source code failed

Import traces:
  Client Component Browser:
    ./app/faq/page.tsx [Client Component Browser]
    ./app/faq/page.tsx [Server Component]

  Client Component SSR:
    ./app/faq/page.tsx [Client Component SSR]
    ./app/faq/page.tsx [Server Component] @ http://localhost:3000/_next/static/chunks/node_modules_next_dist_0u_w_5s._.js:1945
[  239385ms] [ERROR] ./app/faq/page.tsx:157:7
Expected corresponding JSX closing tag for <motion.div>
  155 |         )}
  156 |       </AnimatePresence>
> 157 |     </div>
      |       ^^^
  158 |   );
  159 | }
  160 |

Parsing ecmascript source code failed

Import traces:
  Client Component Browser:
    ./app/faq/page.tsx [Client Component Browser]
    ./app/faq/page.tsx [Server Component]

  Client Component SSR:
    ./app/faq/page.tsx [Client Component SSR]
    ./app/faq/page.tsx [Server Component] @ http://localhost:3000/_next/static/chunks/node_modules_next_dist_0u_w_5s._.js:1945
[  239444ms] [ERROR] ./app/faq/page.tsx:157:7
Expected corresponding JSX closing tag for <motion.div>
  155 |         )}
  156 |       </AnimatePresence>
> 157 |     </div>
      |       ^^^
  158 |   );
  159 | }
  160 |

Parsing ecmascript source code failed

Import traces:
  Client Component Browser:
    ./app/faq/page.tsx [Client Component Browser]
    ./app/faq/page.tsx [Server Component]

  Client Component SSR:
    ./app/faq/page.tsx [Client Component SSR]
    ./app/faq/page.tsx [Server Component] @ http://localhost:3000/_next/static/chunks/node_modules_next_dist_0u_w_5s._.js:1945
[  239505ms] [ERROR] ./app/faq/page.tsx:157:7
Expected corresponding JSX closing tag for <motion.div>
  155 |         )}
  156 |       </AnimatePresence>
> 157 |     </div>
      |       ^^^
  158 |   );
  159 | }
  160 |

Parsing ecmascript source code failed

Import traces:
  Client Component Browser:
    ./app/faq/page.tsx [Client Component Browser]
    ./app/faq/page.tsx [Server Component]

  Client Component SSR:
    ./app/faq/page.tsx [Client Component SSR]
    ./app/faq/page.tsx [Server Component] @ http://localhost:3000/_next/static/chunks/node_modules_next_dist_0u_w_5s._.js:1945
[  239567ms] [ERROR] ./app/faq/page.tsx:157:7
Expected corresponding JSX closing tag for <motion.div>
  155 |         )}
  156 |       </AnimatePresence>
> 157 |     </div>
      |       ^^^
  158 |   );
  159 | }
  160 |

Parsing ecmascript source code failed

Import traces:
  Client Component Browser:
    ./app/faq/page.tsx [Client Component Browser]
    ./app/faq/page.tsx [Server Component]

  Client Component SSR:
    ./app/faq/page.tsx [Client Component SSR]
    ./app/faq/page.tsx [Server Component] @ http://localhost:3000/_next/static/chunks/node_modules_next_dist_0u_w_5s._.js:1945
[  239629ms] [ERROR] ./app/faq/page.tsx:157:7
Expected corresponding JSX closing tag for <motion.div>
  155 |         )}
  156 |       </AnimatePresence>
> 157 |     </div>
      |       ^^^
  158 |   );
  159 | }
  160 |

Parsing ecmascript source code failed

Import traces:
  Client Component Browser:
    ./app/faq/page.tsx [Client Component Browser]
    ./app/faq/page.tsx [Server Component]

  Client Component SSR:
    ./app/faq/page.tsx [Client Component SSR]
    ./app/faq/page.tsx [Server Component] @ http://localhost:3000/_next/static/chunks/node_modules_next_dist_0u_w_5s._.js:1945
[  239693ms] [ERROR] ./app/faq/page.tsx:157:7
Expected corresponding JSX closing tag for <motion.div>
  155 |         )}
  156 |       </AnimatePresence>
> 157 |     </div>
      |       ^^^
  158 |   );
  159 | }
  160 |

Parsing ecmascript source code failed

Import traces:
  Client Component Browser:
    ./app/faq/page.tsx [Client Component Browser]
    ./app/faq/page.tsx [Server Component]

  Client Component SSR:
    ./app/faq/page.tsx [Client Component SSR]
    ./app/faq/page.tsx [Server Component] @ http://localhost:3000/_next/static/chunks/node_modules_next_dist_0u_w_5s._.js:1945
[  239752ms] [ERROR] ./app/faq/page.tsx:157:7
Expected corresponding JSX closing tag for <motion.div>
  155 |         )}
  156 |       </AnimatePresence>
> 157 |     </div>
      |       ^^^
  158 |   );
  159 | }
  160 |

Parsing ecmascript source code failed

Import traces:
  Client Component Browser:
    ./app/faq/page.tsx [Client Component Browser]
    ./app/faq/page.tsx [Server Component]

  Client Component SSR:
    ./app/faq/page.tsx [Client Component SSR]
    ./app/faq/page.tsx [Server Component] @ http://localhost:3000/_next/static/chunks/node_modules_next_dist_0u_w_5s._.js:1945
[  239817ms] [ERROR] ./app/faq/page.tsx:157:7
Expected corresponding JSX closing tag for <motion.div>
  155 |         )}
  156 |       </AnimatePresence>
> 157 |     </div>
      |       ^^^
  158 |   );
  159 | }
  160 |

Parsing ecmascript source code failed

Import traces:
  Client Component Browser:
    ./app/faq/page.tsx [Client Component Browser]
    ./app/faq/page.tsx [Server Component]

  Client Component SSR:
    ./app/faq/page.tsx [Client Component SSR]
    ./app/faq/page.tsx [Server Component] @ http://localhost:3000/_next/static/chunks/node_modules_next_dist_0u_w_5s._.js:1945
[  239875ms] [ERROR] ./app/faq/page.tsx:157:7
Expected corresponding JSX closing tag for <motion.div>
  155 |         )}
  156 |       </AnimatePresence>
> 157 |     </div>
      |       ^^^
  158 |   );
  159 | }
  160 |

Parsing ecmascript source code failed

Import traces:
  Client Component Browser:
    ./app/faq/page.tsx [Client Component Browser]
    ./app/faq/page.tsx [Server Component]

  Client Component SSR:
    ./app/faq/page.tsx [Client Component SSR]
    ./app/faq/page.tsx [Server Component] @ http://localhost:3000/_next/static/chunks/node_modules_next_dist_0u_w_5s._.js:1945
[  239937ms] [ERROR] ./app/faq/page.tsx:157:7
Expected corresponding JSX closing tag for <motion.div>
  155 |         )}
  156 |       </AnimatePresence>
> 157 |     </div>
      |       ^^^
  158 |   );
  159 | }
  160 |

Parsing ecmascript source code failed

Import traces:
  Client Component Browser:
    ./app/faq/page.tsx [Client Component Browser]
    ./app/faq/page.tsx [Server Component]

  Client Component SSR:
    ./app/faq/page.tsx [Client Component SSR]
    ./app/faq/page.tsx [Server Component] @ http://localhost:3000/_next/static/chunks/node_modules_next_dist_0u_w_5s._.js:1945
[  240001ms] [ERROR] ./app/faq/page.tsx:157:7
Expected corresponding JSX closing tag for <motion.div>
  155 |         )}
  156 |       </AnimatePresence>
> 157 |     </div>
      |       ^^^
  158 |   );
  159 | }
  160 |

Parsing ecmascript source code failed

Import traces:
  Client Component Browser:
    ./app/faq/page.tsx [Client Component Browser]
    ./app/faq/page.tsx [Server Component]

  Client Component SSR:
    ./app/faq/page.tsx [Client Component SSR]
    ./app/faq/page.tsx [Server Component] @ http://localhost:3000/_next/static/chunks/node_modules_next_dist_0u_w_5s._.js:1945
[  240064ms] [ERROR] ./app/faq/page.tsx:157:7
Expected corresponding JSX closing tag for <motion.div>
  155 |         )}
  156 |       </AnimatePresence>
> 157 |     </div>
      |       ^^^
  158 |   );
  159 | }
  160 |

Parsing ecmascript source code failed

Import traces:
  Client Component Browser:
    ./app/faq/page.tsx [Client Component Browser]
    ./app/faq/page.tsx [Server Component]

  Client Component SSR:
    ./app/faq/page.tsx [Client Component SSR]
    ./app/faq/page.tsx [Server Component] @ http://localhost:3000/_next/static/chunks/node_modules_next_dist_0u_w_5s._.js:1945
[  240126ms] [ERROR] ./app/faq/page.tsx:157:7
Expected corresponding JSX closing tag for <motion.div>
  155 |         )}
  156 |       </AnimatePresence>
> 157 |     </div>
      |       ^^^
  158 |   );
  159 | }
  160 |

Parsing ecmascript source code failed

Import traces:
  Client Component Browser:
    ./app/faq/page.tsx [Client Component Browser]
    ./app/faq/page.tsx [Server Component]

  Client Component SSR:
    ./app/faq/page.tsx [Client Component SSR]
    ./app/faq/page.tsx [Server Component] @ http://localhost:3000/_next/static/chunks/node_modules_next_dist_0u_w_5s._.js:1945
[  240188ms] [ERROR] ./app/faq/page.tsx:157:7
Expected corresponding JSX closing tag for <motion.div>
  155 |         )}
  156 |       </AnimatePresence>
> 157 |     </div>
      |       ^^^
  158 |   );
  159 | }
  160 |

Parsing ecmascript source code failed

Import traces:
  Client Component Browser:
    ./app/faq/page.tsx [Client Component Browser]
    ./app/faq/page.tsx [Server Component]

  Client Component SSR:
    ./app/faq/page.tsx [Client Component SSR]
    ./app/faq/page.tsx [Server Component] @ http://localhost:3000/_next/static/chunks/node_modules_next_dist_0u_w_5s._.js:1945
[  240252ms] [ERROR] ./app/faq/page.tsx:157:7
Expected corresponding JSX closing tag for <motion.div>
  155 |         )}
  156 |       </AnimatePresence>
> 157 |     </div>
      |       ^^^
  158 |   );
  159 | }
  160 |

Parsing ecmascript source code failed

Import traces:
  Client Component Browser:
    ./app/faq/page.tsx [Client Component Browser]
    ./app/faq/page.tsx [Server Component]

  Client Component SSR:
    ./app/faq/page.tsx [Client Component SSR]
    ./app/faq/page.tsx [Server Component] @ http://localhost:3000/_next/static/chunks/node_modules_next_dist_0u_w_5s._.js:1945
[  240318ms] [ERROR] ./app/faq/page.tsx:157:7
Expected corresponding JSX closing tag for <motion.div>
  155 |         )}
  156 |       </AnimatePresence>
> 157 |     </div>
      |       ^^^
  158 |   );
  159 | }
  160 |

Parsing ecmascript source code failed

Import traces:
  Client Component Browser:
    ./app/faq/page.tsx [Client Component Browser]
    ./app/faq/page.tsx [Server Component]

  Client Component SSR:
    ./app/faq/page.tsx [Client Component SSR]
    ./app/faq/page.tsx [Server Component] @ http://localhost:3000/_next/static/chunks/node_modules_next_dist_0u_w_5s._.js:1945
[  240373ms] [ERROR] ./app/faq/page.tsx:157:7
Expected corresponding JSX closing tag for <motion.div>
  155 |         )}
  156 |       </AnimatePresence>
> 157 |     </div>
      |       ^^^
  158 |   );
  159 | }
  160 |

Parsing ecmascript source code failed

Import traces:
  Client Component Browser:
    ./app/faq/page.tsx [Client Component Browser]
    ./app/faq/page.tsx [Server Component]

  Client Component SSR:
    ./app/faq/page.tsx [Client Component SSR]
    ./app/faq/page.tsx [Server Component] @ http://localhost:3000/_next/static/chunks/node_modules_next_dist_0u_w_5s._.js:1945
[  240433ms] [ERROR] ./app/faq/page.tsx:157:7
Expected corresponding JSX closing tag for <motion.div>
  155 |         )}
  156 |       </AnimatePresence>
> 157 |     </div>
      |       ^^^
  158 |   );
  159 | }
  160 |

Parsing ecmascript source code failed

Import traces:
  Client Component Browser:
    ./app/faq/page.tsx [Client Component Browser]
    ./app/faq/page.tsx [Server Component]

  Client Component SSR:
    ./app/faq/page.tsx [Client Component SSR]
    ./app/faq/page.tsx [Server Component] @ http://localhost:3000/_next/static/chunks/node_modules_next_dist_0u_w_5s._.js:1945
[  240493ms] [ERROR] ./app/faq/page.tsx:157:7
Expected corresponding JSX closing tag for <motion.div>
  155 |         )}
  156 |       </AnimatePresence>
> 157 |     </div>
      |       ^^^
  158 |   );
  159 | }
  160 |

Parsing ecmascript source code failed

Import traces:
  Client Component Browser:
    ./app/faq/page.tsx [Client Component Browser]
    ./app/faq/page.tsx [Server Component]

  Client Component SSR:
    ./app/faq/page.tsx [Client Component SSR]
    ./app/faq/page.tsx [Server Component] @ http://localhost:3000/_next/static/chunks/node_modules_next_dist_0u_w_5s._.js:1945
[  240553ms] [ERROR] ./app/faq/page.tsx:157:7
Expected corresponding JSX closing tag for <motion.div>
  155 |         )}
  156 |       </AnimatePresence>
> 157 |     </div>
      |       ^^^
  158 |   );
  159 | }
  160 |

Parsing ecmascript source code failed

Import traces:
  Client Component Browser:
    ./app/faq/page.tsx [Client Component Browser]
    ./app/faq/page.tsx [Server Component]

  Client Component SSR:
    ./app/faq/page.tsx [Client Component SSR]
    ./app/faq/page.tsx [Server Component] @ http://localhost:3000/_next/static/chunks/node_modules_next_dist_0u_w_5s._.js:1945
[  240613ms] [ERROR] ./app/faq/page.tsx:157:7
Expected corresponding JSX closing tag for <motion.div>
  155 |         )}
  156 |       </AnimatePresence>
> 157 |     </div>
      |       ^^^
  158 |   );
  159 | }
  160 |

Parsing ecmascript source code failed

Import traces:
  Client Component Browser:
    ./app/faq/page.tsx [Client Component Browser]
    ./app/faq/page.tsx [Server Component]

  Client Component SSR:
    ./app/faq/page.tsx [Client Component SSR]
    ./app/faq/page.tsx [Server Component] @ http://localhost:3000/_next/static/chunks/node_modules_next_dist_0u_w_5s._.js:1945
[  240677ms] [ERROR] ./app/faq/page.tsx:157:7
Expected corresponding JSX closing tag for <motion.div>
  155 |         )}
  156 |       </AnimatePresence>
> 157 |     </div>
      |       ^^^
  158 |   );
  159 | }
  160 |

Parsing ecmascript source code failed

Import traces:
  Client Component Browser:
    ./app/faq/page.tsx [Client Component Browser]
    ./app/faq/page.tsx [Server Component]

  Client Component SSR:
    ./app/faq/page.tsx [Client Component SSR]
    ./app/faq/page.tsx [Server Component] @ http://localhost:3000/_next/static/chunks/node_modules_next_dist_0u_w_5s._.js:1945
[  240738ms] [ERROR] ./app/faq/page.tsx:157:7
Expected corresponding JSX closing tag for <motion.div>
  155 |         )}
  156 |       </AnimatePresence>
> 157 |     </div>
      |       ^^^
  158 |   );
  159 | }
  160 |

Parsing ecmascript source code failed

Import traces:
  Client Component Browser:
    ./app/faq/page.tsx [Client Component Browser]
    ./app/faq/page.tsx [Server Component]

  Client Component SSR:
    ./app/faq/page.tsx [Client Component SSR]
    ./app/faq/page.tsx [Server Component] @ http://localhost:3000/_next/static/chunks/node_modules_next_dist_0u_w_5s._.js:1945
[  240801ms] [ERROR] ./app/faq/page.tsx:157:7
Expected corresponding JSX closing tag for <motion.div>
  155 |         )}
  156 |       </AnimatePresence>
> 157 |     </div>
      |       ^^^
  158 |   );
  159 | }
  160 |

Parsing ecmascript source code failed

Import traces:
  Client Component Browser:
    ./app/faq/page.tsx [Client Component Browser]
    ./app/faq/page.tsx [Server Component]

  Client Component SSR:
    ./app/faq/page.tsx [Client Component SSR]
    ./app/faq/page.tsx [Server Component] @ http://localhost:3000/_next/static/chunks/node_modules_next_dist_0u_w_5s._.js:1945
[  240864ms] [ERROR] ./app/faq/page.tsx:157:7
Expected corresponding JSX closing tag for <motion.div>
  155 |         )}
  156 |       </AnimatePresence>
> 157 |     </div>
      |       ^^^
  158 |   );
  159 | }
  160 |

Parsing ecmascript source code failed

Import traces:
  Client Component Browser:
    ./app/faq/page.tsx [Client Component Browser]
    ./app/faq/page.tsx [Server Component]

  Client Component SSR:
    ./app/faq/page.tsx [Client Component SSR]
    ./app/faq/page.tsx [Server Component] @ http://localhost:3000/_next/static/chunks/node_modules_next_dist_0u_w_5s._.js:1945
[  240927ms] [ERROR] ./app/faq/page.tsx:157:7
Expected corresponding JSX closing tag for <motion.div>
  155 |         )}
  156 |       </AnimatePresence>
> 157 |     </div>
      |       ^^^
  158 |   );
  159 | }
  160 |

Parsing ecmascript source code failed

Import traces:
  Client Component Browser:
    ./app/faq/page.tsx [Client Component Browser]
    ./app/faq/page.tsx [Server Component]

  Client Component SSR:
    ./app/faq/page.tsx [Client Component SSR]
    ./app/faq/page.tsx [Server Component] @ http://localhost:3000/_next/static/chunks/node_modules_next_dist_0u_w_5s._.js:1945
[  240990ms] [ERROR] ./app/faq/page.tsx:157:7
Expected corresponding JSX closing tag for <motion.div>
  155 |         )}
  156 |       </AnimatePresence>
> 157 |     </div>
      |       ^^^
  158 |   );
  159 | }
  160 |

Parsing ecmascript source code failed

Import traces:
  Client Component Browser:
    ./app/faq/page.tsx [Client Component Browser]
    ./app/faq/page.tsx [Server Component]

  Client Component SSR:
    ./app/faq/page.tsx [Client Component SSR]
    ./app/faq/page.tsx [Server Component] @ http://localhost:3000/_next/static/chunks/node_modules_next_dist_0u_w_5s._.js:1945
[  241053ms] [ERROR] ./app/faq/page.tsx:157:7
Expected corresponding JSX closing tag for <motion.div>
  155 |         )}
  156 |       </AnimatePresence>
> 157 |     </div>
      |       ^^^
  158 |   );
  159 | }
  160 |

Parsing ecmascript source code failed

Import traces:
  Client Component Browser:
    ./app/faq/page.tsx [Client Component Browser]
    ./app/faq/page.tsx [Server Component]

  Client Component SSR:
    ./app/faq/page.tsx [Client Component SSR]
    ./app/faq/page.tsx [Server Component] @ http://localhost:3000/_next/static/chunks/node_modules_next_dist_0u_w_5s._.js:1945
[  241119ms] [ERROR] ./app/faq/page.tsx:157:7
Expected corresponding JSX closing tag for <motion.div>
  155 |         )}
  156 |       </AnimatePresence>
> 157 |     </div>
      |       ^^^
  158 |   );
  159 | }
  160 |

Parsing ecmascript source code failed

Import traces:
  Client Component Browser:
    ./app/faq/page.tsx [Client Component Browser]
    ./app/faq/page.tsx [Server Component]

  Client Component SSR:
    ./app/faq/page.tsx [Client Component SSR]
    ./app/faq/page.tsx [Server Component] @ http://localhost:3000/_next/static/chunks/node_modules_next_dist_0u_w_5s._.js:1945
[  241181ms] [ERROR] ./app/faq/page.tsx:157:7
Expected corresponding JSX closing tag for <motion.div>
  155 |         )}
  156 |       </AnimatePresence>
> 157 |     </div>
      |       ^^^
  158 |   );
  159 | }
  160 |

Parsing ecmascript source code failed

Import traces:
  Client Component Browser:
    ./app/faq/page.tsx [Client Component Browser]
    ./app/faq/page.tsx [Server Component]

  Client Component SSR:
    ./app/faq/page.tsx [Client Component SSR]
    ./app/faq/page.tsx [Server Component] @ http://localhost:3000/_next/static/chunks/node_modules_next_dist_0u_w_5s._.js:1945
[  241240ms] [ERROR] ./app/faq/page.tsx:157:7
Expected corresponding JSX closing tag for <motion.div>
  155 |         )}
  156 |       </AnimatePresence>
> 157 |     </div>
      |       ^^^
  158 |   );
  159 | }
  160 |

Parsing ecmascript source code failed

Import traces:
  Client Component Browser:
    ./app/faq/page.tsx [Client Component Browser]
    ./app/faq/page.tsx [Server Component]

  Client Component SSR:
    ./app/faq/page.tsx [Client Component SSR]
    ./app/faq/page.tsx [Server Component] @ http://localhost:3000/_next/static/chunks/node_modules_next_dist_0u_w_5s._.js:1945
[  241303ms] [ERROR] ./app/faq/page.tsx:157:7
Expected corresponding JSX closing tag for <motion.div>
  155 |         )}
  156 |       </AnimatePresence>
> 157 |     </div>
      |       ^^^
  158 |   );
  159 | }
  160 |

Parsing ecmascript source code failed

Import traces:
  Client Component Browser:
    ./app/faq/page.tsx [Client Component Browser]
    ./app/faq/page.tsx [Server Component]

  Client Component SSR:
    ./app/faq/page.tsx [Client Component SSR]
    ./app/faq/page.tsx [Server Component] @ http://localhost:3000/_next/static/chunks/node_modules_next_dist_0u_w_5s._.js:1945
[  241365ms] [ERROR] ./app/faq/page.tsx:157:7
Expected corresponding JSX closing tag for <motion.div>
  155 |         )}
  156 |       </AnimatePresence>
> 157 |     </div>
      |       ^^^
  158 |   );
  159 | }
  160 |

Parsing ecmascript source code failed

Import traces:
  Client Component Browser:
    ./app/faq/page.tsx [Client Component Browser]
    ./app/faq/page.tsx [Server Component]

  Client Component SSR:
    ./app/faq/page.tsx [Client Component SSR]
    ./app/faq/page.tsx [Server Component] @ http://localhost:3000/_next/static/chunks/node_modules_next_dist_0u_w_5s._.js:1945
[  241434ms] [ERROR] ./app/faq/page.tsx:157:7
Expected corresponding JSX closing tag for <motion.div>
  155 |         )}
  156 |       </AnimatePresence>
> 157 |     </div>
      |       ^^^
  158 |   );
  159 | }
  160 |

Parsing ecmascript source code failed

Import traces:
  Client Component Browser:
    ./app/faq/page.tsx [Client Component Browser]
    ./app/faq/page.tsx [Server Component]

  Client Component SSR:
    ./app/faq/page.tsx [Client Component SSR]
    ./app/faq/page.tsx [Server Component] @ http://localhost:3000/_next/static/chunks/node_modules_next_dist_0u_w_5s._.js:1945
[  241492ms] [ERROR] ./app/faq/page.tsx:157:7
Expected corresponding JSX closing tag for <motion.div>
  155 |         )}
  156 |       </AnimatePresence>
> 157 |     </div>
      |       ^^^
  158 |   );
  159 | }
  160 |

Parsing ecmascript source code failed

Import traces:
  Client Component Browser:
    ./app/faq/page.tsx [Client Component Browser]
    ./app/faq/page.tsx [Server Component]

  Client Component SSR:
    ./app/faq/page.tsx [Client Component SSR]
    ./app/faq/page.tsx [Server Component] @ http://localhost:3000/_next/static/chunks/node_modules_next_dist_0u_w_5s._.js:1945
[  241553ms] [ERROR] ./app/faq/page.tsx:157:7
Expected corresponding JSX closing tag for <motion.div>
  155 |         )}
  156 |       </AnimatePresence>
> 157 |     </div>
      |       ^^^
  158 |   );
  159 | }
  160 |

Parsing ecmascript source code failed

Import traces:
  Client Component Browser:
    ./app/faq/page.tsx [Client Component Browser]
    ./app/faq/page.tsx [Server Component]

  Client Component SSR:
    ./app/faq/page.tsx [Client Component SSR]
    ./app/faq/page.tsx [Server Component] @ http://localhost:3000/_next/static/chunks/node_modules_next_dist_0u_w_5s._.js:1945
[  241617ms] [ERROR] ./app/faq/page.tsx:157:7
Expected corresponding JSX closing tag for <motion.div>
  155 |         )}
  156 |       </AnimatePresence>
> 157 |     </div>
      |       ^^^
  158 |   );
  159 | }
  160 |

Parsing ecmascript source code failed

Import traces:
  Client Component Browser:
    ./app/faq/page.tsx [Client Component Browser]
    ./app/faq/page.tsx [Server Component]

  Client Component SSR:
    ./app/faq/page.tsx [Client Component SSR]
    ./app/faq/page.tsx [Server Component] @ http://localhost:3000/_next/static/chunks/node_modules_next_dist_0u_w_5s._.js:1945
[  241673ms] [ERROR] ./app/faq/page.tsx:157:7
Expected corresponding JSX closing tag for <motion.div>
  155 |         )}
  156 |       </AnimatePresence>
> 157 |     </div>
      |       ^^^
  158 |   );
  159 | }
  160 |

Parsing ecmascript source code failed

Import traces:
  Client Component Browser:
    ./app/faq/page.tsx [Client Component Browser]
    ./app/faq/page.tsx [Server Component]

  Client Component SSR:
    ./app/faq/page.tsx [Client Component SSR]
    ./app/faq/page.tsx [Server Component] @ http://localhost:3000/_next/static/chunks/node_modules_next_dist_0u_w_5s._.js:1945
[  241737ms] [ERROR] ./app/faq/page.tsx:157:7
Expected corresponding JSX closing tag for <motion.div>
  155 |         )}
  156 |       </AnimatePresence>
> 157 |     </div>
      |       ^^^
  158 |   );
  159 | }
  160 |

Parsing ecmascript source code failed

Import traces:
  Client Component Browser:
    ./app/faq/page.tsx [Client Component Browser]
    ./app/faq/page.tsx [Server Component]

  Client Component SSR:
    ./app/faq/page.tsx [Client Component SSR]
    ./app/faq/page.tsx [Server Component] @ http://localhost:3000/_next/static/chunks/node_modules_next_dist_0u_w_5s._.js:1945
[  241799ms] [ERROR] ./app/faq/page.tsx:157:7
Expected corresponding JSX closing tag for <motion.div>
  155 |         )}
  156 |       </AnimatePresence>
> 157 |     </div>
      |       ^^^
  158 |   );
  159 | }
  160 |

Parsing ecmascript source code failed

Import traces:
  Client Component Browser:
    ./app/faq/page.tsx [Client Component Browser]
    ./app/faq/page.tsx [Server Component]

  Client Component SSR:
    ./app/faq/page.tsx [Client Component SSR]
    ./app/faq/page.tsx [Server Component] @ http://localhost:3000/_next/static/chunks/node_modules_next_dist_0u_w_5s._.js:1945
[  241861ms] [ERROR] ./app/faq/page.tsx:157:7
Expected corresponding JSX closing tag for <motion.div>
  155 |         )}
  156 |       </AnimatePresence>
> 157 |     </div>
      |       ^^^
  158 |   );
  159 | }
  160 |

Parsing ecmascript source code failed

Import traces:
  Client Component Browser:
    ./app/faq/page.tsx [Client Component Browser]
    ./app/faq/page.tsx [Server Component]

  Client Component SSR:
    ./app/faq/page.tsx [Client Component SSR]
    ./app/faq/page.tsx [Server Component] @ http://localhost:3000/_next/static/chunks/node_modules_next_dist_0u_w_5s._.js:1945
[  241915ms] [ERROR] ./app/faq/page.tsx:157:7
Expected corresponding JSX closing tag for <motion.div>
  155 |         )}
  156 |       </AnimatePresence>
> 157 |     </div>
      |       ^^^
  158 |   );
  159 | }
  160 |

Parsing ecmascript source code failed

Import traces:
  Client Component Browser:
    ./app/faq/page.tsx [Client Component Browser]
    ./app/faq/page.tsx [Server Component]

  Client Component SSR:
    ./app/faq/page.tsx [Client Component SSR]
    ./app/faq/page.tsx [Server Component] @ http://localhost:3000/_next/static/chunks/node_modules_next_dist_0u_w_5s._.js:1945
[  241976ms] [ERROR] ./app/faq/page.tsx:157:7
Expected corresponding JSX closing tag for <motion.div>
  155 |         )}
  156 |       </AnimatePresence>
> 157 |     </div>
      |       ^^^
  158 |   );
  159 | }
  160 |

Parsing ecmascript source code failed

Import traces:
  Client Component Browser:
    ./app/faq/page.tsx [Client Component Browser]
    ./app/faq/page.tsx [Server Component]

  Client Component SSR:
    ./app/faq/page.tsx [Client Component SSR]
    ./app/faq/page.tsx [Server Component] @ http://localhost:3000/_next/static/chunks/node_modules_next_dist_0u_w_5s._.js:1945
[  242040ms] [ERROR] ./app/faq/page.tsx:157:7
Expected corresponding JSX closing tag for <motion.div>
  155 |         )}
  156 |       </AnimatePresence>
> 157 |     </div>
      |       ^^^
  158 |   );
  159 | }
  160 |

Parsing ecmascript source code failed

Import traces:
  Client Component Browser:
    ./app/faq/page.tsx [Client Component Browser]
    ./app/faq/page.tsx [Server Component]

  Client Component SSR:
    ./app/faq/page.tsx [Client Component SSR]
    ./app/faq/page.tsx [Server Component] @ http://localhost:3000/_next/static/chunks/node_modules_next_dist_0u_w_5s._.js:1945
[  242103ms] [ERROR] ./app/faq/page.tsx:157:7
Expected corresponding JSX closing tag for <motion.div>
  155 |         )}
  156 |       </AnimatePresence>
> 157 |     </div>
      |       ^^^
  158 |   );
  159 | }
  160 |

Parsing ecmascript source code failed

Import traces:
  Client Component Browser:
    ./app/faq/page.tsx [Client Component Browser]
    ./app/faq/page.tsx [Server Component]

  Client Component SSR:
    ./app/faq/page.tsx [Client Component SSR]
    ./app/faq/page.tsx [Server Component] @ http://localhost:3000/_next/static/chunks/node_modules_next_dist_0u_w_5s._.js:1945
[  242166ms] [ERROR] ./app/faq/page.tsx:157:7
Expected corresponding JSX closing tag for <motion.div>
  155 |         )}
  156 |       </AnimatePresence>
> 157 |     </div>
      |       ^^^
  158 |   );
  159 | }
  160 |

Parsing ecmascript source code failed

Import traces:
  Client Component Browser:
    ./app/faq/page.tsx [Client Component Browser]
    ./app/faq/page.tsx [Server Component]

  Client Component SSR:
    ./app/faq/page.tsx [Client Component SSR]
    ./app/faq/page.tsx [Server Component] @ http://localhost:3000/_next/static/chunks/node_modules_next_dist_0u_w_5s._.js:1945
[  242227ms] [ERROR] ./app/faq/page.tsx:157:7
Expected corresponding JSX closing tag for <motion.div>
  155 |         )}
  156 |       </AnimatePresence>
> 157 |     </div>
      |       ^^^
  158 |   );
  159 | }
  160 |

Parsing ecmascript source code failed

Import traces:
  Client Component Browser:
    ./app/faq/page.tsx [Client Component Browser]
    ./app/faq/page.tsx [Server Component]

  Client Component SSR:
    ./app/faq/page.tsx [Client Component SSR]
    ./app/faq/page.tsx [Server Component] @ http://localhost:3000/_next/static/chunks/node_modules_next_dist_0u_w_5s._.js:1945
[  242287ms] [ERROR] ./app/faq/page.tsx:157:7
Expected corresponding JSX closing tag for <motion.div>
  155 |         )}
  156 |       </AnimatePresence>
> 157 |     </div>
      |       ^^^
  158 |   );
  159 | }
  160 |

Parsing ecmascript source code failed

Import traces:
  Client Component Browser:
    ./app/faq/page.tsx [Client Component Browser]
    ./app/faq/page.tsx [Server Component]

  Client Component SSR:
    ./app/faq/page.tsx [Client Component SSR]
    ./app/faq/page.tsx [Server Component] @ http://localhost:3000/_next/static/chunks/node_modules_next_dist_0u_w_5s._.js:1945
[  242351ms] [ERROR] ./app/faq/page.tsx:157:7
Expected corresponding JSX closing tag for <motion.div>
  155 |         )}
  156 |       </AnimatePresence>
> 157 |     </div>
      |       ^^^
  158 |   );
  159 | }
  160 |

Parsing ecmascript source code failed

Import traces:
  Client Component Browser:
    ./app/faq/page.tsx [Client Component Browser]
    ./app/faq/page.tsx [Server Component]

  Client Component SSR:
    ./app/faq/page.tsx [Client Component SSR]
    ./app/faq/page.tsx [Server Component] @ http://localhost:3000/_next/static/chunks/node_modules_next_dist_0u_w_5s._.js:1945
[  242411ms] [ERROR] ./app/faq/page.tsx:157:7
Expected corresponding JSX closing tag for <motion.div>
  155 |         )}
  156 |       </AnimatePresence>
> 157 |     </div>
      |       ^^^
  158 |   );
  159 | }
  160 |

Parsing ecmascript source code failed

Import traces:
  Client Component Browser:
    ./app/faq/page.tsx [Client Component Browser]
    ./app/faq/page.tsx [Server Component]

  Client Component SSR:
    ./app/faq/page.tsx [Client Component SSR]
    ./app/faq/page.tsx [Server Component] @ http://localhost:3000/_next/static/chunks/node_modules_next_dist_0u_w_5s._.js:1945
[  242470ms] [ERROR] ./app/faq/page.tsx:157:7
Expected corresponding JSX closing tag for <motion.div>
  155 |         )}
  156 |       </AnimatePresence>
> 157 |     </div>
      |       ^^^
  158 |   );
  159 | }
  160 |

Parsing ecmascript source code failed

Import traces:
  Client Component Browser:
    ./app/faq/page.tsx [Client Component Browser]
    ./app/faq/page.tsx [Server Component]

  Client Component SSR:
    ./app/faq/page.tsx [Client Component SSR]
    ./app/faq/page.tsx [Server Component] @ http://localhost:3000/_next/static/chunks/node_modules_next_dist_0u_w_5s._.js:1945
[  242539ms] [ERROR] ./app/faq/page.tsx:157:7
Expected corresponding JSX closing tag for <motion.div>
  155 |         )}
  156 |       </AnimatePresence>
> 157 |     </div>
      |       ^^^
  158 |   );
  159 | }
  160 |

Parsing ecmascript source code failed

Import traces:
  Client Component Browser:
    ./app/faq/page.tsx [Client Component Browser]
    ./app/faq/page.tsx [Server Component]

  Client Component SSR:
    ./app/faq/page.tsx [Client Component SSR]
    ./app/faq/page.tsx [Server Component] @ http://localhost:3000/_next/static/chunks/node_modules_next_dist_0u_w_5s._.js:1945
[  242600ms] [ERROR] ./app/faq/page.tsx:157:7
Expected corresponding JSX closing tag for <motion.div>
  155 |         )}
  156 |       </AnimatePresence>
> 157 |     </div>
      |       ^^^
  158 |   );
  159 | }
  160 |

Parsing ecmascript source code failed

Import traces:
  Client Component Browser:
    ./app/faq/page.tsx [Client Component Browser]
    ./app/faq/page.tsx [Server Component]

  Client Component SSR:
    ./app/faq/page.tsx [Client Component SSR]
    ./app/faq/page.tsx [Server Component] @ http://localhost:3000/_next/static/chunks/node_modules_next_dist_0u_w_5s._.js:1945
[  242665ms] [ERROR] ./app/faq/page.tsx:157:7
Expected corresponding JSX closing tag for <motion.div>
  155 |         )}
  156 |       </AnimatePresence>
> 157 |     </div>
      |       ^^^
  158 |   );
  159 | }
  160 |

Parsing ecmascript source code failed

Import traces:
  Client Component Browser:
    ./app/faq/page.tsx [Client Component Browser]
    ./app/faq/page.tsx [Server Component]

  Client Component SSR:
    ./app/faq/page.tsx [Client Component SSR]
    ./app/faq/page.tsx [Server Component] @ http://localhost:3000/_next/static/chunks/node_modules_next_dist_0u_w_5s._.js:1945
[  242728ms] [ERROR] ./app/faq/page.tsx:157:7
Expected corresponding JSX closing tag for <motion.div>
  155 |         )}
  156 |       </AnimatePresence>
> 157 |     </div>
      |       ^^^
  158 |   );
  159 | }
  160 |

Parsing ecmascript source code failed

Import traces:
  Client Component Browser:
    ./app/faq/page.tsx [Client Component Browser]
    ./app/faq/page.tsx [Server Component]

  Client Component SSR:
    ./app/faq/page.tsx [Client Component SSR]
    ./app/faq/page.tsx [Server Component] @ http://localhost:3000/_next/static/chunks/node_modules_next_dist_0u_w_5s._.js:1945
[  242792ms] [ERROR] ./app/faq/page.tsx:157:7
Expected corresponding JSX closing tag for <motion.div>
  155 |         )}
  156 |       </AnimatePresence>
> 157 |     </div>
      |       ^^^
  158 |   );
  159 | }
  160 |

Parsing ecmascript source code failed

Import traces:
  Client Component Browser:
    ./app/faq/page.tsx [Client Component Browser]
    ./app/faq/page.tsx [Server Component]

  Client Component SSR:
    ./app/faq/page.tsx [Client Component SSR]
    ./app/faq/page.tsx [Server Component] @ http://localhost:3000/_next/static/chunks/node_modules_next_dist_0u_w_5s._.js:1945
[  242855ms] [ERROR] ./app/faq/page.tsx:157:7
Expected corresponding JSX closing tag for <motion.div>
  155 |         )}
  156 |       </AnimatePresence>
> 157 |     </div>
      |       ^^^
  158 |   );
  159 | }
  160 |

Parsing ecmascript source code failed

Import traces:
  Client Component Browser:
    ./app/faq/page.tsx [Client Component Browser]
    ./app/faq/page.tsx [Server Component]

  Client Component SSR:
    ./app/faq/page.tsx [Client Component SSR]
    ./app/faq/page.tsx [Server Component] @ http://localhost:3000/_next/static/chunks/node_modules_next_dist_0u_w_5s._.js:1945
[  242917ms] [ERROR] ./app/faq/page.tsx:157:7
Expected corresponding JSX closing tag for <motion.div>
  155 |         )}
  156 |       </AnimatePresence>
> 157 |     </div>
      |       ^^^
  158 |   );
  159 | }
  160 |

Parsing ecmascript source code failed

Import traces:
  Client Component Browser:
    ./app/faq/page.tsx [Client Component Browser]
    ./app/faq/page.tsx [Server Component]

  Client Component SSR:
    ./app/faq/page.tsx [Client Component SSR]
    ./app/faq/page.tsx [Server Component] @ http://localhost:3000/_next/static/chunks/node_modules_next_dist_0u_w_5s._.js:1945
[  242979ms] [ERROR] ./app/faq/page.tsx:157:7
Expected corresponding JSX closing tag for <motion.div>
  155 |         )}
  156 |       </AnimatePresence>
> 157 |     </div>
      |       ^^^
  158 |   );
  159 | }
  160 |

Parsing ecmascript source code failed

Import traces:
  Client Component Browser:
    ./app/faq/page.tsx [Client Component Browser]
    ./app/faq/page.tsx [Server Component]

  Client Component SSR:
    ./app/faq/page.tsx [Client Component SSR]
    ./app/faq/page.tsx [Server Component] @ http://localhost:3000/_next/static/chunks/node_modules_next_dist_0u_w_5s._.js:1945
[  243038ms] [ERROR] ./app/faq/page.tsx:157:7
Expected corresponding JSX closing tag for <motion.div>
  155 |         )}
  156 |       </AnimatePresence>
> 157 |     </div>
      |       ^^^
  158 |   );
  159 | }
  160 |

Parsing ecmascript source code failed

Import traces:
  Client Component Browser:
    ./app/faq/page.tsx [Client Component Browser]
    ./app/faq/page.tsx [Server Component]

  Client Component SSR:
    ./app/faq/page.tsx [Client Component SSR]
    ./app/faq/page.tsx [Server Component] @ http://localhost:3000/_next/static/chunks/node_modules_next_dist_0u_w_5s._.js:1945
[  243102ms] [ERROR] ./app/faq/page.tsx:157:7
Expected corresponding JSX closing tag for <motion.div>
  155 |         )}
  156 |       </AnimatePresence>
> 157 |     </div>
      |       ^^^
  158 |   );
  159 | }
  160 |

Parsing ecmascript source code failed

Import traces:
  Client Component Browser:
    ./app/faq/page.tsx [Client Component Browser]
    ./app/faq/page.tsx [Server Component]

  Client Component SSR:
    ./app/faq/page.tsx [Client Component SSR]
    ./app/faq/page.tsx [Server Component] @ http://localhost:3000/_next/static/chunks/node_modules_next_dist_0u_w_5s._.js:1945
[  243166ms] [ERROR] ./app/faq/page.tsx:157:7
Expected corresponding JSX closing tag for <motion.div>
  155 |         )}
  156 |       </AnimatePresence>
> 157 |     </div>
      |       ^^^
  158 |   );
  159 | }
  160 |

Parsing ecmascript source code failed

Import traces:
  Client Component Browser:
    ./app/faq/page.tsx [Client Component Browser]
    ./app/faq/page.tsx [Server Component]

  Client Component SSR:
    ./app/faq/page.tsx [Client Component SSR]
    ./app/faq/page.tsx [Server Component] @ http://localhost:3000/_next/static/chunks/node_modules_next_dist_0u_w_5s._.js:1945
[  243226ms] [ERROR] ./app/faq/page.tsx:157:7
Expected corresponding JSX closing tag for <motion.div>
  155 |         )}
  156 |       </AnimatePresence>
> 157 |     </div>
      |       ^^^
  158 |   );
  159 | }
  160 |

Parsing ecmascript source code failed

Import traces:
  Client Component Browser:
    ./app/faq/page.tsx [Client Component Browser]
    ./app/faq/page.tsx [Server Component]

  Client Component SSR:
    ./app/faq/page.tsx [Client Component SSR]
    ./app/faq/page.tsx [Server Component] @ http://localhost:3000/_next/static/chunks/node_modules_next_dist_0u_w_5s._.js:1945
[  243291ms] [ERROR] ./app/faq/page.tsx:157:7
Expected corresponding JSX closing tag for <motion.div>
  155 |         )}
  156 |       </AnimatePresence>
> 157 |     </div>
      |       ^^^
  158 |   );
  159 | }
  160 |

Parsing ecmascript source code failed

Import traces:
  Client Component Browser:
    ./app/faq/page.tsx [Client Component Browser]
    ./app/faq/page.tsx [Server Component]

  Client Component SSR:
    ./app/faq/page.tsx [Client Component SSR]
    ./app/faq/page.tsx [Server Component] @ http://localhost:3000/_next/static/chunks/node_modules_next_dist_0u_w_5s._.js:1945
[  243350ms] [ERROR] ./app/faq/page.tsx:157:7
Expected corresponding JSX closing tag for <motion.div>
  155 |         )}
  156 |       </AnimatePresence>
> 157 |     </div>
      |       ^^^
  158 |   );
  159 | }
  160 |

Parsing ecmascript source code failed

Import traces:
  Client Component Browser:
    ./app/faq/page.tsx [Client Component Browser]
    ./app/faq/page.tsx [Server Component]

  Client Component SSR:
    ./app/faq/page.tsx [Client Component SSR]
    ./app/faq/page.tsx [Server Component] @ http://localhost:3000/_next/static/chunks/node_modules_next_dist_0u_w_5s._.js:1945
[  243412ms] [ERROR] ./app/faq/page.tsx:157:7
Expected corresponding JSX closing tag for <motion.div>
  155 |         )}
  156 |       </AnimatePresence>
> 157 |     </div>
      |       ^^^
  158 |   );
  159 | }
  160 |

Parsing ecmascript source code failed

Import traces:
  Client Component Browser:
    ./app/faq/page.tsx [Client Component Browser]
    ./app/faq/page.tsx [Server Component]

  Client Component SSR:
    ./app/faq/page.tsx [Client Component SSR]
    ./app/faq/page.tsx [Server Component] @ http://localhost:3000/_next/static/chunks/node_modules_next_dist_0u_w_5s._.js:1945
[  243475ms] [ERROR] ./app/faq/page.tsx:157:7
Expected corresponding JSX closing tag for <motion.div>
  155 |         )}
  156 |       </AnimatePresence>
> 157 |     </div>
      |       ^^^
  158 |   );
  159 | }
  160 |

Parsing ecmascript source code failed

Import traces:
  Client Component Browser:
    ./app/faq/page.tsx [Client Component Browser]
    ./app/faq/page.tsx [Server Component]

  Client Component SSR:
    ./app/faq/page.tsx [Client Component SSR]
    ./app/faq/page.tsx [Server Component] @ http://localhost:3000/_next/static/chunks/node_modules_next_dist_0u_w_5s._.js:1945
[  243544ms] [ERROR] ./app/faq/page.tsx:157:7
Expected corresponding JSX closing tag for <motion.div>
  155 |         )}
  156 |       </AnimatePresence>
> 157 |     </div>
      |       ^^^
  158 |   );
  159 | }
  160 |

Parsing ecmascript source code failed

Import traces:
  Client Component Browser:
    ./app/faq/page.tsx [Client Component Browser]
    ./app/faq/page.tsx [Server Component]

  Client Component SSR:
    ./app/faq/page.tsx [Client Component SSR]
    ./app/faq/page.tsx [Server Component] @ http://localhost:3000/_next/static/chunks/node_modules_next_dist_0u_w_5s._.js:1945
[  243602ms] [ERROR] ./app/faq/page.tsx:157:7
Expected corresponding JSX closing tag for <motion.div>
  155 |         )}
  156 |       </AnimatePresence>
> 157 |     </div>
      |       ^^^
  158 |   );
  159 | }
  160 |

Parsing ecmascript source code failed

Import traces:
  Client Component Browser:
    ./app/faq/page.tsx [Client Component Browser]
    ./app/faq/page.tsx [Server Component]

  Client Component SSR:
    ./app/faq/page.tsx [Client Component SSR]
    ./app/faq/page.tsx [Server Component] @ http://localhost:3000/_next/static/chunks/node_modules_next_dist_0u_w_5s._.js:1945
[  243667ms] [ERROR] ./app/faq/page.tsx:157:7
Expected corresponding JSX closing tag for <motion.div>
  155 |         )}
  156 |       </AnimatePresence>
> 157 |     </div>
      |       ^^^
  158 |   );
  159 | }
  160 |

Parsing ecmascript source code failed

Import traces:
  Client Component Browser:
    ./app/faq/page.tsx [Client Component Browser]
    ./app/faq/page.tsx [Server Component]

  Client Component SSR:
    ./app/faq/page.tsx [Client Component SSR]
    ./app/faq/page.tsx [Server Component] @ http://localhost:3000/_next/static/chunks/node_modules_next_dist_0u_w_5s._.js:1945
[  243726ms] [ERROR] ./app/faq/page.tsx:157:7
Expected corresponding JSX closing tag for <motion.div>
  155 |         )}
  156 |       </AnimatePresence>
> 157 |     </div>
      |       ^^^
  158 |   );
  159 | }
  160 |

Parsing ecmascript source code failed

Import traces:
  Client Component Browser:
    ./app/faq/page.tsx [Client Component Browser]
    ./app/faq/page.tsx [Server Component]

  Client Component SSR:
    ./app/faq/page.tsx [Client Component SSR]
    ./app/faq/page.tsx [Server Component] @ http://localhost:3000/_next/static/chunks/node_modules_next_dist_0u_w_5s._.js:1945
[  243785ms] [ERROR] ./app/faq/page.tsx:157:7
Expected corresponding JSX closing tag for <motion.div>
  155 |         )}
  156 |       </AnimatePresence>
> 157 |     </div>
      |       ^^^
  158 |   );
  159 | }
  160 |

Parsing ecmascript source code failed

Import traces:
  Client Component Browser:
    ./app/faq/page.tsx [Client Component Browser]
    ./app/faq/page.tsx [Server Component]

  Client Component SSR:
    ./app/faq/page.tsx [Client Component SSR]
    ./app/faq/page.tsx [Server Component] @ http://localhost:3000/_next/static/chunks/node_modules_next_dist_0u_w_5s._.js:1945
[  243846ms] [ERROR] ./app/faq/page.tsx:157:7
Expected corresponding JSX closing tag for <motion.div>
  155 |         )}
  156 |       </AnimatePresence>
> 157 |     </div>
      |       ^^^
  158 |   );
  159 | }
  160 |

Parsing ecmascript source code failed

Import traces:
  Client Component Browser:
    ./app/faq/page.tsx [Client Component Browser]
    ./app/faq/page.tsx [Server Component]

  Client Component SSR:
    ./app/faq/page.tsx [Client Component SSR]
    ./app/faq/page.tsx [Server Component] @ http://localhost:3000/_next/static/chunks/node_modules_next_dist_0u_w_5s._.js:1945
[  243908ms] [ERROR] ./app/faq/page.tsx:157:7
Expected corresponding JSX closing tag for <motion.div>
  155 |         )}
  156 |       </AnimatePresence>
> 157 |     </div>
      |       ^^^
  158 |   );
  159 | }
  160 |

Parsing ecmascript source code failed

Import traces:
  Client Component Browser:
    ./app/faq/page.tsx [Client Component Browser]
    ./app/faq/page.tsx [Server Component]

  Client Component SSR:
    ./app/faq/page.tsx [Client Component SSR]
    ./app/faq/page.tsx [Server Component] @ http://localhost:3000/_next/static/chunks/node_modules_next_dist_0u_w_5s._.js:1945
[  243970ms] [ERROR] ./app/faq/page.tsx:157:7
Expected corresponding JSX closing tag for <motion.div>
  155 |         )}
  156 |       </AnimatePresence>
> 157 |     </div>
      |       ^^^
  158 |   );
  159 | }
  160 |

Parsing ecmascript source code failed

Import traces:
  Client Component Browser:
    ./app/faq/page.tsx [Client Component Browser]
    ./app/faq/page.tsx [Server Component]

  Client Component SSR:
    ./app/faq/page.tsx [Client Component SSR]
    ./app/faq/page.tsx [Server Component] @ http://localhost:3000/_next/static/chunks/node_modules_next_dist_0u_w_5s._.js:1945
[  244032ms] [ERROR] ./app/faq/page.tsx:157:7
Expected corresponding JSX closing tag for <motion.div>
  155 |         )}
  156 |       </AnimatePresence>
> 157 |     </div>
      |       ^^^
  158 |   );
  159 | }
  160 |

Parsing ecmascript source code failed

Import traces:
  Client Component Browser:
    ./app/faq/page.tsx [Client Component Browser]
    ./app/faq/page.tsx [Server Component]

  Client Component SSR:
    ./app/faq/page.tsx [Client Component SSR]
    ./app/faq/page.tsx [Server Component] @ http://localhost:3000/_next/static/chunks/node_modules_next_dist_0u_w_5s._.js:1945
[  244094ms] [ERROR] ./app/faq/page.tsx:157:7
Expected corresponding JSX closing tag for <motion.div>
  155 |         )}
  156 |       </AnimatePresence>
> 157 |     </div>
      |       ^^^
  158 |   );
  159 | }
  160 |

Parsing ecmascript source code failed

Import traces:
  Client Component Browser:
    ./app/faq/page.tsx [Client Component Browser]
    ./app/faq/page.tsx [Server Component]

  Client Component SSR:
    ./app/faq/page.tsx [Client Component SSR]
    ./app/faq/page.tsx [Server Component] @ http://localhost:3000/_next/static/chunks/node_modules_next_dist_0u_w_5s._.js:1945
[  244156ms] [ERROR] ./app/faq/page.tsx:157:7
Expected corresponding JSX closing tag for <motion.div>
  155 |         )}
  156 |       </AnimatePresence>
> 157 |     </div>
      |       ^^^
  158 |   );
  159 | }
  160 |

Parsing ecmascript source code failed

Import traces:
  Client Component Browser:
    ./app/faq/page.tsx [Client Component Browser]
    ./app/faq/page.tsx [Server Component]

  Client Component SSR:
    ./app/faq/page.tsx [Client Component SSR]
    ./app/faq/page.tsx [Server Component] @ http://localhost:3000/_next/static/chunks/node_modules_next_dist_0u_w_5s._.js:1945
[  244219ms] [ERROR] ./app/faq/page.tsx:157:7
Expected corresponding JSX closing tag for <motion.div>
  155 |         )}
  156 |       </AnimatePresence>
> 157 |     </div>
      |       ^^^
  158 |   );
  159 | }
  160 |

Parsing ecmascript source code failed

Import traces:
  Client Component Browser:
    ./app/faq/page.tsx [Client Component Browser]
    ./app/faq/page.tsx [Server Component]

  Client Component SSR:
    ./app/faq/page.tsx [Client Component SSR]
    ./app/faq/page.tsx [Server Component] @ http://localhost:3000/_next/static/chunks/node_modules_next_dist_0u_w_5s._.js:1945
[  244283ms] [ERROR] ./app/faq/page.tsx:157:7
Expected corresponding JSX closing tag for <motion.div>
  155 |         )}
  156 |       </AnimatePresence>
> 157 |     </div>
      |       ^^^
  158 |   );
  159 | }
  160 |

Parsing ecmascript source code failed

Import traces:
  Client Component Browser:
    ./app/faq/page.tsx [Client Component Browser]
    ./app/faq/page.tsx [Server Component]

  Client Component SSR:
    ./app/faq/page.tsx [Client Component SSR]
    ./app/faq/page.tsx [Server Component] @ http://localhost:3000/_next/static/chunks/node_modules_next_dist_0u_w_5s._.js:1945
[  244343ms] [ERROR] ./app/faq/page.tsx:157:7
Expected corresponding JSX closing tag for <motion.div>
  155 |         )}
  156 |       </AnimatePresence>
> 157 |     </div>
      |       ^^^
  158 |   );
  159 | }
  160 |

Parsing ecmascript source code failed

Import traces:
  Client Component Browser:
    ./app/faq/page.tsx [Client Component Browser]
    ./app/faq/page.tsx [Server Component]

  Client Component SSR:
    ./app/faq/page.tsx [Client Component SSR]
    ./app/faq/page.tsx [Server Component] @ http://localhost:3000/_next/static/chunks/node_modules_next_dist_0u_w_5s._.js:1945
[  244404ms] [ERROR] ./app/faq/page.tsx:157:7
Expected corresponding JSX closing tag for <motion.div>
  155 |         )}
  156 |       </AnimatePresence>
> 157 |     </div>
      |       ^^^
  158 |   );
  159 | }
  160 |

Parsing ecmascript source code failed

Import traces:
  Client Component Browser:
    ./app/faq/page.tsx [Client Component Browser]
    ./app/faq/page.tsx [Server Component]

  Client Component SSR:
    ./app/faq/page.tsx [Client Component SSR]
    ./app/faq/page.tsx [Server Component] @ http://localhost:3000/_next/static/chunks/node_modules_next_dist_0u_w_5s._.js:1945
[  244471ms] [ERROR] ./app/faq/page.tsx:157:7
Expected corresponding JSX closing tag for <motion.div>
  155 |         )}
  156 |       </AnimatePresence>
> 157 |     </div>
      |       ^^^
  158 |   );
  159 | }
  160 |

Parsing ecmascript source code failed

Import traces:
  Client Component Browser:
    ./app/faq/page.tsx [Client Component Browser]
    ./app/faq/page.tsx [Server Component]

  Client Component SSR:
    ./app/faq/page.tsx [Client Component SSR]
    ./app/faq/page.tsx [Server Component] @ http://localhost:3000/_next/static/chunks/node_modules_next_dist_0u_w_5s._.js:1945
[  244529ms] [ERROR] ./app/faq/page.tsx:157:7
Expected corresponding JSX closing tag for <motion.div>
  155 |         )}
  156 |       </AnimatePresence>
> 157 |     </div>
      |       ^^^
  158 |   );
  159 | }
  160 |

Parsing ecmascript source code failed

Import traces:
  Client Component Browser:
    ./app/faq/page.tsx [Client Component Browser]
    ./app/faq/page.tsx [Server Component]

  Client Component SSR:
    ./app/faq/page.tsx [Client Component SSR]
    ./app/faq/page.tsx [Server Component] @ http://localhost:3000/_next/static/chunks/node_modules_next_dist_0u_w_5s._.js:1945
[  244591ms] [ERROR] ./app/faq/page.tsx:157:7
Expected corresponding JSX closing tag for <motion.div>
  155 |         )}
  156 |       </AnimatePresence>
> 157 |     </div>
      |       ^^^
  158 |   );
  159 | }
  160 |

Parsing ecmascript source code failed

Import traces:
  Client Component Browser:
    ./app/faq/page.tsx [Client Component Browser]
    ./app/faq/page.tsx [Server Component]

  Client Component SSR:
    ./app/faq/page.tsx [Client Component SSR]
    ./app/faq/page.tsx [Server Component] @ http://localhost:3000/_next/static/chunks/node_modules_next_dist_0u_w_5s._.js:1945
[  244655ms] [ERROR] ./app/faq/page.tsx:157:7
Expected corresponding JSX closing tag for <motion.div>
  155 |         )}
  156 |       </AnimatePresence>
> 157 |     </div>
      |       ^^^
  158 |   );
  159 | }
  160 |

Parsing ecmascript source code failed

Import traces:
  Client Component Browser:
    ./app/faq/page.tsx [Client Component Browser]
    ./app/faq/page.tsx [Server Component]

  Client Component SSR:
    ./app/faq/page.tsx [Client Component SSR]
    ./app/faq/page.tsx [Server Component] @ http://localhost:3000/_next/static/chunks/node_modules_next_dist_0u_w_5s._.js:1945
[  244718ms] [ERROR] ./app/faq/page.tsx:157:7
Expected corresponding JSX closing tag for <motion.div>
  155 |         )}
  156 |       </AnimatePresence>
> 157 |     </div>
      |       ^^^
  158 |   );
  159 | }
  160 |

Parsing ecmascript source code failed

Import traces:
  Client Component Browser:
    ./app/faq/page.tsx [Client Component Browser]
    ./app/faq/page.tsx [Server Component]

  Client Component SSR:
    ./app/faq/page.tsx [Client Component SSR]
    ./app/faq/page.tsx [Server Component] @ http://localhost:3000/_next/static/chunks/node_modules_next_dist_0u_w_5s._.js:1945
[  244777ms] [ERROR] ./app/faq/page.tsx:157:7
Expected corresponding JSX closing tag for <motion.div>
  155 |         )}
  156 |       </AnimatePresence>
> 157 |     </div>
      |       ^^^
  158 |   );
  159 | }
  160 |

Parsing ecmascript source code failed

Import traces:
  Client Component Browser:
    ./app/faq/page.tsx [Client Component Browser]
    ./app/faq/page.tsx [Server Component]

  Client Component SSR:
    ./app/faq/page.tsx [Client Component SSR]
    ./app/faq/page.tsx [Server Component] @ http://localhost:3000/_next/static/chunks/node_modules_next_dist_0u_w_5s._.js:1945
[  244835ms] [ERROR] ./app/faq/page.tsx:157:7
Expected corresponding JSX closing tag for <motion.div>
  155 |         )}
  156 |       </AnimatePresence>
> 157 |     </div>
      |       ^^^
  158 |   );
  159 | }
  160 |

Parsing ecmascript source code failed

Import traces:
  Client Component Browser:
    ./app/faq/page.tsx [Client Component Browser]
    ./app/faq/page.tsx [Server Component]

  Client Component SSR:
    ./app/faq/page.tsx [Client Component SSR]
    ./app/faq/page.tsx [Server Component] @ http://localhost:3000/_next/static/chunks/node_modules_next_dist_0u_w_5s._.js:1945
[  244898ms] [ERROR] ./app/faq/page.tsx:157:7
Expected corresponding JSX closing tag for <motion.div>
  155 |         )}
  156 |       </AnimatePresence>
> 157 |     </div>
      |       ^^^
  158 |   );
  159 | }
  160 |

Parsing ecmascript source code failed

Import traces:
  Client Component Browser:
    ./app/faq/page.tsx [Client Component Browser]
    ./app/faq/page.tsx [Server Component]

  Client Component SSR:
    ./app/faq/page.tsx [Client Component SSR]
    ./app/faq/page.tsx [Server Component] @ http://localhost:3000/_next/static/chunks/node_modules_next_dist_0u_w_5s._.js:1945
[  244961ms] [ERROR] ./app/faq/page.tsx:157:7
Expected corresponding JSX closing tag for <motion.div>
  155 |         )}
  156 |       </AnimatePresence>
> 157 |     </div>
      |       ^^^
  158 |   );
  159 | }
  160 |

Parsing ecmascript source code failed

Import traces:
  Client Component Browser:
    ./app/faq/page.tsx [Client Component Browser]
    ./app/faq/page.tsx [Server Component]

  Client Component SSR:
    ./app/faq/page.tsx [Client Component SSR]
    ./app/faq/page.tsx [Server Component] @ http://localhost:3000/_next/static/chunks/node_modules_next_dist_0u_w_5s._.js:1945
[  245023ms] [ERROR] ./app/faq/page.tsx:157:7
Expected corresponding JSX closing tag for <motion.div>
  155 |         )}
  156 |       </AnimatePresence>
> 157 |     </div>
      |       ^^^
  158 |   );
  159 | }
  160 |

Parsing ecmascript source code failed

Import traces:
  Client Component Browser:
    ./app/faq/page.tsx [Client Component Browser]
    ./app/faq/page.tsx [Server Component]

  Client Component SSR:
    ./app/faq/page.tsx [Client Component SSR]
    ./app/faq/page.tsx [Server Component] @ http://localhost:3000/_next/static/chunks/node_modules_next_dist_0u_w_5s._.js:1945
[  245087ms] [ERROR] ./app/faq/page.tsx:157:7
Expected corresponding JSX closing tag for <motion.div>
  155 |         )}
  156 |       </AnimatePresence>
> 157 |     </div>
      |       ^^^
  158 |   );
  159 | }
  160 |

Parsing ecmascript source code failed

Import traces:
  Client Component Browser:
    ./app/faq/page.tsx [Client Component Browser]
    ./app/faq/page.tsx [Server Component]

  Client Component SSR:
    ./app/faq/page.tsx [Client Component SSR]
    ./app/faq/page.tsx [Server Component] @ http://localhost:3000/_next/static/chunks/node_modules_next_dist_0u_w_5s._.js:1945
[  245148ms] [ERROR] ./app/faq/page.tsx:157:7
Expected corresponding JSX closing tag for <motion.div>
  155 |         )}
  156 |       </AnimatePresence>
> 157 |     </div>
      |       ^^^
  158 |   );
  159 | }
  160 |

Parsing ecmascript source code failed

Import traces:
  Client Component Browser:
    ./app/faq/page.tsx [Client Component Browser]
    ./app/faq/page.tsx [Server Component]

  Client Component SSR:
    ./app/faq/page.tsx [Client Component SSR]
    ./app/faq/page.tsx [Server Component] @ http://localhost:3000/_next/static/chunks/node_modules_next_dist_0u_w_5s._.js:1945
[  245213ms] [ERROR] ./app/faq/page.tsx:157:7
Expected corresponding JSX closing tag for <motion.div>
  155 |         )}
  156 |       </AnimatePresence>
> 157 |     </div>
      |       ^^^
  158 |   );
  159 | }
  160 |

Parsing ecmascript source code failed

Import traces:
  Client Component Browser:
    ./app/faq/page.tsx [Client Component Browser]
    ./app/faq/page.tsx [Server Component]

  Client Component SSR:
    ./app/faq/page.tsx [Client Component SSR]
    ./app/faq/page.tsx [Server Component] @ http://localhost:3000/_next/static/chunks/node_modules_next_dist_0u_w_5s._.js:1945
[  245271ms] [ERROR] ./app/faq/page.tsx:157:7
Expected corresponding JSX closing tag for <motion.div>
  155 |         )}
  156 |       </AnimatePresence>
> 157 |     </div>
      |       ^^^
  158 |   );
  159 | }
  160 |

Parsing ecmascript source code failed

Import traces:
  Client Component Browser:
    ./app/faq/page.tsx [Client Component Browser]
    ./app/faq/page.tsx [Server Component]

  Client Component SSR:
    ./app/faq/page.tsx [Client Component SSR]
    ./app/faq/page.tsx [Server Component] @ http://localhost:3000/_next/static/chunks/node_modules_next_dist_0u_w_5s._.js:1945
[  245333ms] [ERROR] ./app/faq/page.tsx:157:7
Expected corresponding JSX closing tag for <motion.div>
  155 |         )}
  156 |       </AnimatePresence>
> 157 |     </div>
      |       ^^^
  158 |   );
  159 | }
  160 |

Parsing ecmascript source code failed

Import traces:
  Client Component Browser:
    ./app/faq/page.tsx [Client Component Browser]
    ./app/faq/page.tsx [Server Component]

  Client Component SSR:
    ./app/faq/page.tsx [Client Component SSR]
    ./app/faq/page.tsx [Server Component] @ http://localhost:3000/_next/static/chunks/node_modules_next_dist_0u_w_5s._.js:1945
[  245396ms] [ERROR] ./app/faq/page.tsx:157:7
Expected corresponding JSX closing tag for <motion.div>
  155 |         )}
  156 |       </AnimatePresence>
> 157 |     </div>
      |       ^^^
  158 |   );
  159 | }
  160 |

Parsing ecmascript source code failed

Import traces:
  Client Component Browser:
    ./app/faq/page.tsx [Client Component Browser]
    ./app/faq/page.tsx [Server Component]

  Client Component SSR:
    ./app/faq/page.tsx [Client Component SSR]
    ./app/faq/page.tsx [Server Component] @ http://localhost:3000/_next/static/chunks/node_modules_next_dist_0u_w_5s._.js:1945
[  245456ms] [ERROR] ./app/faq/page.tsx:157:7
Expected corresponding JSX closing tag for <motion.div>
  155 |         )}
  156 |       </AnimatePresence>
> 157 |     </div>
      |       ^^^
  158 |   );
  159 | }
  160 |

Parsing ecmascript source code failed

Import traces:
  Client Component Browser:
    ./app/faq/page.tsx [Client Component Browser]
    ./app/faq/page.tsx [Server Component]

  Client Component SSR:
    ./app/faq/page.tsx [Client Component SSR]
    ./app/faq/page.tsx [Server Component] @ http://localhost:3000/_next/static/chunks/node_modules_next_dist_0u_w_5s._.js:1945
[  245511ms] [ERROR] ./app/faq/page.tsx:157:7
Expected corresponding JSX closing tag for <motion.div>
  155 |         )}
  156 |       </AnimatePresence>
> 157 |     </div>
      |       ^^^
  158 |   );
  159 | }
  160 |

Parsing ecmascript source code failed

Import traces:
  Client Component Browser:
    ./app/faq/page.tsx [Client Component Browser]
    ./app/faq/page.tsx [Server Component]

  Client Component SSR:
    ./app/faq/page.tsx [Client Component SSR]
    ./app/faq/page.tsx [Server Component] @ http://localhost:3000/_next/static/chunks/node_modules_next_dist_0u_w_5s._.js:1945
[  245573ms] [ERROR] ./app/faq/page.tsx:157:7
Expected corresponding JSX closing tag for <motion.div>
  155 |         )}
  156 |       </AnimatePresence>
> 157 |     </div>
      |       ^^^
  158 |   );
  159 | }
  160 |

Parsing ecmascript source code failed

Import traces:
  Client Component Browser:
    ./app/faq/page.tsx [Client Component Browser]
    ./app/faq/page.tsx [Server Component]

  Client Component SSR:
    ./app/faq/page.tsx [Client Component SSR]
    ./app/faq/page.tsx [Server Component] @ http://localhost:3000/_next/static/chunks/node_modules_next_dist_0u_w_5s._.js:1945
[  245636ms] [ERROR] ./app/faq/page.tsx:157:7
Expected corresponding JSX closing tag for <motion.div>
  155 |         )}
  156 |       </AnimatePresence>
> 157 |     </div>
      |       ^^^
  158 |   );
  159 | }
  160 |

Parsing ecmascript source code failed

Import traces:
  Client Component Browser:
    ./app/faq/page.tsx [Client Component Browser]
    ./app/faq/page.tsx [Server Component]

  Client Component SSR:
    ./app/faq/page.tsx [Client Component SSR]
    ./app/faq/page.tsx [Server Component] @ http://localhost:3000/_next/static/chunks/node_modules_next_dist_0u_w_5s._.js:1945
[  245701ms] [ERROR] ./app/faq/page.tsx:157:7
Expected corresponding JSX closing tag for <motion.div>
  155 |         )}
  156 |       </AnimatePresence>
> 157 |     </div>
      |       ^^^
  158 |   );
  159 | }
  160 |

Parsing ecmascript source code failed

Import traces:
  Client Component Browser:
    ./app/faq/page.tsx [Client Component Browser]
    ./app/faq/page.tsx [Server Component]

  Client Component SSR:
    ./app/faq/page.tsx [Client Component SSR]
    ./app/faq/page.tsx [Server Component] @ http://localhost:3000/_next/static/chunks/node_modules_next_dist_0u_w_5s._.js:1945
[  245761ms] [ERROR] ./app/faq/page.tsx:157:7
Expected corresponding JSX closing tag for <motion.div>
  155 |         )}
  156 |       </AnimatePresence>
> 157 |     </div>
      |       ^^^
  158 |   );
  159 | }
  160 |

Parsing ecmascript source code failed

Import traces:
  Client Component Browser:
    ./app/faq/page.tsx [Client Component Browser]
    ./app/faq/page.tsx [Server Component]

  Client Component SSR:
    ./app/faq/page.tsx [Client Component SSR]
    ./app/faq/page.tsx [Server Component] @ http://localhost:3000/_next/static/chunks/node_modules_next_dist_0u_w_5s._.js:1945
[  245823ms] [ERROR] ./app/faq/page.tsx:157:7
Expected corresponding JSX closing tag for <motion.div>
  155 |         )}
  156 |       </AnimatePresence>
> 157 |     </div>
      |       ^^^
  158 |   );
  159 | }
  160 |

Parsing ecmascript source code failed

Import traces:
  Client Component Browser:
    ./app/faq/page.tsx [Client Component Browser]
    ./app/faq/page.tsx [Server Component]

  Client Component SSR:
    ./app/faq/page.tsx [Client Component SSR]
    ./app/faq/page.tsx [Server Component] @ http://localhost:3000/_next/static/chunks/node_modules_next_dist_0u_w_5s._.js:1945
[  245881ms] [ERROR] ./app/faq/page.tsx:157:7
Expected corresponding JSX closing tag for <motion.div>
  155 |         )}
  156 |       </AnimatePresence>
> 157 |     </div>
      |       ^^^
  158 |   );
  159 | }
  160 |

Parsing ecmascript source code failed

Import traces:
  Client Component Browser:
    ./app/faq/page.tsx [Client Component Browser]
    ./app/faq/page.tsx [Server Component]

  Client Component SSR:
    ./app/faq/page.tsx [Client Component SSR]
    ./app/faq/page.tsx [Server Component] @ http://localhost:3000/_next/static/chunks/node_modules_next_dist_0u_w_5s._.js:1945
[  245944ms] [ERROR] ./app/faq/page.tsx:157:7
Expected corresponding JSX closing tag for <motion.div>
  155 |         )}
  156 |       </AnimatePresence>
> 157 |     </div>
      |       ^^^
  158 |   );
  159 | }
  160 |

Parsing ecmascript source code failed

Import traces:
  Client Component Browser:
    ./app/faq/page.tsx [Client Component Browser]
    ./app/faq/page.tsx [Server Component]

  Client Component SSR:
    ./app/faq/page.tsx [Client Component SSR]
    ./app/faq/page.tsx [Server Component] @ http://localhost:3000/_next/static/chunks/node_modules_next_dist_0u_w_5s._.js:1945
[  246003ms] [ERROR] ./app/faq/page.tsx:157:7
Expected corresponding JSX closing tag for <motion.div>
  155 |         )}
  156 |       </AnimatePresence>
> 157 |     </div>
      |       ^^^
  158 |   );
  159 | }
  160 |

Parsing ecmascript source code failed

Import traces:
  Client Component Browser:
    ./app/faq/page.tsx [Client Component Browser]
    ./app/faq/page.tsx [Server Component]

  Client Component SSR:
    ./app/faq/page.tsx [Client Component SSR]
    ./app/faq/page.tsx [Server Component] @ http://localhost:3000/_next/static/chunks/node_modules_next_dist_0u_w_5s._.js:1945
[  246066ms] [ERROR] ./app/faq/page.tsx:157:7
Expected corresponding JSX closing tag for <motion.div>
  155 |         )}
  156 |       </AnimatePresence>
> 157 |     </div>
      |       ^^^
  158 |   );
  159 | }
  160 |

Parsing ecmascript source code failed

Import traces:
  Client Component Browser:
    ./app/faq/page.tsx [Client Component Browser]
    ./app/faq/page.tsx [Server Component]

  Client Component SSR:
    ./app/faq/page.tsx [Client Component SSR]
    ./app/faq/page.tsx [Server Component] @ http://localhost:3000/_next/static/chunks/node_modules_next_dist_0u_w_5s._.js:1945
[  246129ms] [ERROR] ./app/faq/page.tsx:157:7
Expected corresponding JSX closing tag for <motion.div>
  155 |         )}
  156 |       </AnimatePresence>
> 157 |     </div>
      |       ^^^
  158 |   );
  159 | }
  160 |

Parsing ecmascript source code failed

Import traces:
  Client Component Browser:
    ./app/faq/page.tsx [Client Component Browser]
    ./app/faq/page.tsx [Server Component]

  Client Component SSR:
    ./app/faq/page.tsx [Client Component SSR]
    ./app/faq/page.tsx [Server Component] @ http://localhost:3000/_next/static/chunks/node_modules_next_dist_0u_w_5s._.js:1945
[  246190ms] [ERROR] ./app/faq/page.tsx:157:7
Expected corresponding JSX closing tag for <motion.div>
  155 |         )}
  156 |       </AnimatePresence>
> 157 |     </div>
      |       ^^^
  158 |   );
  159 | }
  160 |

Parsing ecmascript source code failed

Import traces:
  Client Component Browser:
    ./app/faq/page.tsx [Client Component Browser]
    ./app/faq/page.tsx [Server Component]

  Client Component SSR:
    ./app/faq/page.tsx [Client Component SSR]
    ./app/faq/page.tsx [Server Component] @ http://localhost:3000/_next/static/chunks/node_modules_next_dist_0u_w_5s._.js:1945
[  246253ms] [ERROR] ./app/faq/page.tsx:157:7
Expected corresponding JSX closing tag for <motion.div>
  155 |         )}
  156 |       </AnimatePresence>
> 157 |     </div>
      |       ^^^
  158 |   );
  159 | }
  160 |

Parsing ecmascript source code failed

Import traces:
  Client Component Browser:
    ./app/faq/page.tsx [Client Component Browser]
    ./app/faq/page.tsx [Server Component]

  Client Component SSR:
    ./app/faq/page.tsx [Client Component SSR]
    ./app/faq/page.tsx [Server Component] @ http://localhost:3000/_next/static/chunks/node_modules_next_dist_0u_w_5s._.js:1945
[  246316ms] [ERROR] ./app/faq/page.tsx:157:7
Expected corresponding JSX closing tag for <motion.div>
  155 |         )}
  156 |       </AnimatePresence>
> 157 |     </div>
      |       ^^^
  158 |   );
  159 | }
  160 |

Parsing ecmascript source code failed

Import traces:
  Client Component Browser:
    ./app/faq/page.tsx [Client Component Browser]
    ./app/faq/page.tsx [Server Component]

  Client Component SSR:
    ./app/faq/page.tsx [Client Component SSR]
    ./app/faq/page.tsx [Server Component] @ http://localhost:3000/_next/static/chunks/node_modules_next_dist_0u_w_5s._.js:1945
[  246376ms] [ERROR] ./app/faq/page.tsx:157:7
Expected corresponding JSX closing tag for <motion.div>
  155 |         )}
  156 |       </AnimatePresence>
> 157 |     </div>
      |       ^^^
  158 |   );
  159 | }
  160 |

Parsing ecmascript source code failed

Import traces:
  Client Component Browser:
    ./app/faq/page.tsx [Client Component Browser]
    ./app/faq/page.tsx [Server Component]

  Client Component SSR:
    ./app/faq/page.tsx [Client Component SSR]
    ./app/faq/page.tsx [Server Component] @ http://localhost:3000/_next/static/chunks/node_modules_next_dist_0u_w_5s._.js:1945
[  246436ms] [ERROR] ./app/faq/page.tsx:157:7
Expected corresponding JSX closing tag for <motion.div>
  155 |         )}
  156 |       </AnimatePresence>
> 157 |     </div>
      |       ^^^
  158 |   );
  159 | }
  160 |

Parsing ecmascript source code failed

Import traces:
  Client Component Browser:
    ./app/faq/page.tsx [Client Component Browser]
    ./app/faq/page.tsx [Server Component]

  Client Component SSR:
    ./app/faq/page.tsx [Client Component SSR]
    ./app/faq/page.tsx [Server Component] @ http://localhost:3000/_next/static/chunks/node_modules_next_dist_0u_w_5s._.js:1945
[  246500ms] [ERROR] ./app/faq/page.tsx:157:7
Expected corresponding JSX closing tag for <motion.div>
  155 |         )}
  156 |       </AnimatePresence>
> 157 |     </div>
      |       ^^^
  158 |   );
  159 | }
  160 |

Parsing ecmascript source code failed

Import traces:
  Client Component Browser:
    ./app/faq/page.tsx [Client Component Browser]
    ./app/faq/page.tsx [Server Component]

  Client Component SSR:
    ./app/faq/page.tsx [Client Component SSR]
    ./app/faq/page.tsx [Server Component] @ http://localhost:3000/_next/static/chunks/node_modules_next_dist_0u_w_5s._.js:1945
[  246561ms] [ERROR] ./app/faq/page.tsx:157:7
Expected corresponding JSX closing tag for <motion.div>
  155 |         )}
  156 |       </AnimatePresence>
> 157 |     </div>
      |       ^^^
  158 |   );
  159 | }
  160 |

Parsing ecmascript source code failed

Import traces:
  Client Component Browser:
    ./app/faq/page.tsx [Client Component Browser]
    ./app/faq/page.tsx [Server Component]

  Client Component SSR:
    ./app/faq/page.tsx [Client Component SSR]
    ./app/faq/page.tsx [Server Component] @ http://localhost:3000/_next/static/chunks/node_modules_next_dist_0u_w_5s._.js:1945
[  246624ms] [ERROR] ./app/faq/page.tsx:157:7
Expected corresponding JSX closing tag for <motion.div>
  155 |         )}
  156 |       </AnimatePresence>
> 157 |     </div>
      |       ^^^
  158 |   );
  159 | }
  160 |

Parsing ecmascript source code failed

Import traces:
  Client Component Browser:
    ./app/faq/page.tsx [Client Component Browser]
    ./app/faq/page.tsx [Server Component]

  Client Component SSR:
    ./app/faq/page.tsx [Client Component SSR]
    ./app/faq/page.tsx [Server Component] @ http://localhost:3000/_next/static/chunks/node_modules_next_dist_0u_w_5s._.js:1945
[  246686ms] [ERROR] ./app/faq/page.tsx:157:7
Expected corresponding JSX closing tag for <motion.div>
  155 |         )}
  156 |       </AnimatePresence>
> 157 |     </div>
      |       ^^^
  158 |   );
  159 | }
  160 |

Parsing ecmascript source code failed

Import traces:
  Client Component Browser:
    ./app/faq/page.tsx [Client Component Browser]
    ./app/faq/page.tsx [Server Component]

  Client Component SSR:
    ./app/faq/page.tsx [Client Component SSR]
    ./app/faq/page.tsx [Server Component] @ http://localhost:3000/_next/static/chunks/node_modules_next_dist_0u_w_5s._.js:1945
[  246749ms] [ERROR] ./app/faq/page.tsx:157:7
Expected corresponding JSX closing tag for <motion.div>
  155 |         )}
  156 |       </AnimatePresence>
> 157 |     </div>
      |       ^^^
  158 |   );
  159 | }
  160 |

Parsing ecmascript source code failed

Import traces:
  Client Component Browser:
    ./app/faq/page.tsx [Client Component Browser]
    ./app/faq/page.tsx [Server Component]

  Client Component SSR:
    ./app/faq/page.tsx [Client Component SSR]
    ./app/faq/page.tsx [Server Component] @ http://localhost:3000/_next/static/chunks/node_modules_next_dist_0u_w_5s._.js:1945
[  246810ms] [ERROR] ./app/faq/page.tsx:157:7
Expected corresponding JSX closing tag for <motion.div>
  155 |         )}
  156 |       </AnimatePresence>
> 157 |     </div>
      |       ^^^
  158 |   );
  159 | }
  160 |

Parsing ecmascript source code failed

Import traces:
  Client Component Browser:
    ./app/faq/page.tsx [Client Component Browser]
    ./app/faq/page.tsx [Server Component]

  Client Component SSR:
    ./app/faq/page.tsx [Client Component SSR]
    ./app/faq/page.tsx [Server Component] @ http://localhost:3000/_next/static/chunks/node_modules_next_dist_0u_w_5s._.js:1945
[  246872ms] [ERROR] ./app/faq/page.tsx:157:7
Expected corresponding JSX closing tag for <motion.div>
  155 |         )}
  156 |       </AnimatePresence>
> 157 |     </div>
      |       ^^^
  158 |   );
  159 | }
  160 |

Parsing ecmascript source code failed

Import traces:
  Client Component Browser:
    ./app/faq/page.tsx [Client Component Browser]
    ./app/faq/page.tsx [Server Component]

  Client Component SSR:
    ./app/faq/page.tsx [Client Component SSR]
    ./app/faq/page.tsx [Server Component] @ http://localhost:3000/_next/static/chunks/node_modules_next_dist_0u_w_5s._.js:1945
[  246935ms] [ERROR] ./app/faq/page.tsx:157:7
Expected corresponding JSX closing tag for <motion.div>
  155 |         )}
  156 |       </AnimatePresence>
> 157 |     </div>
      |       ^^^
  158 |   );
  159 | }
  160 |

Parsing ecmascript source code failed

Import traces:
  Client Component Browser:
    ./app/faq/page.tsx [Client Component Browser]
    ./app/faq/page.tsx [Server Component]

  Client Component SSR:
    ./app/faq/page.tsx [Client Component SSR]
    ./app/faq/page.tsx [Server Component] @ http://localhost:3000/_next/static/chunks/node_modules_next_dist_0u_w_5s._.js:1945
[  247000ms] [ERROR] ./app/faq/page.tsx:157:7
Expected corresponding JSX closing tag for <motion.div>
  155 |         )}
  156 |       </AnimatePresence>
> 157 |     </div>
      |       ^^^
  158 |   );
  159 | }
  160 |

Parsing ecmascript source code failed

Import traces:
  Client Component Browser:
    ./app/faq/page.tsx [Client Component Browser]
    ./app/faq/page.tsx [Server Component]

  Client Component SSR:
    ./app/faq/page.tsx [Client Component SSR]
    ./app/faq/page.tsx [Server Component] @ http://localhost:3000/_next/static/chunks/node_modules_next_dist_0u_w_5s._.js:1945
[  247060ms] [ERROR] ./app/faq/page.tsx:157:7
Expected corresponding JSX closing tag for <motion.div>
  155 |         )}
  156 |       </AnimatePresence>
> 157 |     </div>
      |       ^^^
  158 |   );
  159 | }
  160 |

Parsing ecmascript source code failed

Import traces:
  Client Component Browser:
    ./app/faq/page.tsx [Client Component Browser]
    ./app/faq/page.tsx [Server Component]

  Client Component SSR:
    ./app/faq/page.tsx [Client Component SSR]
    ./app/faq/page.tsx [Server Component] @ http://localhost:3000/_next/static/chunks/node_modules_next_dist_0u_w_5s._.js:1945
[  247123ms] [ERROR] ./app/faq/page.tsx:157:7
Expected corresponding JSX closing tag for <motion.div>
  155 |         )}
  156 |       </AnimatePresence>
> 157 |     </div>
      |       ^^^
  158 |   );
  159 | }
  160 |

Parsing ecmascript source code failed

Import traces:
  Client Component Browser:
    ./app/faq/page.tsx [Client Component Browser]
    ./app/faq/page.tsx [Server Component]

  Client Component SSR:
    ./app/faq/page.tsx [Client Component SSR]
    ./app/faq/page.tsx [Server Component] @ http://localhost:3000/_next/static/chunks/node_modules_next_dist_0u_w_5s._.js:1945
[  247186ms] [ERROR] ./app/faq/page.tsx:157:7
Expected corresponding JSX closing tag for <motion.div>
  155 |         )}
  156 |       </AnimatePresence>
> 157 |     </div>
      |       ^^^
  158 |   );
  159 | }
  160 |

Parsing ecmascript source code failed

Import traces:
  Client Component Browser:
    ./app/faq/page.tsx [Client Component Browser]
    ./app/faq/page.tsx [Server Component]

  Client Component SSR:
    ./app/faq/page.tsx [Client Component SSR]
    ./app/faq/page.tsx [Server Component] @ http://localhost:3000/_next/static/chunks/node_modules_next_dist_0u_w_5s._.js:1945
[  247250ms] [ERROR] ./app/faq/page.tsx:157:7
Expected corresponding JSX closing tag for <motion.div>
  155 |         )}
  156 |       </AnimatePresence>
> 157 |     </div>
      |       ^^^
  158 |   );
  159 | }
  160 |

Parsing ecmascript source code failed

Import traces:
  Client Component Browser:
    ./app/faq/page.tsx [Client Component Browser]
    ./app/faq/page.tsx [Server Component]

  Client Component SSR:
    ./app/faq/page.tsx [Client Component SSR]
    ./app/faq/page.tsx [Server Component] @ http://localhost:3000/_next/static/chunks/node_modules_next_dist_0u_w_5s._.js:1945
[  247310ms] [ERROR] ./app/faq/page.tsx:157:7
Expected corresponding JSX closing tag for <motion.div>
  155 |         )}
  156 |       </AnimatePresence>
> 157 |     </div>
      |       ^^^
  158 |   );
  159 | }
  160 |

Parsing ecmascript source code failed

Import traces:
  Client Component Browser:
    ./app/faq/page.tsx [Client Component Browser]
    ./app/faq/page.tsx [Server Component]

  Client Component SSR:
    ./app/faq/page.tsx [Client Component SSR]
    ./app/faq/page.tsx [Server Component] @ http://localhost:3000/_next/static/chunks/node_modules_next_dist_0u_w_5s._.js:1945
[  247373ms] [ERROR] ./app/faq/page.tsx:157:7
Expected corresponding JSX closing tag for <motion.div>
  155 |         )}
  156 |       </AnimatePresence>
> 157 |     </div>
      |       ^^^
  158 |   );
  159 | }
  160 |

Parsing ecmascript source code failed

Import traces:
  Client Component Browser:
    ./app/faq/page.tsx [Client Component Browser]
    ./app/faq/page.tsx [Server Component]

  Client Component SSR:
    ./app/faq/page.tsx [Client Component SSR]
    ./app/faq/page.tsx [Server Component] @ http://localhost:3000/_next/static/chunks/node_modules_next_dist_0u_w_5s._.js:1945
[  247435ms] [ERROR] ./app/faq/page.tsx:157:7
Expected corresponding JSX closing tag for <motion.div>
  155 |         )}
  156 |       </AnimatePresence>
> 157 |     </div>
      |       ^^^
  158 |   );
  159 | }
  160 |

Parsing ecmascript source code failed

Import traces:
  Client Component Browser:
    ./app/faq/page.tsx [Client Component Browser]
    ./app/faq/page.tsx [Server Component]

  Client Component SSR:
    ./app/faq/page.tsx [Client Component SSR]
    ./app/faq/page.tsx [Server Component] @ http://localhost:3000/_next/static/chunks/node_modules_next_dist_0u_w_5s._.js:1945
[  247498ms] [ERROR] ./app/faq/page.tsx:157:7
Expected corresponding JSX closing tag for <motion.div>
  155 |         )}
  156 |       </AnimatePresence>
> 157 |     </div>
      |       ^^^
  158 |   );
  159 | }
  160 |

Parsing ecmascript source code failed

Import traces:
  Client Component Browser:
    ./app/faq/page.tsx [Client Component Browser]
    ./app/faq/page.tsx [Server Component]

  Client Component SSR:
    ./app/faq/page.tsx [Client Component SSR]
    ./app/faq/page.tsx [Server Component] @ http://localhost:3000/_next/static/chunks/node_modules_next_dist_0u_w_5s._.js:1945
[  247560ms] [ERROR] ./app/faq/page.tsx:157:7
Expected corresponding JSX closing tag for <motion.div>
  155 |         )}
  156 |       </AnimatePresence>
> 157 |     </div>
      |       ^^^
  158 |   );
  159 | }
  160 |

Parsing ecmascript source code failed

Import traces:
  Client Component Browser:
    ./app/faq/page.tsx [Client Component Browser]
    ./app/faq/page.tsx [Server Component]

  Client Component SSR:
    ./app/faq/page.tsx [Client Component SSR]
    ./app/faq/page.tsx [Server Component] @ http://localhost:3000/_next/static/chunks/node_modules_next_dist_0u_w_5s._.js:1945
[  247622ms] [ERROR] ./app/faq/page.tsx:157:7
Expected corresponding JSX closing tag for <motion.div>
  155 |         )}
  156 |       </AnimatePresence>
> 157 |     </div>
      |       ^^^
  158 |   );
  159 | }
  160 |

Parsing ecmascript source code failed

Import traces:
  Client Component Browser:
    ./app/faq/page.tsx [Client Component Browser]
    ./app/faq/page.tsx [Server Component]

  Client Component SSR:
    ./app/faq/page.tsx [Client Component SSR]
    ./app/faq/page.tsx [Server Component] @ http://localhost:3000/_next/static/chunks/node_modules_next_dist_0u_w_5s._.js:1945
[  247682ms] [ERROR] ./app/faq/page.tsx:157:7
Expected corresponding JSX closing tag for <motion.div>
  155 |         )}
  156 |       </AnimatePresence>
> 157 |     </div>
      |       ^^^
  158 |   );
  159 | }
  160 |

Parsing ecmascript source code failed

Import traces:
  Client Component Browser:
    ./app/faq/page.tsx [Client Component Browser]
    ./app/faq/page.tsx [Server Component]

  Client Component SSR:
    ./app/faq/page.tsx [Client Component SSR]
    ./app/faq/page.tsx [Server Component] @ http://localhost:3000/_next/static/chunks/node_modules_next_dist_0u_w_5s._.js:1945
[  247742ms] [ERROR] ./app/faq/page.tsx:157:7
Expected corresponding JSX closing tag for <motion.div>
  155 |         )}
  156 |       </AnimatePresence>
> 157 |     </div>
      |       ^^^
  158 |   );
  159 | }
  160 |

Parsing ecmascript source code failed

Import traces:
  Client Component Browser:
    ./app/faq/page.tsx [Client Component Browser]
    ./app/faq/page.tsx [Server Component]

  Client Component SSR:
    ./app/faq/page.tsx [Client Component SSR]
    ./app/faq/page.tsx [Server Component] @ http://localhost:3000/_next/static/chunks/node_modules_next_dist_0u_w_5s._.js:1945
[  247804ms] [ERROR] ./app/faq/page.tsx:157:7
Expected corresponding JSX closing tag for <motion.div>
  155 |         )}
  156 |       </AnimatePresence>
> 157 |     </div>
      |       ^^^
  158 |   );
  159 | }
  160 |

Parsing ecmascript source code failed

Import traces:
  Client Component Browser:
    ./app/faq/page.tsx [Client Component Browser]
    ./app/faq/page.tsx [Server Component]

  Client Component SSR:
    ./app/faq/page.tsx [Client Component SSR]
    ./app/faq/page.tsx [Server Component] @ http://localhost:3000/_next/static/chunks/node_modules_next_dist_0u_w_5s._.js:1945
[  247865ms] [ERROR] ./app/faq/page.tsx:157:7
Expected corresponding JSX closing tag for <motion.div>
  155 |         )}
  156 |       </AnimatePresence>
> 157 |     </div>
      |       ^^^
  158 |   );
  159 | }
  160 |

Parsing ecmascript source code failed

Import traces:
  Client Component Browser:
    ./app/faq/page.tsx [Client Component Browser]
    ./app/faq/page.tsx [Server Component]

  Client Component SSR:
    ./app/faq/page.tsx [Client Component SSR]
    ./app/faq/page.tsx [Server Component] @ http://localhost:3000/_next/static/chunks/node_modules_next_dist_0u_w_5s._.js:1945
[  247929ms] [ERROR] ./app/faq/page.tsx:157:7
Expected corresponding JSX closing tag for <motion.div>
  155 |         )}
  156 |       </AnimatePresence>
> 157 |     </div>
      |       ^^^
  158 |   );
  159 | }
  160 |

Parsing ecmascript source code failed

Import traces:
  Client Component Browser:
    ./app/faq/page.tsx [Client Component Browser]
    ./app/faq/page.tsx [Server Component]

  Client Component SSR:
    ./app/faq/page.tsx [Client Component SSR]
    ./app/faq/page.tsx [Server Component] @ http://localhost:3000/_next/static/chunks/node_modules_next_dist_0u_w_5s._.js:1945
[  247990ms] [ERROR] ./app/faq/page.tsx:157:7
Expected corresponding JSX closing tag for <motion.div>
  155 |         )}
  156 |       </AnimatePresence>
> 157 |     </div>
      |       ^^^
  158 |   );
  159 | }
  160 |

Parsing ecmascript source code failed

Import traces:
  Client Component Browser:
    ./app/faq/page.tsx [Client Component Browser]
    ./app/faq/page.tsx [Server Component]

  Client Component SSR:
    ./app/faq/page.tsx [Client Component SSR]
    ./app/faq/page.tsx [Server Component] @ http://localhost:3000/_next/static/chunks/node_modules_next_dist_0u_w_5s._.js:1945
[  248053ms] [ERROR] ./app/faq/page.tsx:157:7
Expected corresponding JSX closing tag for <motion.div>
  155 |         )}
  156 |       </AnimatePresence>
> 157 |     </div>
      |       ^^^
  158 |   );
  159 | }
  160 |

Parsing ecmascript source code failed

Import traces:
  Client Component Browser:
    ./app/faq/page.tsx [Client Component Browser]
    ./app/faq/page.tsx [Server Component]

  Client Component SSR:
    ./app/faq/page.tsx [Client Component SSR]
    ./app/faq/page.tsx [Server Component] @ http://localhost:3000/_next/static/chunks/node_modules_next_dist_0u_w_5s._.js:1945
[  248113ms] [ERROR] ./app/faq/page.tsx:157:7
Expected corresponding JSX closing tag for <motion.div>
  155 |         )}
  156 |       </AnimatePresence>
> 157 |     </div>
      |       ^^^
  158 |   );
  159 | }
  160 |

Parsing ecmascript source code failed

Import traces:
  Client Component Browser:
    ./app/faq/page.tsx [Client Component Browser]
    ./app/faq/page.tsx [Server Component]

  Client Component SSR:
    ./app/faq/page.tsx [Client Component SSR]
    ./app/faq/page.tsx [Server Component] @ http://localhost:3000/_next/static/chunks/node_modules_next_dist_0u_w_5s._.js:1945
[  248175ms] [ERROR] ./app/faq/page.tsx:157:7
Expected corresponding JSX closing tag for <motion.div>
  155 |         )}
  156 |       </AnimatePresence>
> 157 |     </div>
      |       ^^^
  158 |   );
  159 | }
  160 |

Parsing ecmascript source code failed

Import traces:
  Client Component Browser:
    ./app/faq/page.tsx [Client Component Browser]
    ./app/faq/page.tsx [Server Component]

  Client Component SSR:
    ./app/faq/page.tsx [Client Component SSR]
    ./app/faq/page.tsx [Server Component] @ http://localhost:3000/_next/static/chunks/node_modules_next_dist_0u_w_5s._.js:1945
[  248232ms] [ERROR] ./app/faq/page.tsx:157:7
Expected corresponding JSX closing tag for <motion.div>
  155 |         )}
  156 |       </AnimatePresence>
> 157 |     </div>
      |       ^^^
  158 |   );
  159 | }
  160 |

Parsing ecmascript source code failed

Import traces:
  Client Component Browser:
    ./app/faq/page.tsx [Client Component Browser]
    ./app/faq/page.tsx [Server Component]

  Client Component SSR:
    ./app/faq/page.tsx [Client Component SSR]
    ./app/faq/page.tsx [Server Component] @ http://localhost:3000/_next/static/chunks/node_modules_next_dist_0u_w_5s._.js:1945
[  248294ms] [ERROR] ./app/faq/page.tsx:157:7
Expected corresponding JSX closing tag for <motion.div>
  155 |         )}
  156 |       </AnimatePresence>
> 157 |     </div>
      |       ^^^
  158 |   );
  159 | }
  160 |

Parsing ecmascript source code failed

Import traces:
  Client Component Browser:
    ./app/faq/page.tsx [Client Component Browser]
    ./app/faq/page.tsx [Server Component]

  Client Component SSR:
    ./app/faq/page.tsx [Client Component SSR]
    ./app/faq/page.tsx [Server Component] @ http://localhost:3000/_next/static/chunks/node_modules_next_dist_0u_w_5s._.js:1945
[  248356ms] [ERROR] ./app/faq/page.tsx:157:7
Expected corresponding JSX closing tag for <motion.div>
  155 |         )}
  156 |       </AnimatePresence>
> 157 |     </div>
      |       ^^^
  158 |   );
  159 | }
  160 |

Parsing ecmascript source code failed

Import traces:
  Client Component Browser:
    ./app/faq/page.tsx [Client Component Browser]
    ./app/faq/page.tsx [Server Component]

  Client Component SSR:
    ./app/faq/page.tsx [Client Component SSR]
    ./app/faq/page.tsx [Server Component] @ http://localhost:3000/_next/static/chunks/node_modules_next_dist_0u_w_5s._.js:1945
[  248417ms] [ERROR] ./app/faq/page.tsx:157:7
Expected corresponding JSX closing tag for <motion.div>
  155 |         )}
  156 |       </AnimatePresence>
> 157 |     </div>
      |       ^^^
  158 |   );
  159 | }
  160 |

Parsing ecmascript source code failed

Import traces:
  Client Component Browser:
    ./app/faq/page.tsx [Client Component Browser]
    ./app/faq/page.tsx [Server Component]

  Client Component SSR:
    ./app/faq/page.tsx [Client Component SSR]
    ./app/faq/page.tsx [Server Component] @ http://localhost:3000/_next/static/chunks/node_modules_next_dist_0u_w_5s._.js:1945
[  248478ms] [ERROR] ./app/faq/page.tsx:157:7
Expected corresponding JSX closing tag for <motion.div>
  155 |         )}
  156 |       </AnimatePresence>
> 157 |     </div>
      |       ^^^
  158 |   );
  159 | }
  160 |

Parsing ecmascript source code failed

Import traces:
  Client Component Browser:
    ./app/faq/page.tsx [Client Component Browser]
    ./app/faq/page.tsx [Server Component]

  Client Component SSR:
    ./app/faq/page.tsx [Client Component SSR]
    ./app/faq/page.tsx [Server Component] @ http://localhost:3000/_next/static/chunks/node_modules_next_dist_0u_w_5s._.js:1945
[  248541ms] [ERROR] ./app/faq/page.tsx:157:7
Expected corresponding JSX closing tag for <motion.div>
  155 |         )}
  156 |       </AnimatePresence>
> 157 |     </div>
      |       ^^^
  158 |   );
  159 | }
  160 |

Parsing ecmascript source code failed

Import traces:
  Client Component Browser:
    ./app/faq/page.tsx [Client Component Browser]
    ./app/faq/page.tsx [Server Component]

  Client Component SSR:
    ./app/faq/page.tsx [Client Component SSR]
    ./app/faq/page.tsx [Server Component] @ http://localhost:3000/_next/static/chunks/node_modules_next_dist_0u_w_5s._.js:1945
[  248600ms] [ERROR] ./app/faq/page.tsx:157:7
Expected corresponding JSX closing tag for <motion.div>
  155 |         )}
  156 |       </AnimatePresence>
> 157 |     </div>
      |       ^^^
  158 |   );
  159 | }
  160 |

Parsing ecmascript source code failed

Import traces:
  Client Component Browser:
    ./app/faq/page.tsx [Client Component Browser]
    ./app/faq/page.tsx [Server Component]

  Client Component SSR:
    ./app/faq/page.tsx [Client Component SSR]
    ./app/faq/page.tsx [Server Component] @ http://localhost:3000/_next/static/chunks/node_modules_next_dist_0u_w_5s._.js:1945
[  248662ms] [ERROR] ./app/faq/page.tsx:157:7
Expected corresponding JSX closing tag for <motion.div>
  155 |         )}
  156 |       </AnimatePresence>
> 157 |     </div>
      |       ^^^
  158 |   );
  159 | }
  160 |

Parsing ecmascript source code failed

Import traces:
  Client Component Browser:
    ./app/faq/page.tsx [Client Component Browser]
    ./app/faq/page.tsx [Server Component]

  Client Component SSR:
    ./app/faq/page.tsx [Client Component SSR]
    ./app/faq/page.tsx [Server Component] @ http://localhost:3000/_next/static/chunks/node_modules_next_dist_0u_w_5s._.js:1945
[  248724ms] [ERROR] ./app/faq/page.tsx:157:7
Expected corresponding JSX closing tag for <motion.div>
  155 |         )}
  156 |       </AnimatePresence>
> 157 |     </div>
      |       ^^^
  158 |   );
  159 | }
  160 |

Parsing ecmascript source code failed

Import traces:
  Client Component Browser:
    ./app/faq/page.tsx [Client Component Browser]
    ./app/faq/page.tsx [Server Component]

  Client Component SSR:
    ./app/faq/page.tsx [Client Component SSR]
    ./app/faq/page.tsx [Server Component] @ http://localhost:3000/_next/static/chunks/node_modules_next_dist_0u_w_5s._.js:1945
[  248786ms] [ERROR] ./app/faq/page.tsx:157:7
Expected corresponding JSX closing tag for <motion.div>
  155 |         )}
  156 |       </AnimatePresence>
> 157 |     </div>
      |       ^^^
  158 |   );
  159 | }
  160 |

Parsing ecmascript source code failed

Import traces:
  Client Component Browser:
    ./app/faq/page.tsx [Client Component Browser]
    ./app/faq/page.tsx [Server Component]

  Client Component SSR:
    ./app/faq/page.tsx [Client Component SSR]
    ./app/faq/page.tsx [Server Component] @ http://localhost:3000/_next/static/chunks/node_modules_next_dist_0u_w_5s._.js:1945
[  248849ms] [ERROR] ./app/faq/page.tsx:157:7
Expected corresponding JSX closing tag for <motion.div>
  155 |         )}
  156 |       </AnimatePresence>
> 157 |     </div>
      |       ^^^
  158 |   );
  159 | }
  160 |

Parsing ecmascript source code failed

Import traces:
  Client Component Browser:
    ./app/faq/page.tsx [Client Component Browser]
    ./app/faq/page.tsx [Server Component]

  Client Component SSR:
    ./app/faq/page.tsx [Client Component SSR]
    ./app/faq/page.tsx [Server Component] @ http://localhost:3000/_next/static/chunks/node_modules_next_dist_0u_w_5s._.js:1945
[  248911ms] [ERROR] ./app/faq/page.tsx:157:7
Expected corresponding JSX closing tag for <motion.div>
  155 |         )}
  156 |       </AnimatePresence>
> 157 |     </div>
      |       ^^^
  158 |   );
  159 | }
  160 |

Parsing ecmascript source code failed

Import traces:
  Client Component Browser:
    ./app/faq/page.tsx [Client Component Browser]
    ./app/faq/page.tsx [Server Component]

  Client Component SSR:
    ./app/faq/page.tsx [Client Component SSR]
    ./app/faq/page.tsx [Server Component] @ http://localhost:3000/_next/static/chunks/node_modules_next_dist_0u_w_5s._.js:1945
[  248974ms] [ERROR] ./app/faq/page.tsx:157:7
Expected corresponding JSX closing tag for <motion.div>
  155 |         )}
  156 |       </AnimatePresence>
> 157 |     </div>
      |       ^^^
  158 |   );
  159 | }
  160 |

Parsing ecmascript source code failed

Import traces:
  Client Component Browser:
    ./app/faq/page.tsx [Client Component Browser]
    ./app/faq/page.tsx [Server Component]

  Client Component SSR:
    ./app/faq/page.tsx [Client Component SSR]
    ./app/faq/page.tsx [Server Component] @ http://localhost:3000/_next/static/chunks/node_modules_next_dist_0u_w_5s._.js:1945
[  249030ms] [ERROR] ./app/faq/page.tsx:157:7
Expected corresponding JSX closing tag for <motion.div>
  155 |         )}
  156 |       </AnimatePresence>
> 157 |     </div>
      |       ^^^
  158 |   );
  159 | }
  160 |

Parsing ecmascript source code failed

Import traces:
  Client Component Browser:
    ./app/faq/page.tsx [Client Component Browser]
    ./app/faq/page.tsx [Server Component]

  Client Component SSR:
    ./app/faq/page.tsx [Client Component SSR]
    ./app/faq/page.tsx [Server Component] @ http://localhost:3000/_next/static/chunks/node_modules_next_dist_0u_w_5s._.js:1945
[  249093ms] [ERROR] ./app/faq/page.tsx:157:7
Expected corresponding JSX closing tag for <motion.div>
  155 |         )}
  156 |       </AnimatePresence>
> 157 |     </div>
      |       ^^^
  158 |   );
  159 | }
  160 |

Parsing ecmascript source code failed

Import traces:
  Client Component Browser:
    ./app/faq/page.tsx [Client Component Browser]
    ./app/faq/page.tsx [Server Component]

  Client Component SSR:
    ./app/faq/page.tsx [Client Component SSR]
    ./app/faq/page.tsx [Server Component] @ http://localhost:3000/_next/static/chunks/node_modules_next_dist_0u_w_5s._.js:1945
[  249152ms] [ERROR] ./app/faq/page.tsx:157:7
Expected corresponding JSX closing tag for <motion.div>
  155 |         )}
  156 |       </AnimatePresence>
> 157 |     </div>
      |       ^^^
  158 |   );
  159 | }
  160 |

Parsing ecmascript source code failed

Import traces:
  Client Component Browser:
    ./app/faq/page.tsx [Client Component Browser]
    ./app/faq/page.tsx [Server Component]

  Client Component SSR:
    ./app/faq/page.tsx [Client Component SSR]
    ./app/faq/page.tsx [Server Component] @ http://localhost:3000/_next/static/chunks/node_modules_next_dist_0u_w_5s._.js:1945
[  249211ms] [ERROR] ./app/faq/page.tsx:157:7
Expected corresponding JSX closing tag for <motion.div>
  155 |         )}
  156 |       </AnimatePresence>
> 157 |     </div>
      |       ^^^
  158 |   );
  159 | }
  160 |

Parsing ecmascript source code failed

Import traces:
  Client Component Browser:
    ./app/faq/page.tsx [Client Component Browser]
    ./app/faq/page.tsx [Server Component]

  Client Component SSR:
    ./app/faq/page.tsx [Client Component SSR]
    ./app/faq/page.tsx [Server Component] @ http://localhost:3000/_next/static/chunks/node_modules_next_dist_0u_w_5s._.js:1945
[  249270ms] [ERROR] ./app/faq/page.tsx:157:7
Expected corresponding JSX closing tag for <motion.div>
  155 |         )}
  156 |       </AnimatePresence>
> 157 |     </div>
      |       ^^^
  158 |   );
  159 | }
  160 |

Parsing ecmascript source code failed

Import traces:
  Client Component Browser:
    ./app/faq/page.tsx [Client Component Browser]
    ./app/faq/page.tsx [Server Component]

  Client Component SSR:
    ./app/faq/page.tsx [Client Component SSR]
    ./app/faq/page.tsx [Server Component] @ http://localhost:3000/_next/static/chunks/node_modules_next_dist_0u_w_5s._.js:1945
[  249334ms] [ERROR] ./app/faq/page.tsx:157:7
Expected corresponding JSX closing tag for <motion.div>
  155 |         )}
  156 |       </AnimatePresence>
> 157 |     </div>
      |       ^^^
  158 |   );
  159 | }
  160 |

Parsing ecmascript source code failed

Import traces:
  Client Component Browser:
    ./app/faq/page.tsx [Client Component Browser]
    ./app/faq/page.tsx [Server Component]

  Client Component SSR:
    ./app/faq/page.tsx [Client Component SSR]
    ./app/faq/page.tsx [Server Component] @ http://localhost:3000/_next/static/chunks/node_modules_next_dist_0u_w_5s._.js:1945
[  249399ms] [ERROR] ./app/faq/page.tsx:157:7
Expected corresponding JSX closing tag for <motion.div>
  155 |         )}
  156 |       </AnimatePresence>
> 157 |     </div>
      |       ^^^
  158 |   );
  159 | }
  160 |

Parsing ecmascript source code failed

Import traces:
  Client Component Browser:
    ./app/faq/page.tsx [Client Component Browser]
    ./app/faq/page.tsx [Server Component]

  Client Component SSR:
    ./app/faq/page.tsx [Client Component SSR]
    ./app/faq/page.tsx [Server Component] @ http://localhost:3000/_next/static/chunks/node_modules_next_dist_0u_w_5s._.js:1945
[  249458ms] [ERROR] ./app/faq/page.tsx:157:7
Expected corresponding JSX closing tag for <motion.div>
  155 |         )}
  156 |       </AnimatePresence>
> 157 |     </div>
      |       ^^^
  158 |   );
  159 | }
  160 |

Parsing ecmascript source code failed

Import traces:
  Client Component Browser:
    ./app/faq/page.tsx [Client Component Browser]
    ./app/faq/page.tsx [Server Component]

  Client Component SSR:
    ./app/faq/page.tsx [Client Component SSR]
    ./app/faq/page.tsx [Server Component] @ http://localhost:3000/_next/static/chunks/node_modules_next_dist_0u_w_5s._.js:1945
[  249519ms] [ERROR] ./app/faq/page.tsx:157:7
Expected corresponding JSX closing tag for <motion.div>
  155 |         )}
  156 |       </AnimatePresence>
> 157 |     </div>
      |       ^^^
  158 |   );
  159 | }
  160 |

Parsing ecmascript source code failed

Import traces:
  Client Component Browser:
    ./app/faq/page.tsx [Client Component Browser]
    ./app/faq/page.tsx [Server Component]

  Client Component SSR:
    ./app/faq/page.tsx [Client Component SSR]
    ./app/faq/page.tsx [Server Component] @ http://localhost:3000/_next/static/chunks/node_modules_next_dist_0u_w_5s._.js:1945
[  249584ms] [ERROR] ./app/faq/page.tsx:157:7
Expected corresponding JSX closing tag for <motion.div>
  155 |         )}
  156 |       </AnimatePresence>
> 157 |     </div>
      |       ^^^
  158 |   );
  159 | }
  160 |

Parsing ecmascript source code failed

Import traces:
  Client Component Browser:
    ./app/faq/page.tsx [Client Component Browser]
    ./app/faq/page.tsx [Server Component]

  Client Component SSR:
    ./app/faq/page.tsx [Client Component SSR]
    ./app/faq/page.tsx [Server Component] @ http://localhost:3000/_next/static/chunks/node_modules_next_dist_0u_w_5s._.js:1945
[  249644ms] [ERROR] ./app/faq/page.tsx:157:7
Expected corresponding JSX closing tag for <motion.div>
  155 |         )}
  156 |       </AnimatePresence>
> 157 |     </div>
      |       ^^^
  158 |   );
  159 | }
  160 |

Parsing ecmascript source code failed

Import traces:
  Client Component Browser:
    ./app/faq/page.tsx [Client Component Browser]
    ./app/faq/page.tsx [Server Component]

  Client Component SSR:
    ./app/faq/page.tsx [Client Component SSR]
    ./app/faq/page.tsx [Server Component] @ http://localhost:3000/_next/static/chunks/node_modules_next_dist_0u_w_5s._.js:1945
[  249706ms] [ERROR] ./app/faq/page.tsx:157:7
Expected corresponding JSX closing tag for <motion.div>
  155 |         )}
  156 |       </AnimatePresence>
> 157 |     </div>
      |       ^^^
  158 |   );
  159 | }
  160 |

Parsing ecmascript source code failed

Import traces:
  Client Component Browser:
    ./app/faq/page.tsx [Client Component Browser]
    ./app/faq/page.tsx [Server Component]

  Client Component SSR:
    ./app/faq/page.tsx [Client Component SSR]
    ./app/faq/page.tsx [Server Component] @ http://localhost:3000/_next/static/chunks/node_modules_next_dist_0u_w_5s._.js:1945
[  249768ms] [ERROR] ./app/faq/page.tsx:157:7
Expected corresponding JSX closing tag for <motion.div>
  155 |         )}
  156 |       </AnimatePresence>
> 157 |     </div>
      |       ^^^
  158 |   );
  159 | }
  160 |

Parsing ecmascript source code failed

Import traces:
  Client Component Browser:
    ./app/faq/page.tsx [Client Component Browser]
    ./app/faq/page.tsx [Server Component]

  Client Component SSR:
    ./app/faq/page.tsx [Client Component SSR]
    ./app/faq/page.tsx [Server Component] @ http://localhost:3000/_next/static/chunks/node_modules_next_dist_0u_w_5s._.js:1945
[  249832ms] [ERROR] ./app/faq/page.tsx:157:7
Expected corresponding JSX closing tag for <motion.div>
  155 |         )}
  156 |       </AnimatePresence>
> 157 |     </div>
      |       ^^^
  158 |   );
  159 | }
  160 |

Parsing ecmascript source code failed

Import traces:
  Client Component Browser:
    ./app/faq/page.tsx [Client Component Browser]
    ./app/faq/page.tsx [Server Component]

  Client Component SSR:
    ./app/faq/page.tsx [Client Component SSR]
    ./app/faq/page.tsx [Server Component] @ http://localhost:3000/_next/static/chunks/node_modules_next_dist_0u_w_5s._.js:1945
[  249892ms] [ERROR] ./app/faq/page.tsx:157:7
Expected corresponding JSX closing tag for <motion.div>
  155 |         )}
  156 |       </AnimatePresence>
> 157 |     </div>
      |       ^^^
  158 |   );
  159 | }
  160 |

Parsing ecmascript source code failed

Import traces:
  Client Component Browser:
    ./app/faq/page.tsx [Client Component Browser]
    ./app/faq/page.tsx [Server Component]

  Client Component SSR:
    ./app/faq/page.tsx [Client Component SSR]
    ./app/faq/page.tsx [Server Component] @ http://localhost:3000/_next/static/chunks/node_modules_next_dist_0u_w_5s._.js:1945
[  249955ms] [ERROR] ./app/faq/page.tsx:157:7
Expected corresponding JSX closing tag for <motion.div>
  155 |         )}
  156 |       </AnimatePresence>
> 157 |     </div>
      |       ^^^
  158 |   );
  159 | }
  160 |

Parsing ecmascript source code failed

Import traces:
  Client Component Browser:
    ./app/faq/page.tsx [Client Component Browser]
    ./app/faq/page.tsx [Server Component]

  Client Component SSR:
    ./app/faq/page.tsx [Client Component SSR]
    ./app/faq/page.tsx [Server Component] @ http://localhost:3000/_next/static/chunks/node_modules_next_dist_0u_w_5s._.js:1945
[  250017ms] [ERROR] ./app/faq/page.tsx:157:7
Expected corresponding JSX closing tag for <motion.div>
  155 |         )}
  156 |       </AnimatePresence>
> 157 |     </div>
      |       ^^^
  158 |   );
  159 | }
  160 |

Parsing ecmascript source code failed

Import traces:
  Client Component Browser:
    ./app/faq/page.tsx [Client Component Browser]
    ./app/faq/page.tsx [Server Component]

  Client Component SSR:
    ./app/faq/page.tsx [Client Component SSR]
    ./app/faq/page.tsx [Server Component] @ http://localhost:3000/_next/static/chunks/node_modules_next_dist_0u_w_5s._.js:1945
[  250081ms] [ERROR] ./app/faq/page.tsx:157:7
Expected corresponding JSX closing tag for <motion.div>
  155 |         )}
  156 |       </AnimatePresence>
> 157 |     </div>
      |       ^^^
  158 |   );
  159 | }
  160 |

Parsing ecmascript source code failed

Import traces:
  Client Component Browser:
    ./app/faq/page.tsx [Client Component Browser]
    ./app/faq/page.tsx [Server Component]

  Client Component SSR:
    ./app/faq/page.tsx [Client Component SSR]
    ./app/faq/page.tsx [Server Component] @ http://localhost:3000/_next/static/chunks/node_modules_next_dist_0u_w_5s._.js:1945
[  250142ms] [ERROR] ./app/faq/page.tsx:157:7
Expected corresponding JSX closing tag for <motion.div>
  155 |         )}
  156 |       </AnimatePresence>
> 157 |     </div>
      |       ^^^
  158 |   );
  159 | }
  160 |

Parsing ecmascript source code failed

Import traces:
  Client Component Browser:
    ./app/faq/page.tsx [Client Component Browser]
    ./app/faq/page.tsx [Server Component]

  Client Component SSR:
    ./app/faq/page.tsx [Client Component SSR]
    ./app/faq/page.tsx [Server Component] @ http://localhost:3000/_next/static/chunks/node_modules_next_dist_0u_w_5s._.js:1945
[  250205ms] [ERROR] ./app/faq/page.tsx:157:7
Expected corresponding JSX closing tag for <motion.div>
  155 |         )}
  156 |       </AnimatePresence>
> 157 |     </div>
      |       ^^^
  158 |   );
  159 | }
  160 |

Parsing ecmascript source code failed

Import traces:
  Client Component Browser:
    ./app/faq/page.tsx [Client Component Browser]
    ./app/faq/page.tsx [Server Component]

  Client Component SSR:
    ./app/faq/page.tsx [Client Component SSR]
    ./app/faq/page.tsx [Server Component] @ http://localhost:3000/_next/static/chunks/node_modules_next_dist_0u_w_5s._.js:1945
[  250266ms] [ERROR] ./app/faq/page.tsx:157:7
Expected corresponding JSX closing tag for <motion.div>
  155 |         )}
  156 |       </AnimatePresence>
> 157 |     </div>
      |       ^^^
  158 |   );
  159 | }
  160 |

Parsing ecmascript source code failed

Import traces:
  Client Component Browser:
    ./app/faq/page.tsx [Client Component Browser]
    ./app/faq/page.tsx [Server Component]

  Client Component SSR:
    ./app/faq/page.tsx [Client Component SSR]
    ./app/faq/page.tsx [Server Component] @ http://localhost:3000/_next/static/chunks/node_modules_next_dist_0u_w_5s._.js:1945
[  250332ms] [ERROR] ./app/faq/page.tsx:157:7
Expected corresponding JSX closing tag for <motion.div>
  155 |         )}
  156 |       </AnimatePresence>
> 157 |     </div>
      |       ^^^
  158 |   );
  159 | }
  160 |

Parsing ecmascript source code failed

Import traces:
  Client Component Browser:
    ./app/faq/page.tsx [Client Component Browser]
    ./app/faq/page.tsx [Server Component]

  Client Component SSR:
    ./app/faq/page.tsx [Client Component SSR]
    ./app/faq/page.tsx [Server Component] @ http://localhost:3000/_next/static/chunks/node_modules_next_dist_0u_w_5s._.js:1945
[  250391ms] [ERROR] ./app/faq/page.tsx:157:7
Expected corresponding JSX closing tag for <motion.div>
  155 |         )}
  156 |       </AnimatePresence>
> 157 |     </div>
      |       ^^^
  158 |   );
  159 | }
  160 |

Parsing ecmascript source code failed

Import traces:
  Client Component Browser:
    ./app/faq/page.tsx [Client Component Browser]
    ./app/faq/page.tsx [Server Component]

  Client Component SSR:
    ./app/faq/page.tsx [Client Component SSR]
    ./app/faq/page.tsx [Server Component] @ http://localhost:3000/_next/static/chunks/node_modules_next_dist_0u_w_5s._.js:1945
[  250454ms] [ERROR] ./app/faq/page.tsx:157:7
Expected corresponding JSX closing tag for <motion.div>
  155 |         )}
  156 |       </AnimatePresence>
> 157 |     </div>
      |       ^^^
  158 |   );
  159 | }
  160 |

Parsing ecmascript source code failed

Import traces:
  Client Component Browser:
    ./app/faq/page.tsx [Client Component Browser]
    ./app/faq/page.tsx [Server Component]

  Client Component SSR:
    ./app/faq/page.tsx [Client Component SSR]
    ./app/faq/page.tsx [Server Component] @ http://localhost:3000/_next/static/chunks/node_modules_next_dist_0u_w_5s._.js:1945
[  250525ms] [ERROR] ./app/faq/page.tsx:157:7
Expected corresponding JSX closing tag for <motion.div>
  155 |         )}
  156 |       </AnimatePresence>
> 157 |     </div>
      |       ^^^
  158 |   );
  159 | }
  160 |

Parsing ecmascript source code failed

Import traces:
  Client Component Browser:
    ./app/faq/page.tsx [Client Component Browser]
    ./app/faq/page.tsx [Server Component]

  Client Component SSR:
    ./app/faq/page.tsx [Client Component SSR]
    ./app/faq/page.tsx [Server Component] @ http://localhost:3000/_next/static/chunks/node_modules_next_dist_0u_w_5s._.js:1945
[  250574ms] [ERROR] ./app/faq/page.tsx:157:7
Expected corresponding JSX closing tag for <motion.div>
  155 |         )}
  156 |       </AnimatePresence>
> 157 |     </div>
      |       ^^^
  158 |   );
  159 | }
  160 |

Parsing ecmascript source code failed

Import traces:
  Client Component Browser:
    ./app/faq/page.tsx [Client Component Browser]
    ./app/faq/page.tsx [Server Component]

  Client Component SSR:
    ./app/faq/page.tsx [Client Component SSR]
    ./app/faq/page.tsx [Server Component] @ http://localhost:3000/_next/static/chunks/node_modules_next_dist_0u_w_5s._.js:1945
[  250636ms] [ERROR] ./app/faq/page.tsx:157:7
Expected corresponding JSX closing tag for <motion.div>
  155 |         )}
  156 |       </AnimatePresence>
> 157 |     </div>
      |       ^^^
  158 |   );
  159 | }
  160 |

Parsing ecmascript source code failed

Import traces:
  Client Component Browser:
    ./app/faq/page.tsx [Client Component Browser]
    ./app/faq/page.tsx [Server Component]

  Client Component SSR:
    ./app/faq/page.tsx [Client Component SSR]
    ./app/faq/page.tsx [Server Component] @ http://localhost:3000/_next/static/chunks/node_modules_next_dist_0u_w_5s._.js:1945
[  250697ms] [ERROR] ./app/faq/page.tsx:157:7
Expected corresponding JSX closing tag for <motion.div>
  155 |         )}
  156 |       </AnimatePresence>
> 157 |     </div>
      |       ^^^
  158 |   );
  159 | }
  160 |

Parsing ecmascript source code failed

Import traces:
  Client Component Browser:
    ./app/faq/page.tsx [Client Component Browser]
    ./app/faq/page.tsx [Server Component]

  Client Component SSR:
    ./app/faq/page.tsx [Client Component SSR]
    ./app/faq/page.tsx [Server Component] @ http://localhost:3000/_next/static/chunks/node_modules_next_dist_0u_w_5s._.js:1945
[  250757ms] [ERROR] ./app/faq/page.tsx:157:7
Expected corresponding JSX closing tag for <motion.div>
  155 |         )}
  156 |       </AnimatePresence>
> 157 |     </div>
      |       ^^^
  158 |   );
  159 | }
  160 |

Parsing ecmascript source code failed

Import traces:
  Client Component Browser:
    ./app/faq/page.tsx [Client Component Browser]
    ./app/faq/page.tsx [Server Component]

  Client Component SSR:
    ./app/faq/page.tsx [Client Component SSR]
    ./app/faq/page.tsx [Server Component] @ http://localhost:3000/_next/static/chunks/node_modules_next_dist_0u_w_5s._.js:1945
[  250817ms] [ERROR] ./app/faq/page.tsx:157:7
Expected corresponding JSX closing tag for <motion.div>
  155 |         )}
  156 |       </AnimatePresence>
> 157 |     </div>
      |       ^^^
  158 |   );
  159 | }
  160 |

Parsing ecmascript source code failed

Import traces:
  Client Component Browser:
    ./app/faq/page.tsx [Client Component Browser]
    ./app/faq/page.tsx [Server Component]

  Client Component SSR:
    ./app/faq/page.tsx [Client Component SSR]
    ./app/faq/page.tsx [Server Component] @ http://localhost:3000/_next/static/chunks/node_modules_next_dist_0u_w_5s._.js:1945
[  250876ms] [ERROR] ./app/faq/page.tsx:157:7
Expected corresponding JSX closing tag for <motion.div>
  155 |         )}
  156 |       </AnimatePresence>
> 157 |     </div>
      |       ^^^
  158 |   );
  159 | }
  160 |

Parsing ecmascript source code failed

Import traces:
  Client Component Browser:
    ./app/faq/page.tsx [Client Component Browser]
    ./app/faq/page.tsx [Server Component]

  Client Component SSR:
    ./app/faq/page.tsx [Client Component SSR]
    ./app/faq/page.tsx [Server Component] @ http://localhost:3000/_next/static/chunks/node_modules_next_dist_0u_w_5s._.js:1945
[  250939ms] [ERROR] ./app/faq/page.tsx:157:7
Expected corresponding JSX closing tag for <motion.div>
  155 |         )}
  156 |       </AnimatePresence>
> 157 |     </div>
      |       ^^^
  158 |   );
  159 | }
  160 |

Parsing ecmascript source code failed

Import traces:
  Client Component Browser:
    ./app/faq/page.tsx [Client Component Browser]
    ./app/faq/page.tsx [Server Component]

  Client Component SSR:
    ./app/faq/page.tsx [Client Component SSR]
    ./app/faq/page.tsx [Server Component] @ http://localhost:3000/_next/static/chunks/node_modules_next_dist_0u_w_5s._.js:1945
[  251002ms] [ERROR] ./app/faq/page.tsx:157:7
Expected corresponding JSX closing tag for <motion.div>
  155 |         )}
  156 |       </AnimatePresence>
> 157 |     </div>
      |       ^^^
  158 |   );
  159 | }
  160 |

Parsing ecmascript source code failed

Import traces:
  Client Component Browser:
    ./app/faq/page.tsx [Client Component Browser]
    ./app/faq/page.tsx [Server Component]

  Client Component SSR:
    ./app/faq/page.tsx [Client Component SSR]
    ./app/faq/page.tsx [Server Component] @ http://localhost:3000/_next/static/chunks/node_modules_next_dist_0u_w_5s._.js:1945
[  251066ms] [ERROR] ./app/faq/page.tsx:157:7
Expected corresponding JSX closing tag for <motion.div>
  155 |         )}
  156 |       </AnimatePresence>
> 157 |     </div>
      |       ^^^
  158 |   );
  159 | }
  160 |

Parsing ecmascript source code failed

Import traces:
  Client Component Browser:
    ./app/faq/page.tsx [Client Component Browser]
    ./app/faq/page.tsx [Server Component]

  Client Component SSR:
    ./app/faq/page.tsx [Client Component SSR]
    ./app/faq/page.tsx [Server Component] @ http://localhost:3000/_next/static/chunks/node_modules_next_dist_0u_w_5s._.js:1945
[  251127ms] [ERROR] ./app/faq/page.tsx:157:7
Expected corresponding JSX closing tag for <motion.div>
  155 |         )}
  156 |       </AnimatePresence>
> 157 |     </div>
      |       ^^^
  158 |   );
  159 | }
  160 |

Parsing ecmascript source code failed

Import traces:
  Client Component Browser:
    ./app/faq/page.tsx [Client Component Browser]
    ./app/faq/page.tsx [Server Component]

  Client Component SSR:
    ./app/faq/page.tsx [Client Component SSR]
    ./app/faq/page.tsx [Server Component] @ http://localhost:3000/_next/static/chunks/node_modules_next_dist_0u_w_5s._.js:1945
[  251189ms] [ERROR] ./app/faq/page.tsx:157:7
Expected corresponding JSX closing tag for <motion.div>
  155 |         )}
  156 |       </AnimatePresence>
> 157 |     </div>
      |       ^^^
  158 |   );
  159 | }
  160 |

Parsing ecmascript source code failed

Import traces:
  Client Component Browser:
    ./app/faq/page.tsx [Client Component Browser]
    ./app/faq/page.tsx [Server Component]

  Client Component SSR:
    ./app/faq/page.tsx [Client Component SSR]
    ./app/faq/page.tsx [Server Component] @ http://localhost:3000/_next/static/chunks/node_modules_next_dist_0u_w_5s._.js:1945
[  251246ms] [ERROR] ./app/faq/page.tsx:157:7
Expected corresponding JSX closing tag for <motion.div>
  155 |         )}
  156 |       </AnimatePresence>
> 157 |     </div>
      |       ^^^
  158 |   );
  159 | }
  160 |

Parsing ecmascript source code failed

Import traces:
  Client Component Browser:
    ./app/faq/page.tsx [Client Component Browser]
    ./app/faq/page.tsx [Server Component]

  Client Component SSR:
    ./app/faq/page.tsx [Client Component SSR]
    ./app/faq/page.tsx [Server Component] @ http://localhost:3000/_next/static/chunks/node_modules_next_dist_0u_w_5s._.js:1945
[  251304ms] [ERROR] ./app/faq/page.tsx:157:7
Expected corresponding JSX closing tag for <motion.div>
  155 |         )}
  156 |       </AnimatePresence>
> 157 |     </div>
      |       ^^^
  158 |   );
  159 | }
  160 |

Parsing ecmascript source code failed

Import traces:
  Client Component Browser:
    ./app/faq/page.tsx [Client Component Browser]
    ./app/faq/page.tsx [Server Component]

  Client Component SSR:
    ./app/faq/page.tsx [Client Component SSR]
    ./app/faq/page.tsx [Server Component] @ http://localhost:3000/_next/static/chunks/node_modules_next_dist_0u_w_5s._.js:1945
[  251367ms] [ERROR] ./app/faq/page.tsx:157:7
Expected corresponding JSX closing tag for <motion.div>
  155 |         )}
  156 |       </AnimatePresence>
> 157 |     </div>
      |       ^^^
  158 |   );
  159 | }
  160 |

Parsing ecmascript source code failed

Import traces:
  Client Component Browser:
    ./app/faq/page.tsx [Client Component Browser]
    ./app/faq/page.tsx [Server Component]

  Client Component SSR:
    ./app/faq/page.tsx [Client Component SSR]
    ./app/faq/page.tsx [Server Component] @ http://localhost:3000/_next/static/chunks/node_modules_next_dist_0u_w_5s._.js:1945
[  251433ms] [ERROR] ./app/faq/page.tsx:157:7
Expected corresponding JSX closing tag for <motion.div>
  155 |         )}
  156 |       </AnimatePresence>
> 157 |     </div>
      |       ^^^
  158 |   );
  159 | }
  160 |

Parsing ecmascript source code failed

Import traces:
  Client Component Browser:
    ./app/faq/page.tsx [Client Component Browser]
    ./app/faq/page.tsx [Server Component]

  Client Component SSR:
    ./app/faq/page.tsx [Client Component SSR]
    ./app/faq/page.tsx [Server Component] @ http://localhost:3000/_next/static/chunks/node_modules_next_dist_0u_w_5s._.js:1945
[  251492ms] [ERROR] ./app/faq/page.tsx:157:7
Expected corresponding JSX closing tag for <motion.div>
  155 |         )}
  156 |       </AnimatePresence>
> 157 |     </div>
      |       ^^^
  158 |   );
  159 | }
  160 |

Parsing ecmascript source code failed

Import traces:
  Client Component Browser:
    ./app/faq/page.tsx [Client Component Browser]
    ./app/faq/page.tsx [Server Component]

  Client Component SSR:
    ./app/faq/page.tsx [Client Component SSR]
    ./app/faq/page.tsx [Server Component] @ http://localhost:3000/_next/static/chunks/node_modules_next_dist_0u_w_5s._.js:1945
[  251551ms] [ERROR] ./app/faq/page.tsx:157:7
Expected corresponding JSX closing tag for <motion.div>
  155 |         )}
  156 |       </AnimatePresence>
> 157 |     </div>
      |       ^^^
  158 |   );
  159 | }
  160 |

Parsing ecmascript source code failed

Import traces:
  Client Component Browser:
    ./app/faq/page.tsx [Client Component Browser]
    ./app/faq/page.tsx [Server Component]

  Client Component SSR:
    ./app/faq/page.tsx [Client Component SSR]
    ./app/faq/page.tsx [Server Component] @ http://localhost:3000/_next/static/chunks/node_modules_next_dist_0u_w_5s._.js:1945
[  251613ms] [ERROR] ./app/faq/page.tsx:157:7
Expected corresponding JSX closing tag for <motion.div>
  155 |         )}
  156 |       </AnimatePresence>
> 157 |     </div>
      |       ^^^
  158 |   );
  159 | }
  160 |

Parsing ecmascript source code failed

Import traces:
  Client Component Browser:
    ./app/faq/page.tsx [Client Component Browser]
    ./app/faq/page.tsx [Server Component]

  Client Component SSR:
    ./app/faq/page.tsx [Client Component SSR]
    ./app/faq/page.tsx [Server Component] @ http://localhost:3000/_next/static/chunks/node_modules_next_dist_0u_w_5s._.js:1945
[  251675ms] [ERROR] ./app/faq/page.tsx:157:7
Expected corresponding JSX closing tag for <motion.div>
  155 |         )}
  156 |       </AnimatePresence>
> 157 |     </div>
      |       ^^^
  158 |   );
  159 | }
  160 |

Parsing ecmascript source code failed

Import traces:
  Client Component Browser:
    ./app/faq/page.tsx [Client Component Browser]
    ./app/faq/page.tsx [Server Component]

  Client Component SSR:
    ./app/faq/page.tsx [Client Component SSR]
    ./app/faq/page.tsx [Server Component] @ http://localhost:3000/_next/static/chunks/node_modules_next_dist_0u_w_5s._.js:1945
[  251738ms] [ERROR] ./app/faq/page.tsx:157:7
Expected corresponding JSX closing tag for <motion.div>
  155 |         )}
  156 |       </AnimatePresence>
> 157 |     </div>
      |       ^^^
  158 |   );
  159 | }
  160 |

Parsing ecmascript source code failed

Import traces:
  Client Component Browser:
    ./app/faq/page.tsx [Client Component Browser]
    ./app/faq/page.tsx [Server Component]

  Client Component SSR:
    ./app/faq/page.tsx [Client Component SSR]
    ./app/faq/page.tsx [Server Component] @ http://localhost:3000/_next/static/chunks/node_modules_next_dist_0u_w_5s._.js:1945
[  251801ms] [ERROR] ./app/faq/page.tsx:157:7
Expected corresponding JSX closing tag for <motion.div>
  155 |         )}
  156 |       </AnimatePresence>
> 157 |     </div>
      |       ^^^
  158 |   );
  159 | }
  160 |

Parsing ecmascript source code failed

Import traces:
  Client Component Browser:
    ./app/faq/page.tsx [Client Component Browser]
    ./app/faq/page.tsx [Server Component]

  Client Component SSR:
    ./app/faq/page.tsx [Client Component SSR]
    ./app/faq/page.tsx [Server Component] @ http://localhost:3000/_next/static/chunks/node_modules_next_dist_0u_w_5s._.js:1945
[  251863ms] [ERROR] ./app/faq/page.tsx:157:7
Expected corresponding JSX closing tag for <motion.div>
  155 |         )}
  156 |       </AnimatePresence>
> 157 |     </div>
      |       ^^^
  158 |   );
  159 | }
  160 |

Parsing ecmascript source code failed

Import traces:
  Client Component Browser:
    ./app/faq/page.tsx [Client Component Browser]
    ./app/faq/page.tsx [Server Component]

  Client Component SSR:
    ./app/faq/page.tsx [Client Component SSR]
    ./app/faq/page.tsx [Server Component] @ http://localhost:3000/_next/static/chunks/node_modules_next_dist_0u_w_5s._.js:1945
[  251923ms] [ERROR] ./app/faq/page.tsx:157:7
Expected corresponding JSX closing tag for <motion.div>
  155 |         )}
  156 |       </AnimatePresence>
> 157 |     </div>
      |       ^^^
  158 |   );
  159 | }
  160 |

Parsing ecmascript source code failed

Import traces:
  Client Component Browser:
    ./app/faq/page.tsx [Client Component Browser]
    ./app/faq/page.tsx [Server Component]

  Client Component SSR:
    ./app/faq/page.tsx [Client Component SSR]
    ./app/faq/page.tsx [Server Component] @ http://localhost:3000/_next/static/chunks/node_modules_next_dist_0u_w_5s._.js:1945
[  251986ms] [ERROR] ./app/faq/page.tsx:157:7
Expected corresponding JSX closing tag for <motion.div>
  155 |         )}
  156 |       </AnimatePresence>
> 157 |     </div>
      |       ^^^
  158 |   );
  159 | }
  160 |

Parsing ecmascript source code failed

Import traces:
  Client Component Browser:
    ./app/faq/page.tsx [Client Component Browser]
    ./app/faq/page.tsx [Server Component]

  Client Component SSR:
    ./app/faq/page.tsx [Client Component SSR]
    ./app/faq/page.tsx [Server Component] @ http://localhost:3000/_next/static/chunks/node_modules_next_dist_0u_w_5s._.js:1945
[  252049ms] [ERROR] ./app/faq/page.tsx:157:7
Expected corresponding JSX closing tag for <motion.div>
  155 |         )}
  156 |       </AnimatePresence>
> 157 |     </div>
      |       ^^^
  158 |   );
  159 | }
  160 |

Parsing ecmascript source code failed

Import traces:
  Client Component Browser:
    ./app/faq/page.tsx [Client Component Browser]
    ./app/faq/page.tsx [Server Component]

  Client Component SSR:
    ./app/faq/page.tsx [Client Component SSR]
    ./app/faq/page.tsx [Server Component] @ http://localhost:3000/_next/static/chunks/node_modules_next_dist_0u_w_5s._.js:1945
[  252109ms] [ERROR] ./app/faq/page.tsx:157:7
Expected corresponding JSX closing tag for <motion.div>
  155 |         )}
  156 |       </AnimatePresence>
> 157 |     </div>
      |       ^^^
  158 |   );
  159 | }
  160 |

Parsing ecmascript source code failed

Import traces:
  Client Component Browser:
    ./app/faq/page.tsx [Client Component Browser]
    ./app/faq/page.tsx [Server Component]

  Client Component SSR:
    ./app/faq/page.tsx [Client Component SSR]
    ./app/faq/page.tsx [Server Component] @ http://localhost:3000/_next/static/chunks/node_modules_next_dist_0u_w_5s._.js:1945
[  252172ms] [ERROR] ./app/faq/page.tsx:157:7
Expected corresponding JSX closing tag for <motion.div>
  155 |         )}
  156 |       </AnimatePresence>
> 157 |     </div>
      |       ^^^
  158 |   );
  159 | }
  160 |

Parsing ecmascript source code failed

Import traces:
  Client Component Browser:
    ./app/faq/page.tsx [Client Component Browser]
    ./app/faq/page.tsx [Server Component]

  Client Component SSR:
    ./app/faq/page.tsx [Client Component SSR]
    ./app/faq/page.tsx [Server Component] @ http://localhost:3000/_next/static/chunks/node_modules_next_dist_0u_w_5s._.js:1945
[  252232ms] [ERROR] ./app/faq/page.tsx:157:7
Expected corresponding JSX closing tag for <motion.div>
  155 |         )}
  156 |       </AnimatePresence>
> 157 |     </div>
      |       ^^^
  158 |   );
  159 | }
  160 |

Parsing ecmascript source code failed

Import traces:
  Client Component Browser:
    ./app/faq/page.tsx [Client Component Browser]
    ./app/faq/page.tsx [Server Component]

  Client Component SSR:
    ./app/faq/page.tsx [Client Component SSR]
    ./app/faq/page.tsx [Server Component] @ http://localhost:3000/_next/static/chunks/node_modules_next_dist_0u_w_5s._.js:1945
[  252298ms] [ERROR] ./app/faq/page.tsx:157:7
Expected corresponding JSX closing tag for <motion.div>
  155 |         )}
  156 |       </AnimatePresence>
> 157 |     </div>
      |       ^^^
  158 |   );
  159 | }
  160 |

Parsing ecmascript source code failed

Import traces:
  Client Component Browser:
    ./app/faq/page.tsx [Client Component Browser]
    ./app/faq/page.tsx [Server Component]

  Client Component SSR:
    ./app/faq/page.tsx [Client Component SSR]
    ./app/faq/page.tsx [Server Component] @ http://localhost:3000/_next/static/chunks/node_modules_next_dist_0u_w_5s._.js:1945
[  252360ms] [ERROR] ./app/faq/page.tsx:157:7
Expected corresponding JSX closing tag for <motion.div>
  155 |         )}
  156 |       </AnimatePresence>
> 157 |     </div>
      |       ^^^
  158 |   );
  159 | }
  160 |

Parsing ecmascript source code failed

Import traces:
  Client Component Browser:
    ./app/faq/page.tsx [Client Component Browser]
    ./app/faq/page.tsx [Server Component]

  Client Component SSR:
    ./app/faq/page.tsx [Client Component SSR]
    ./app/faq/page.tsx [Server Component] @ http://localhost:3000/_next/static/chunks/node_modules_next_dist_0u_w_5s._.js:1945
[  252423ms] [ERROR] ./app/faq/page.tsx:157:7
Expected corresponding JSX closing tag for <motion.div>
  155 |         )}
  156 |       </AnimatePresence>
> 157 |     </div>
      |       ^^^
  158 |   );
  159 | }
  160 |

Parsing ecmascript source code failed

Import traces:
  Client Component Browser:
    ./app/faq/page.tsx [Client Component Browser]
    ./app/faq/page.tsx [Server Component]

  Client Component SSR:
    ./app/faq/page.tsx [Client Component SSR]
    ./app/faq/page.tsx [Server Component] @ http://localhost:3000/_next/static/chunks/node_modules_next_dist_0u_w_5s._.js:1945
[  252487ms] [ERROR] ./app/faq/page.tsx:157:7
Expected corresponding JSX closing tag for <motion.div>
  155 |         )}
  156 |       </AnimatePresence>
> 157 |     </div>
      |       ^^^
  158 |   );
  159 | }
  160 |

Parsing ecmascript source code failed

Import traces:
  Client Component Browser:
    ./app/faq/page.tsx [Client Component Browser]
    ./app/faq/page.tsx [Server Component]

  Client Component SSR:
    ./app/faq/page.tsx [Client Component SSR]
    ./app/faq/page.tsx [Server Component] @ http://localhost:3000/_next/static/chunks/node_modules_next_dist_0u_w_5s._.js:1945
[  252552ms] [ERROR] ./app/faq/page.tsx:157:7
Expected corresponding JSX closing tag for <motion.div>
  155 |         )}
  156 |       </AnimatePresence>
> 157 |     </div>
      |       ^^^
  158 |   );
  159 | }
  160 |

Parsing ecmascript source code failed

Import traces:
  Client Component Browser:
    ./app/faq/page.tsx [Client Component Browser]
    ./app/faq/page.tsx [Server Component]

  Client Component SSR:
    ./app/faq/page.tsx [Client Component SSR]
    ./app/faq/page.tsx [Server Component] @ http://localhost:3000/_next/static/chunks/node_modules_next_dist_0u_w_5s._.js:1945
[  252613ms] [ERROR] ./app/faq/page.tsx:157:7
Expected corresponding JSX closing tag for <motion.div>
  155 |         )}
  156 |       </AnimatePresence>
> 157 |     </div>
      |       ^^^
  158 |   );
  159 | }
  160 |

Parsing ecmascript source code failed

Import traces:
  Client Component Browser:
    ./app/faq/page.tsx [Client Component Browser]
    ./app/faq/page.tsx [Server Component]

  Client Component SSR:
    ./app/faq/page.tsx [Client Component SSR]
    ./app/faq/page.tsx [Server Component] @ http://localhost:3000/_next/static/chunks/node_modules_next_dist_0u_w_5s._.js:1945
[  252677ms] [ERROR] ./app/faq/page.tsx:157:7
Expected corresponding JSX closing tag for <motion.div>
  155 |         )}
  156 |       </AnimatePresence>
> 157 |     </div>
      |       ^^^
  158 |   );
  159 | }
  160 |

Parsing ecmascript source code failed

Import traces:
  Client Component Browser:
    ./app/faq/page.tsx [Client Component Browser]
    ./app/faq/page.tsx [Server Component]

  Client Component SSR:
    ./app/faq/page.tsx [Client Component SSR]
    ./app/faq/page.tsx [Server Component] @ http://localhost:3000/_next/static/chunks/node_modules_next_dist_0u_w_5s._.js:1945
[  252735ms] [ERROR] ./app/faq/page.tsx:157:7
Expected corresponding JSX closing tag for <motion.div>
  155 |         )}
  156 |       </AnimatePresence>
> 157 |     </div>
      |       ^^^
  158 |   );
  159 | }
  160 |

Parsing ecmascript source code failed

Import traces:
  Client Component Browser:
    ./app/faq/page.tsx [Client Component Browser]
    ./app/faq/page.tsx [Server Component]

  Client Component SSR:
    ./app/faq/page.tsx [Client Component SSR]
    ./app/faq/page.tsx [Server Component] @ http://localhost:3000/_next/static/chunks/node_modules_next_dist_0u_w_5s._.js:1945
[  252800ms] [ERROR] ./app/faq/page.tsx:157:7
Expected corresponding JSX closing tag for <motion.div>
  155 |         )}
  156 |       </AnimatePresence>
> 157 |     </div>
      |       ^^^
  158 |   );
  159 | }
  160 |

Parsing ecmascript source code failed

Import traces:
  Client Component Browser:
    ./app/faq/page.tsx [Client Component Browser]
    ./app/faq/page.tsx [Server Component]

  Client Component SSR:
    ./app/faq/page.tsx [Client Component SSR]
    ./app/faq/page.tsx [Server Component] @ http://localhost:3000/_next/static/chunks/node_modules_next_dist_0u_w_5s._.js:1945
[  252858ms] [ERROR] ./app/faq/page.tsx:157:7
Expected corresponding JSX closing tag for <motion.div>
  155 |         )}
  156 |       </AnimatePresence>
> 157 |     </div>
      |       ^^^
  158 |   );
  159 | }
  160 |

Parsing ecmascript source code failed

Import traces:
  Client Component Browser:
    ./app/faq/page.tsx [Client Component Browser]
    ./app/faq/page.tsx [Server Component]

  Client Component SSR:
    ./app/faq/page.tsx [Client Component SSR]
    ./app/faq/page.tsx [Server Component] @ http://localhost:3000/_next/static/chunks/node_modules_next_dist_0u_w_5s._.js:1945
[  252920ms] [ERROR] ./app/faq/page.tsx:157:7
Expected corresponding JSX closing tag for <motion.div>
  155 |         )}
  156 |       </AnimatePresence>
> 157 |     </div>
      |       ^^^
  158 |   );
  159 | }
  160 |

Parsing ecmascript source code failed

Import traces:
  Client Component Browser:
    ./app/faq/page.tsx [Client Component Browser]
    ./app/faq/page.tsx [Server Component]

  Client Component SSR:
    ./app/faq/page.tsx [Client Component SSR]
    ./app/faq/page.tsx [Server Component] @ http://localhost:3000/_next/static/chunks/node_modules_next_dist_0u_w_5s._.js:1945
[  252981ms] [ERROR] ./app/faq/page.tsx:157:7
Expected corresponding JSX closing tag for <motion.div>
  155 |         )}
  156 |       </AnimatePresence>
> 157 |     </div>
      |       ^^^
  158 |   );
  159 | }
  160 |

Parsing ecmascript source code failed

Import traces:
  Client Component Browser:
    ./app/faq/page.tsx [Client Component Browser]
    ./app/faq/page.tsx [Server Component]

  Client Component SSR:
    ./app/faq/page.tsx [Client Component SSR]
    ./app/faq/page.tsx [Server Component] @ http://localhost:3000/_next/static/chunks/node_modules_next_dist_0u_w_5s._.js:1945
[  253044ms] [ERROR] ./app/faq/page.tsx:157:7
Expected corresponding JSX closing tag for <motion.div>
  155 |         )}
  156 |       </AnimatePresence>
> 157 |     </div>
      |       ^^^
  158 |   );
  159 | }
  160 |

Parsing ecmascript source code failed

Import traces:
  Client Component Browser:
    ./app/faq/page.tsx [Client Component Browser]
    ./app/faq/page.tsx [Server Component]

  Client Component SSR:
    ./app/faq/page.tsx [Client Component SSR]
    ./app/faq/page.tsx [Server Component] @ http://localhost:3000/_next/static/chunks/node_modules_next_dist_0u_w_5s._.js:1945
[  253107ms] [ERROR] ./app/faq/page.tsx:157:7
Expected corresponding JSX closing tag for <motion.div>
  155 |         )}
  156 |       </AnimatePresence>
> 157 |     </div>
      |       ^^^
  158 |   );
  159 | }
  160 |

Parsing ecmascript source code failed

Import traces:
  Client Component Browser:
    ./app/faq/page.tsx [Client Component Browser]
    ./app/faq/page.tsx [Server Component]

  Client Component SSR:
    ./app/faq/page.tsx [Client Component SSR]
    ./app/faq/page.tsx [Server Component] @ http://localhost:3000/_next/static/chunks/node_modules_next_dist_0u_w_5s._.js:1945
[  253170ms] [ERROR] ./app/faq/page.tsx:157:7
Expected corresponding JSX closing tag for <motion.div>
  155 |         )}
  156 |       </AnimatePresence>
> 157 |     </div>
      |       ^^^
  158 |   );
  159 | }
  160 |

Parsing ecmascript source code failed

Import traces:
  Client Component Browser:
    ./app/faq/page.tsx [Client Component Browser]
    ./app/faq/page.tsx [Server Component]

  Client Component SSR:
    ./app/faq/page.tsx [Client Component SSR]
    ./app/faq/page.tsx [Server Component] @ http://localhost:3000/_next/static/chunks/node_modules_next_dist_0u_w_5s._.js:1945
[  253228ms] [ERROR] ./app/faq/page.tsx:157:7
Expected corresponding JSX closing tag for <motion.div>
  155 |         )}
  156 |       </AnimatePresence>
> 157 |     </div>
      |       ^^^
  158 |   );
  159 | }
  160 |

Parsing ecmascript source code failed

Import traces:
  Client Component Browser:
    ./app/faq/page.tsx [Client Component Browser]
    ./app/faq/page.tsx [Server Component]

  Client Component SSR:
    ./app/faq/page.tsx [Client Component SSR]
    ./app/faq/page.tsx [Server Component] @ http://localhost:3000/_next/static/chunks/node_modules_next_dist_0u_w_5s._.js:1945
[  253292ms] [ERROR] ./app/faq/page.tsx:157:7
Expected corresponding JSX closing tag for <motion.div>
  155 |         )}
  156 |       </AnimatePresence>
> 157 |     </div>
      |       ^^^
  158 |   );
  159 | }
  160 |

Parsing ecmascript source code failed

Import traces:
  Client Component Browser:
    ./app/faq/page.tsx [Client Component Browser]
    ./app/faq/page.tsx [Server Component]

  Client Component SSR:
    ./app/faq/page.tsx [Client Component SSR]
    ./app/faq/page.tsx [Server Component] @ http://localhost:3000/_next/static/chunks/node_modules_next_dist_0u_w_5s._.js:1945
[  253351ms] [ERROR] ./app/faq/page.tsx:157:7
Expected corresponding JSX closing tag for <motion.div>
  155 |         )}
  156 |       </AnimatePresence>
> 157 |     </div>
      |       ^^^
  158 |   );
  159 | }
  160 |

Parsing ecmascript source code failed

Import traces:
  Client Component Browser:
    ./app/faq/page.tsx [Client Component Browser]
    ./app/faq/page.tsx [Server Component]

  Client Component SSR:
    ./app/faq/page.tsx [Client Component SSR]
    ./app/faq/page.tsx [Server Component] @ http://localhost:3000/_next/static/chunks/node_modules_next_dist_0u_w_5s._.js:1945
[  253412ms] [ERROR] ./app/faq/page.tsx:157:7
Expected corresponding JSX closing tag for <motion.div>
  155 |         )}
  156 |       </AnimatePresence>
> 157 |     </div>
      |       ^^^
  158 |   );
  159 | }
  160 |

Parsing ecmascript source code failed

Import traces:
  Client Component Browser:
    ./app/faq/page.tsx [Client Component Browser]
    ./app/faq/page.tsx [Server Component]

  Client Component SSR:
    ./app/faq/page.tsx [Client Component SSR]
    ./app/faq/page.tsx [Server Component] @ http://localhost:3000/_next/static/chunks/node_modules_next_dist_0u_w_5s._.js:1945
[  253477ms] [ERROR] ./app/faq/page.tsx:157:7
Expected corresponding JSX closing tag for <motion.div>
  155 |         )}
  156 |       </AnimatePresence>
> 157 |     </div>
      |       ^^^
  158 |   );
  159 | }
  160 |

Parsing ecmascript source code failed

Import traces:
  Client Component Browser:
    ./app/faq/page.tsx [Client Component Browser]
    ./app/faq/page.tsx [Server Component]

  Client Component SSR:
    ./app/faq/page.tsx [Client Component SSR]
    ./app/faq/page.tsx [Server Component] @ http://localhost:3000/_next/static/chunks/node_modules_next_dist_0u_w_5s._.js:1945
[  253539ms] [ERROR] ./app/faq/page.tsx:157:7
Expected corresponding JSX closing tag for <motion.div>
  155 |         )}
  156 |       </AnimatePresence>
> 157 |     </div>
      |       ^^^
  158 |   );
  159 | }
  160 |

Parsing ecmascript source code failed

Import traces:
  Client Component Browser:
    ./app/faq/page.tsx [Client Component Browser]
    ./app/faq/page.tsx [Server Component]

  Client Component SSR:
    ./app/faq/page.tsx [Client Component SSR]
    ./app/faq/page.tsx [Server Component] @ http://localhost:3000/_next/static/chunks/node_modules_next_dist_0u_w_5s._.js:1945
[  253596ms] [ERROR] ./app/faq/page.tsx:157:7
Expected corresponding JSX closing tag for <motion.div>
  155 |         )}
  156 |       </AnimatePresence>
> 157 |     </div>
      |       ^^^
  158 |   );
  159 | }
  160 |

Parsing ecmascript source code failed

Import traces:
  Client Component Browser:
    ./app/faq/page.tsx [Client Component Browser]
    ./app/faq/page.tsx [Server Component]

  Client Component SSR:
    ./app/faq/page.tsx [Client Component SSR]
    ./app/faq/page.tsx [Server Component] @ http://localhost:3000/_next/static/chunks/node_modules_next_dist_0u_w_5s._.js:1945
[  253659ms] [ERROR] ./app/faq/page.tsx:157:7
Expected corresponding JSX closing tag for <motion.div>
  155 |         )}
  156 |       </AnimatePresence>
> 157 |     </div>
      |       ^^^
  158 |   );
  159 | }
  160 |

Parsing ecmascript source code failed

Import traces:
  Client Component Browser:
    ./app/faq/page.tsx [Client Component Browser]
    ./app/faq/page.tsx [Server Component]

  Client Component SSR:
    ./app/faq/page.tsx [Client Component SSR]
    ./app/faq/page.tsx [Server Component] @ http://localhost:3000/_next/static/chunks/node_modules_next_dist_0u_w_5s._.js:1945
[  253721ms] [ERROR] ./app/faq/page.tsx:157:7
Expected corresponding JSX closing tag for <motion.div>
  155 |         )}
  156 |       </AnimatePresence>
> 157 |     </div>
      |       ^^^
  158 |   );
  159 | }
  160 |

Parsing ecmascript source code failed

Import traces:
  Client Component Browser:
    ./app/faq/page.tsx [Client Component Browser]
    ./app/faq/page.tsx [Server Component]

  Client Component SSR:
    ./app/faq/page.tsx [Client Component SSR]
    ./app/faq/page.tsx [Server Component] @ http://localhost:3000/_next/static/chunks/node_modules_next_dist_0u_w_5s._.js:1945
[  253783ms] [ERROR] ./app/faq/page.tsx:157:7
Expected corresponding JSX closing tag for <motion.div>
  155 |         )}
  156 |       </AnimatePresence>
> 157 |     </div>
      |       ^^^
  158 |   );
  159 | }
  160 |

Parsing ecmascript source code failed

Import traces:
  Client Component Browser:
    ./app/faq/page.tsx [Client Component Browser]
    ./app/faq/page.tsx [Server Component]

  Client Component SSR:
    ./app/faq/page.tsx [Client Component SSR]
    ./app/faq/page.tsx [Server Component] @ http://localhost:3000/_next/static/chunks/node_modules_next_dist_0u_w_5s._.js:1945
[  253845ms] [ERROR] ./app/faq/page.tsx:157:7
Expected corresponding JSX closing tag for <motion.div>
  155 |         )}
  156 |       </AnimatePresence>
> 157 |     </div>
      |       ^^^
  158 |   );
  159 | }
  160 |

Parsing ecmascript source code failed

Import traces:
  Client Component Browser:
    ./app/faq/page.tsx [Client Component Browser]
    ./app/faq/page.tsx [Server Component]

  Client Component SSR:
    ./app/faq/page.tsx [Client Component SSR]
    ./app/faq/page.tsx [Server Component] @ http://localhost:3000/_next/static/chunks/node_modules_next_dist_0u_w_5s._.js:1945
[  253910ms] [ERROR] ./app/faq/page.tsx:157:7
Expected corresponding JSX closing tag for <motion.div>
  155 |         )}
  156 |       </AnimatePresence>
> 157 |     </div>
      |       ^^^
  158 |   );
  159 | }
  160 |

Parsing ecmascript source code failed

Import traces:
  Client Component Browser:
    ./app/faq/page.tsx [Client Component Browser]
    ./app/faq/page.tsx [Server Component]

  Client Component SSR:
    ./app/faq/page.tsx [Client Component SSR]
    ./app/faq/page.tsx [Server Component] @ http://localhost:3000/_next/static/chunks/node_modules_next_dist_0u_w_5s._.js:1945
[  253973ms] [ERROR] ./app/faq/page.tsx:157:7
Expected corresponding JSX closing tag for <motion.div>
  155 |         )}
  156 |       </AnimatePresence>
> 157 |     </div>
      |       ^^^
  158 |   );
  159 | }
  160 |

Parsing ecmascript source code failed

Import traces:
  Client Component Browser:
    ./app/faq/page.tsx [Client Component Browser]
    ./app/faq/page.tsx [Server Component]

  Client Component SSR:
    ./app/faq/page.tsx [Client Component SSR]
    ./app/faq/page.tsx [Server Component] @ http://localhost:3000/_next/static/chunks/node_modules_next_dist_0u_w_5s._.js:1945
[  254036ms] [ERROR] ./app/faq/page.tsx:157:7
Expected corresponding JSX closing tag for <motion.div>
  155 |         )}
  156 |       </AnimatePresence>
> 157 |     </div>
      |       ^^^
  158 |   );
  159 | }
  160 |

Parsing ecmascript source code failed

Import traces:
  Client Component Browser:
    ./app/faq/page.tsx [Client Component Browser]
    ./app/faq/page.tsx [Server Component]

  Client Component SSR:
    ./app/faq/page.tsx [Client Component SSR]
    ./app/faq/page.tsx [Server Component] @ http://localhost:3000/_next/static/chunks/node_modules_next_dist_0u_w_5s._.js:1945
[  254096ms] [ERROR] ./app/faq/page.tsx:157:7
Expected corresponding JSX closing tag for <motion.div>
  155 |         )}
  156 |       </AnimatePresence>
> 157 |     </div>
      |       ^^^
  158 |   );
  159 | }
  160 |

Parsing ecmascript source code failed

Import traces:
  Client Component Browser:
    ./app/faq/page.tsx [Client Component Browser]
    ./app/faq/page.tsx [Server Component]

  Client Component SSR:
    ./app/faq/page.tsx [Client Component SSR]
    ./app/faq/page.tsx [Server Component] @ http://localhost:3000/_next/static/chunks/node_modules_next_dist_0u_w_5s._.js:1945
[  254159ms] [ERROR] ./app/faq/page.tsx:157:7
Expected corresponding JSX closing tag for <motion.div>
  155 |         )}
  156 |       </AnimatePresence>
> 157 |     </div>
      |       ^^^
  158 |   );
  159 | }
  160 |

Parsing ecmascript source code failed

Import traces:
  Client Component Browser:
    ./app/faq/page.tsx [Client Component Browser]
    ./app/faq/page.tsx [Server Component]

  Client Component SSR:
    ./app/faq/page.tsx [Client Component SSR]
    ./app/faq/page.tsx [Server Component] @ http://localhost:3000/_next/static/chunks/node_modules_next_dist_0u_w_5s._.js:1945
[  254220ms] [ERROR] ./app/faq/page.tsx:157:7
Expected corresponding JSX closing tag for <motion.div>
  155 |         )}
  156 |       </AnimatePresence>
> 157 |     </div>
      |       ^^^
  158 |   );
  159 | }
  160 |

Parsing ecmascript source code failed

Import traces:
  Client Component Browser:
    ./app/faq/page.tsx [Client Component Browser]
    ./app/faq/page.tsx [Server Component]

  Client Component SSR:
    ./app/faq/page.tsx [Client Component SSR]
    ./app/faq/page.tsx [Server Component] @ http://localhost:3000/_next/static/chunks/node_modules_next_dist_0u_w_5s._.js:1945
[  254282ms] [ERROR] ./app/faq/page.tsx:157:7
Expected corresponding JSX closing tag for <motion.div>
  155 |         )}
  156 |       </AnimatePresence>
> 157 |     </div>
      |       ^^^
  158 |   );
  159 | }
  160 |

Parsing ecmascript source code failed

Import traces:
  Client Component Browser:
    ./app/faq/page.tsx [Client Component Browser]
    ./app/faq/page.tsx [Server Component]

  Client Component SSR:
    ./app/faq/page.tsx [Client Component SSR]
    ./app/faq/page.tsx [Server Component] @ http://localhost:3000/_next/static/chunks/node_modules_next_dist_0u_w_5s._.js:1945
[  254340ms] [ERROR] ./app/faq/page.tsx:157:7
Expected corresponding JSX closing tag for <motion.div>
  155 |         )}
  156 |       </AnimatePresence>
> 157 |     </div>
      |       ^^^
  158 |   );
  159 | }
  160 |

Parsing ecmascript source code failed

Import traces:
  Client Component Browser:
    ./app/faq/page.tsx [Client Component Browser]
    ./app/faq/page.tsx [Server Component]

  Client Component SSR:
    ./app/faq/page.tsx [Client Component SSR]
    ./app/faq/page.tsx [Server Component] @ http://localhost:3000/_next/static/chunks/node_modules_next_dist_0u_w_5s._.js:1945
[  254399ms] [ERROR] ./app/faq/page.tsx:157:7
Expected corresponding JSX closing tag for <motion.div>
  155 |         )}
  156 |       </AnimatePresence>
> 157 |     </div>
      |       ^^^
  158 |   );
  159 | }
  160 |

Parsing ecmascript source code failed

Import traces:
  Client Component Browser:
    ./app/faq/page.tsx [Client Component Browser]
    ./app/faq/page.tsx [Server Component]

  Client Component SSR:
    ./app/faq/page.tsx [Client Component SSR]
    ./app/faq/page.tsx [Server Component] @ http://localhost:3000/_next/static/chunks/node_modules_next_dist_0u_w_5s._.js:1945
[  254458ms] [ERROR] ./app/faq/page.tsx:157:7
Expected corresponding JSX closing tag for <motion.div>
  155 |         )}
  156 |       </AnimatePresence>
> 157 |     </div>
      |       ^^^
  158 |   );
  159 | }
  160 |

Parsing ecmascript source code failed

Import traces:
  Client Component Browser:
    ./app/faq/page.tsx [Client Component Browser]
    ./app/faq/page.tsx [Server Component]

  Client Component SSR:
    ./app/faq/page.tsx [Client Component SSR]
    ./app/faq/page.tsx [Server Component] @ http://localhost:3000/_next/static/chunks/node_modules_next_dist_0u_w_5s._.js:1945
[  254524ms] [ERROR] ./app/faq/page.tsx:157:7
Expected corresponding JSX closing tag for <motion.div>
  155 |         )}
  156 |       </AnimatePresence>
> 157 |     </div>
      |       ^^^
  158 |   );
  159 | }
  160 |

Parsing ecmascript source code failed

Import traces:
  Client Component Browser:
    ./app/faq/page.tsx [Client Component Browser]
    ./app/faq/page.tsx [Server Component]

  Client Component SSR:
    ./app/faq/page.tsx [Client Component SSR]
    ./app/faq/page.tsx [Server Component] @ http://localhost:3000/_next/static/chunks/node_modules_next_dist_0u_w_5s._.js:1945
[  254583ms] [ERROR] ./app/faq/page.tsx:157:7
Expected corresponding JSX closing tag for <motion.div>
  155 |         )}
  156 |       </AnimatePresence>
> 157 |     </div>
      |       ^^^
  158 |   );
  159 | }
  160 |

Parsing ecmascript source code failed

Import traces:
  Client Component Browser:
    ./app/faq/page.tsx [Client Component Browser]
    ./app/faq/page.tsx [Server Component]

  Client Component SSR:
    ./app/faq/page.tsx [Client Component SSR]
    ./app/faq/page.tsx [Server Component] @ http://localhost:3000/_next/static/chunks/node_modules_next_dist_0u_w_5s._.js:1945
[  254644ms] [ERROR] ./app/faq/page.tsx:157:7
Expected corresponding JSX closing tag for <motion.div>
  155 |         )}
  156 |       </AnimatePresence>
> 157 |     </div>
      |       ^^^
  158 |   );
  159 | }
  160 |

Parsing ecmascript source code failed

Import traces:
  Client Component Browser:
    ./app/faq/page.tsx [Client Component Browser]
    ./app/faq/page.tsx [Server Component]

  Client Component SSR:
    ./app/faq/page.tsx [Client Component SSR]
    ./app/faq/page.tsx [Server Component] @ http://localhost:3000/_next/static/chunks/node_modules_next_dist_0u_w_5s._.js:1945
[  254704ms] [ERROR] ./app/faq/page.tsx:157:7
Expected corresponding JSX closing tag for <motion.div>
  155 |         )}
  156 |       </AnimatePresence>
> 157 |     </div>
      |       ^^^
  158 |   );
  159 | }
  160 |

Parsing ecmascript source code failed

Import traces:
  Client Component Browser:
    ./app/faq/page.tsx [Client Component Browser]
    ./app/faq/page.tsx [Server Component]

  Client Component SSR:
    ./app/faq/page.tsx [Client Component SSR]
    ./app/faq/page.tsx [Server Component] @ http://localhost:3000/_next/static/chunks/node_modules_next_dist_0u_w_5s._.js:1945
[  254765ms] [ERROR] ./app/faq/page.tsx:157:7
Expected corresponding JSX closing tag for <motion.div>
  155 |         )}
  156 |       </AnimatePresence>
> 157 |     </div>
      |       ^^^
  158 |   );
  159 | }
  160 |

Parsing ecmascript source code failed

Import traces:
  Client Component Browser:
    ./app/faq/page.tsx [Client Component Browser]
    ./app/faq/page.tsx [Server Component]

  Client Component SSR:
    ./app/faq/page.tsx [Client Component SSR]
    ./app/faq/page.tsx [Server Component] @ http://localhost:3000/_next/static/chunks/node_modules_next_dist_0u_w_5s._.js:1945
[  254828ms] [ERROR] ./app/faq/page.tsx:157:7
Expected corresponding JSX closing tag for <motion.div>
  155 |         )}
  156 |       </AnimatePresence>
> 157 |     </div>
      |       ^^^
  158 |   );
  159 | }
  160 |

Parsing ecmascript source code failed

Import traces:
  Client Component Browser:
    ./app/faq/page.tsx [Client Component Browser]
    ./app/faq/page.tsx [Server Component]

  Client Component SSR:
    ./app/faq/page.tsx [Client Component SSR]
    ./app/faq/page.tsx [Server Component] @ http://localhost:3000/_next/static/chunks/node_modules_next_dist_0u_w_5s._.js:1945
[  254890ms] [ERROR] ./app/faq/page.tsx:157:7
Expected corresponding JSX closing tag for <motion.div>
  155 |         )}
  156 |       </AnimatePresence>
> 157 |     </div>
      |       ^^^
  158 |   );
  159 | }
  160 |

Parsing ecmascript source code failed

Import traces:
  Client Component Browser:
    ./app/faq/page.tsx [Client Component Browser]
    ./app/faq/page.tsx [Server Component]

  Client Component SSR:
    ./app/faq/page.tsx [Client Component SSR]
    ./app/faq/page.tsx [Server Component] @ http://localhost:3000/_next/static/chunks/node_modules_next_dist_0u_w_5s._.js:1945
[  254952ms] [ERROR] ./app/faq/page.tsx:157:7
Expected corresponding JSX closing tag for <motion.div>
  155 |         )}
  156 |       </AnimatePresence>
> 157 |     </div>
      |       ^^^
  158 |   );
  159 | }
  160 |

Parsing ecmascript source code failed

Import traces:
  Client Component Browser:
    ./app/faq/page.tsx [Client Component Browser]
    ./app/faq/page.tsx [Server Component]

  Client Component SSR:
    ./app/faq/page.tsx [Client Component SSR]
    ./app/faq/page.tsx [Server Component] @ http://localhost:3000/_next/static/chunks/node_modules_next_dist_0u_w_5s._.js:1945
[  255013ms] [ERROR] ./app/faq/page.tsx:157:7
Expected corresponding JSX closing tag for <motion.div>
  155 |         )}
  156 |       </AnimatePresence>
> 157 |     </div>
      |       ^^^
  158 |   );
  159 | }
  160 |

Parsing ecmascript source code failed

Import traces:
  Client Component Browser:
    ./app/faq/page.tsx [Client Component Browser]
    ./app/faq/page.tsx [Server Component]

  Client Component SSR:
    ./app/faq/page.tsx [Client Component SSR]
    ./app/faq/page.tsx [Server Component] @ http://localhost:3000/_next/static/chunks/node_modules_next_dist_0u_w_5s._.js:1945
[  255075ms] [ERROR] ./app/faq/page.tsx:157:7
Expected corresponding JSX closing tag for <motion.div>
  155 |         )}
  156 |       </AnimatePresence>
> 157 |     </div>
      |       ^^^
  158 |   );
  159 | }
  160 |

Parsing ecmascript source code failed

Import traces:
  Client Component Browser:
    ./app/faq/page.tsx [Client Component Browser]
    ./app/faq/page.tsx [Server Component]

  Client Component SSR:
    ./app/faq/page.tsx [Client Component SSR]
    ./app/faq/page.tsx [Server Component] @ http://localhost:3000/_next/static/chunks/node_modules_next_dist_0u_w_5s._.js:1945
[  255135ms] [ERROR] ./app/faq/page.tsx:157:7
Expected corresponding JSX closing tag for <motion.div>
  155 |         )}
  156 |       </AnimatePresence>
> 157 |     </div>
      |       ^^^
  158 |   );
  159 | }
  160 |

Parsing ecmascript source code failed

Import traces:
  Client Component Browser:
    ./app/faq/page.tsx [Client Component Browser]
    ./app/faq/page.tsx [Server Component]

  Client Component SSR:
    ./app/faq/page.tsx [Client Component SSR]
    ./app/faq/page.tsx [Server Component] @ http://localhost:3000/_next/static/chunks/node_modules_next_dist_0u_w_5s._.js:1945
[  255197ms] [ERROR] ./app/faq/page.tsx:157:7
Expected corresponding JSX closing tag for <motion.div>
  155 |         )}
  156 |       </AnimatePresence>
> 157 |     </div>
      |       ^^^
  158 |   );
  159 | }
  160 |

Parsing ecmascript source code failed

Import traces:
  Client Component Browser:
    ./app/faq/page.tsx [Client Component Browser]
    ./app/faq/page.tsx [Server Component]

  Client Component SSR:
    ./app/faq/page.tsx [Client Component SSR]
    ./app/faq/page.tsx [Server Component] @ http://localhost:3000/_next/static/chunks/node_modules_next_dist_0u_w_5s._.js:1945
[  255260ms] [ERROR] ./app/faq/page.tsx:157:7
Expected corresponding JSX closing tag for <motion.div>
  155 |         )}
  156 |       </AnimatePresence>
> 157 |     </div>
      |       ^^^
  158 |   );
  159 | }
  160 |

Parsing ecmascript source code failed

Import traces:
  Client Component Browser:
    ./app/faq/page.tsx [Client Component Browser]
    ./app/faq/page.tsx [Server Component]

  Client Component SSR:
    ./app/faq/page.tsx [Client Component SSR]
    ./app/faq/page.tsx [Server Component] @ http://localhost:3000/_next/static/chunks/node_modules_next_dist_0u_w_5s._.js:1945
[  255323ms] [ERROR] ./app/faq/page.tsx:157:7
Expected corresponding JSX closing tag for <motion.div>
  155 |         )}
  156 |       </AnimatePresence>
> 157 |     </div>
      |       ^^^
  158 |   );
  159 | }
  160 |

Parsing ecmascript source code failed

Import traces:
  Client Component Browser:
    ./app/faq/page.tsx [Client Component Browser]
    ./app/faq/page.tsx [Server Component]

  Client Component SSR:
    ./app/faq/page.tsx [Client Component SSR]
    ./app/faq/page.tsx [Server Component] @ http://localhost:3000/_next/static/chunks/node_modules_next_dist_0u_w_5s._.js:1945
[  255386ms] [ERROR] ./app/faq/page.tsx:157:7
Expected corresponding JSX closing tag for <motion.div>
  155 |         )}
  156 |       </AnimatePresence>
> 157 |     </div>
      |       ^^^
  158 |   );
  159 | }
  160 |

Parsing ecmascript source code failed

Import traces:
  Client Component Browser:
    ./app/faq/page.tsx [Client Component Browser]
    ./app/faq/page.tsx [Server Component]

  Client Component SSR:
    ./app/faq/page.tsx [Client Component SSR]
    ./app/faq/page.tsx [Server Component] @ http://localhost:3000/_next/static/chunks/node_modules_next_dist_0u_w_5s._.js:1945
[  255449ms] [ERROR] ./app/faq/page.tsx:157:7
Expected corresponding JSX closing tag for <motion.div>
  155 |         )}
  156 |       </AnimatePresence>
> 157 |     </div>
      |       ^^^
  158 |   );
  159 | }
  160 |

Parsing ecmascript source code failed

Import traces:
  Client Component Browser:
    ./app/faq/page.tsx [Client Component Browser]
    ./app/faq/page.tsx [Server Component]

  Client Component SSR:
    ./app/faq/page.tsx [Client Component SSR]
    ./app/faq/page.tsx [Server Component] @ http://localhost:3000/_next/static/chunks/node_modules_next_dist_0u_w_5s._.js:1945
[  255505ms] [ERROR] ./app/faq/page.tsx:157:7
Expected corresponding JSX closing tag for <motion.div>
  155 |         )}
  156 |       </AnimatePresence>
> 157 |     </div>
      |       ^^^
  158 |   );
  159 | }
  160 |

Parsing ecmascript source code failed

Import traces:
  Client Component Browser:
    ./app/faq/page.tsx [Client Component Browser]
    ./app/faq/page.tsx [Server Component]

  Client Component SSR:
    ./app/faq/page.tsx [Client Component SSR]
    ./app/faq/page.tsx [Server Component] @ http://localhost:3000/_next/static/chunks/node_modules_next_dist_0u_w_5s._.js:1945
[  255566ms] [ERROR] ./app/faq/page.tsx:157:7
Expected corresponding JSX closing tag for <motion.div>
  155 |         )}
  156 |       </AnimatePresence>
> 157 |     </div>
      |       ^^^
  158 |   );
  159 | }
  160 |

Parsing ecmascript source code failed

Import traces:
  Client Component Browser:
    ./app/faq/page.tsx [Client Component Browser]
    ./app/faq/page.tsx [Server Component]

  Client Component SSR:
    ./app/faq/page.tsx [Client Component SSR]
    ./app/faq/page.tsx [Server Component] @ http://localhost:3000/_next/static/chunks/node_modules_next_dist_0u_w_5s._.js:1945
[  255630ms] [ERROR] ./app/faq/page.tsx:157:7
Expected corresponding JSX closing tag for <motion.div>
  155 |         )}
  156 |       </AnimatePresence>
> 157 |     </div>
      |       ^^^
  158 |   );
  159 | }
  160 |

Parsing ecmascript source code failed

Import traces:
  Client Component Browser:
    ./app/faq/page.tsx [Client Component Browser]
    ./app/faq/page.tsx [Server Component]

  Client Component SSR:
    ./app/faq/page.tsx [Client Component SSR]
    ./app/faq/page.tsx [Server Component] @ http://localhost:3000/_next/static/chunks/node_modules_next_dist_0u_w_5s._.js:1945
[  255698ms] [LOG] [Fast Refresh] rebuilding @ http://localhost:3000/_next/static/chunks/node_modules_next_dist_0u_w_5s._.js:1226
[  255749ms] [LOG] [Fast Refresh] done in 111ms @ http://localhost:3000/_next/static/chunks/node_modules_next_dist_0u_w_5s._.js:1226
[  255864ms] [LOG] [Fast Refresh] rebuilding @ http://localhost:3000/_next/static/chunks/node_modules_next_dist_0u_w_5s._.js:1226
[  255961ms] [LOG] [Fast Refresh] done in 204ms @ http://localhost:3000/_next/static/chunks/node_modules_next_dist_0u_w_5s._.js:1226
[  256005ms] [INFO] %cDownload the React DevTools for a better development experience: https://react.dev/link/react-devtools font-weight:bold @ http://localhost:3000/_next/static/chunks/node_modules_next_dist_115brz8._.js:2477
[  256021ms] [LOG] [HMR] connected @ http://localhost:3000/_next/static/chunks/node_modules_next_dist_115brz8._.js:2477
[  256132ms] [LOG] [Fast Refresh] rebuilding @ http://localhost:3000/_next/static/chunks/node_modules_next_dist_115brz8._.js:2477
[  256154ms] [LOG] [Fast Refresh] done in 122ms @ http://localhost:3000/_next/static/chunks/node_modules_next_dist_115brz8._.js:2477
[  287788ms] [LOG] [Fast Refresh] rebuilding @ http://localhost:3000/_next/static/chunks/node_modules_next_dist_115brz8._.js:2477
[  287883ms] [LOG] [Fast Refresh] done in 92ms @ http://localhost:3000/_next/static/chunks/node_modules_next_dist_115brz8._.js:2477
