[      26ms] [ERROR] Failed to load resource: the server responded with a status of 500 (Internal Server Error) @ http://localhost:3000/login:0
[      51ms] [INFO] %cDownload the React DevTools for a better development experience: https://react.dev/link/react-devtools font-weight:bold @ http://localhost:3000/_next/static/chunks/node_modules_react-dom_0bruynb._.js:15305
[      66ms] Error: ./app/login/page.tsx:292:20
Expected '</', got 'jsx text'
  290 |             background: 'linear-gradient(90deg, transparent, rgba(201,169,110,0.4), trans...
  291 |           }} />
> 292 |       </motion.div>
      |                    ^^^^^^^^^^^^^^^^^^^^^^^^^^^^^^^^^^^^^^^^^^^^^^^^^^^^^^^^^^^^^^^^^^^^^^^^^
> 293 |         {/* Logo */}
      | ^^^^^^^^
  294 |         <div style={{ textAlign: 'center', marginBottom: 40 }}>
  295 |           <div style={{
  296 |             width: 48, height: 48, margin: '0 auto 16px',

Parsing ecmascript source code failed

Import traces:
  Client Component Browser:
    ./app/login/page.tsx [Client Component Browser]
    ./app/login/page.tsx [Server Component]

  Client Component SSR:
    ./app/login/page.tsx [Client Component SSR]
    ./app/login/page.tsx [Server Component]


    at <unknown> (Error: ./app/login/page.tsx:292:20)
    at Object.getCompilationErrors (file://C:\Users\Lenovo\Desktop\Person_Journey\node_modules\next\dist\server\dev\hot-reloader-turbopack.js:1186:59)
    at DevBundlerService.getCompilationError (file://C:\Users\Lenovo\Desktop\Person_Journey\node_modules\next\dist\server\lib\dev-bundler-service.js:44:55)
    at DevServer.getCompilationError (file://C:\Users\Lenovo\Desktop\Person_Journey\node_modules\next\dist\server\dev\next-dev-server.js:720:42)
    at DevServer.findPageComponents (file://C:\Users\Lenovo\Desktop\Person_Journey\node_modules\next\dist\server\dev\next-dev-server.js:690:43)
    at async DevServer.renderErrorToResponseImpl (file://C:\Users\Lenovo\Desktop\Person_Journey\node_modules\next\dist\server\base-server.js:1753:26)
[      68ms] [LOG] [HMR] connected @ http://localhost:3000/_next/static/chunks/node_modules_next_dist_0u_w_5s._.js:1226
[      71ms] [ERROR] ./app/login/page.tsx:292:20
Expected '</', got 'jsx text'
  290 |             background: 'linear-gradient(90deg, transparent, rgba(201,169,110,0.4), trans...
  291 |           }} />
> 292 |       </motion.div>
      |                    ^^^^^^^^^^^^^^^^^^^^^^^^^^^^^^^^^^^^^^^^^^^^^^^^^^^^^^^^^^^^^^^^^^^^^^^^^
> 293 |         {/* Logo */}
      | ^^^^^^^^
  294 |         <div style={{ textAlign: 'center', marginBottom: 40 }}>
  295 |           <div style={{
  296 |             width: 48, height: 48, margin: '0 auto 16px',

Parsing ecmascript source code failed

Import traces:
  Client Component Browser:
    ./app/login/page.tsx [Client Component Browser]
    ./app/login/page.tsx [Server Component]

  Client Component SSR:
    ./app/login/page.tsx [Client Component SSR]
    ./app/login/page.tsx [Server Component] @ http://localhost:3000/_next/static/chunks/node_modules_next_dist_0u_w_5s._.js:1945
[      72ms] [ERROR] ./app/login/page.tsx:292:20
Expected '</', got 'jsx text'
  290 |             background: 'linear-gradient(90deg, transparent, rgba(201,169,110,0.4), trans...
  291 |           }} />
> 292 |       </motion.div>
      |                    ^^^^^^^^^^^^^^^^^^^^^^^^^^^^^^^^^^^^^^^^^^^^^^^^^^^^^^^^^^^^^^^^^^^^^^^^^
> 293 |         {/* Logo */}
      | ^^^^^^^^
  294 |         <div style={{ textAlign: 'center', marginBottom: 40 }}>
  295 |           <div style={{
  296 |             width: 48, height: 48, margin: '0 auto 16px',

Parsing ecmascript source code failed

Import traces:
  Client Component Browser:
    ./app/login/page.tsx [Client Component Browser]
    ./app/login/page.tsx [Server Component]

  Client Component SSR:
    ./app/login/page.tsx [Client Component SSR]
    ./app/login/page.tsx [Server Component] @ http://localhost:3000/_next/static/chunks/node_modules_next_dist_0u_w_5s._.js:1945
[     116ms] [ERROR] ./app/login/page.tsx:292:20
Expected '</', got 'jsx text'
  290 |             background: 'linear-gradient(90deg, transparent, rgba(201,169,110,0.4), trans...
  291 |           }} />
> 292 |       </motion.div>
      |                    ^^^^^^^^^^^^^^^^^^^^^^^^^^^^^^^^^^^^^^^^^^^^^^^^^^^^^^^^^^^^^^^^^^^^^^^^^
> 293 |         {/* Logo */}
      | ^^^^^^^^
  294 |         <div style={{ textAlign: 'center', marginBottom: 40 }}>
  295 |           <div style={{
  296 |             width: 48, height: 48, margin: '0 auto 16px',

Parsing ecmascript source code failed

Import traces:
  Client Component Browser:
    ./app/login/page.tsx [Client Component Browser]
    ./app/login/page.tsx [Server Component]

  Client Component SSR:
    ./app/login/page.tsx [Client Component SSR]
    ./app/login/page.tsx [Server Component] @ http://localhost:3000/_next/static/chunks/node_modules_next_dist_0u_w_5s._.js:1945
[     185ms] [ERROR] ./app/login/page.tsx:292:20
Expected '</', got 'jsx text'
  290 |             background: 'linear-gradient(90deg, transparent, rgba(201,169,110,0.4), trans...
  291 |           }} />
> 292 |       </motion.div>
      |                    ^^^^^^^^^^^^^^^^^^^^^^^^^^^^^^^^^^^^^^^^^^^^^^^^^^^^^^^^^^^^^^^^^^^^^^^^^
> 293 |         {/* Logo */}
      | ^^^^^^^^
  294 |         <div style={{ textAlign: 'center', marginBottom: 40 }}>
  295 |           <div style={{
  296 |             width: 48, height: 48, margin: '0 auto 16px',

Parsing ecmascript source code failed

Import traces:
  Client Component Browser:
    ./app/login/page.tsx [Client Component Browser]
    ./app/login/page.tsx [Server Component]

  Client Component SSR:
    ./app/login/page.tsx [Client Component SSR]
    ./app/login/page.tsx [Server Component] @ http://localhost:3000/_next/static/chunks/node_modules_next_dist_0u_w_5s._.js:1945
[     243ms] [ERROR] ./app/login/page.tsx:292:20
Expected '</', got 'jsx text'
  290 |             background: 'linear-gradient(90deg, transparent, rgba(201,169,110,0.4), trans...
  291 |           }} />
> 292 |       </motion.div>
      |                    ^^^^^^^^^^^^^^^^^^^^^^^^^^^^^^^^^^^^^^^^^^^^^^^^^^^^^^^^^^^^^^^^^^^^^^^^^
> 293 |         {/* Logo */}
      | ^^^^^^^^
  294 |         <div style={{ textAlign: 'center', marginBottom: 40 }}>
  295 |           <div style={{
  296 |             width: 48, height: 48, margin: '0 auto 16px',

Parsing ecmascript source code failed

Import traces:
  Client Component Browser:
    ./app/login/page.tsx [Client Component Browser]
    ./app/login/page.tsx [Server Component]

  Client Component SSR:
    ./app/login/page.tsx [Client Component SSR]
    ./app/login/page.tsx [Server Component] @ http://localhost:3000/_next/static/chunks/node_modules_next_dist_0u_w_5s._.js:1945
[     297ms] [ERROR] ./app/login/page.tsx:292:20
Expected '</', got 'jsx text'
  290 |             background: 'linear-gradient(90deg, transparent, rgba(201,169,110,0.4), trans...
  291 |           }} />
> 292 |       </motion.div>
      |                    ^^^^^^^^^^^^^^^^^^^^^^^^^^^^^^^^^^^^^^^^^^^^^^^^^^^^^^^^^^^^^^^^^^^^^^^^^
> 293 |         {/* Logo */}
      | ^^^^^^^^
  294 |         <div style={{ textAlign: 'center', marginBottom: 40 }}>
  295 |           <div style={{
  296 |             width: 48, height: 48, margin: '0 auto 16px',

Parsing ecmascript source code failed

Import traces:
  Client Component Browser:
    ./app/login/page.tsx [Client Component Browser]
    ./app/login/page.tsx [Server Component]

  Client Component SSR:
    ./app/login/page.tsx [Client Component SSR]
    ./app/login/page.tsx [Server Component] @ http://localhost:3000/_next/static/chunks/node_modules_next_dist_0u_w_5s._.js:1945
[     354ms] [ERROR] ./app/login/page.tsx:292:20
Expected '</', got 'jsx text'
  290 |             background: 'linear-gradient(90deg, transparent, rgba(201,169,110,0.4), trans...
  291 |           }} />
> 292 |       </motion.div>
      |                    ^^^^^^^^^^^^^^^^^^^^^^^^^^^^^^^^^^^^^^^^^^^^^^^^^^^^^^^^^^^^^^^^^^^^^^^^^
> 293 |         {/* Logo */}
      | ^^^^^^^^
  294 |         <div style={{ textAlign: 'center', marginBottom: 40 }}>
  295 |           <div style={{
  296 |             width: 48, height: 48, margin: '0 auto 16px',

Parsing ecmascript source code failed

Import traces:
  Client Component Browser:
    ./app/login/page.tsx [Client Component Browser]
    ./app/login/page.tsx [Server Component]

  Client Component SSR:
    ./app/login/page.tsx [Client Component SSR]
    ./app/login/page.tsx [Server Component] @ http://localhost:3000/_next/static/chunks/node_modules_next_dist_0u_w_5s._.js:1945
[     410ms] [ERROR] ./app/login/page.tsx:292:20
Expected '</', got 'jsx text'
  290 |             background: 'linear-gradient(90deg, transparent, rgba(201,169,110,0.4), trans...
  291 |           }} />
> 292 |       </motion.div>
      |                    ^^^^^^^^^^^^^^^^^^^^^^^^^^^^^^^^^^^^^^^^^^^^^^^^^^^^^^^^^^^^^^^^^^^^^^^^^
> 293 |         {/* Logo */}
      | ^^^^^^^^
  294 |         <div style={{ textAlign: 'center', marginBottom: 40 }}>
  295 |           <div style={{
  296 |             width: 48, height: 48, margin: '0 auto 16px',

Parsing ecmascript source code failed

Import traces:
  Client Component Browser:
    ./app/login/page.tsx [Client Component Browser]
    ./app/login/page.tsx [Server Component]

  Client Component SSR:
    ./app/login/page.tsx [Client Component SSR]
    ./app/login/page.tsx [Server Component] @ http://localhost:3000/_next/static/chunks/node_modules_next_dist_0u_w_5s._.js:1945
[     467ms] [ERROR] ./app/login/page.tsx:292:20
Expected '</', got 'jsx text'
  290 |             background: 'linear-gradient(90deg, transparent, rgba(201,169,110,0.4), trans...
  291 |           }} />
> 292 |       </motion.div>
      |                    ^^^^^^^^^^^^^^^^^^^^^^^^^^^^^^^^^^^^^^^^^^^^^^^^^^^^^^^^^^^^^^^^^^^^^^^^^
> 293 |         {/* Logo */}
      | ^^^^^^^^
  294 |         <div style={{ textAlign: 'center', marginBottom: 40 }}>
  295 |           <div style={{
  296 |             width: 48, height: 48, margin: '0 auto 16px',

Parsing ecmascript source code failed

Import traces:
  Client Component Browser:
    ./app/login/page.tsx [Client Component Browser]
    ./app/login/page.tsx [Server Component]

  Client Component SSR:
    ./app/login/page.tsx [Client Component SSR]
    ./app/login/page.tsx [Server Component] @ http://localhost:3000/_next/static/chunks/node_modules_next_dist_0u_w_5s._.js:1945
[     526ms] [ERROR] ./app/login/page.tsx:292:20
Expected '</', got 'jsx text'
  290 |             background: 'linear-gradient(90deg, transparent, rgba(201,169,110,0.4), trans...
  291 |           }} />
> 292 |       </motion.div>
      |                    ^^^^^^^^^^^^^^^^^^^^^^^^^^^^^^^^^^^^^^^^^^^^^^^^^^^^^^^^^^^^^^^^^^^^^^^^^
> 293 |         {/* Logo */}
      | ^^^^^^^^
  294 |         <div style={{ textAlign: 'center', marginBottom: 40 }}>
  295 |           <div style={{
  296 |             width: 48, height: 48, margin: '0 auto 16px',

Parsing ecmascript source code failed

Import traces:
  Client Component Browser:
    ./app/login/page.tsx [Client Component Browser]
    ./app/login/page.tsx [Server Component]

  Client Component SSR:
    ./app/login/page.tsx [Client Component SSR]
    ./app/login/page.tsx [Server Component] @ http://localhost:3000/_next/static/chunks/node_modules_next_dist_0u_w_5s._.js:1945
[     618ms] [ERROR] ./app/login/page.tsx:292:20
Expected '</', got 'jsx text'
  290 |             background: 'linear-gradient(90deg, transparent, rgba(201,169,110,0.4), trans...
  291 |           }} />
> 292 |       </motion.div>
      |                    ^^^^^^^^^^^^^^^^^^^^^^^^^^^^^^^^^^^^^^^^^^^^^^^^^^^^^^^^^^^^^^^^^^^^^^^^^
> 293 |         {/* Logo */}
      | ^^^^^^^^
  294 |         <div style={{ textAlign: 'center', marginBottom: 40 }}>
  295 |           <div style={{
  296 |             width: 48, height: 48, margin: '0 auto 16px',

Parsing ecmascript source code failed

Import traces:
  Client Component Browser:
    ./app/login/page.tsx [Client Component Browser]
    ./app/login/page.tsx [Server Component]

  Client Component SSR:
    ./app/login/page.tsx [Client Component SSR]
    ./app/login/page.tsx [Server Component] @ http://localhost:3000/_next/static/chunks/node_modules_next_dist_0u_w_5s._.js:1945
[     676ms] [ERROR] ./app/login/page.tsx:292:20
Expected '</', got 'jsx text'
  290 |             background: 'linear-gradient(90deg, transparent, rgba(201,169,110,0.4), trans...
  291 |           }} />
> 292 |       </motion.div>
      |                    ^^^^^^^^^^^^^^^^^^^^^^^^^^^^^^^^^^^^^^^^^^^^^^^^^^^^^^^^^^^^^^^^^^^^^^^^^
> 293 |         {/* Logo */}
      | ^^^^^^^^
  294 |         <div style={{ textAlign: 'center', marginBottom: 40 }}>
  295 |           <div style={{
  296 |             width: 48, height: 48, margin: '0 auto 16px',

Parsing ecmascript source code failed

Import traces:
  Client Component Browser:
    ./app/login/page.tsx [Client Component Browser]
    ./app/login/page.tsx [Server Component]

  Client Component SSR:
    ./app/login/page.tsx [Client Component SSR]
    ./app/login/page.tsx [Server Component] @ http://localhost:3000/_next/static/chunks/node_modules_next_dist_0u_w_5s._.js:1945
[     744ms] [ERROR] ./app/login/page.tsx:292:20
Expected '</', got 'jsx text'
  290 |             background: 'linear-gradient(90deg, transparent, rgba(201,169,110,0.4), trans...
  291 |           }} />
> 292 |       </motion.div>
      |                    ^^^^^^^^^^^^^^^^^^^^^^^^^^^^^^^^^^^^^^^^^^^^^^^^^^^^^^^^^^^^^^^^^^^^^^^^^
> 293 |         {/* Logo */}
      | ^^^^^^^^
  294 |         <div style={{ textAlign: 'center', marginBottom: 40 }}>
  295 |           <div style={{
  296 |             width: 48, height: 48, margin: '0 auto 16px',

Parsing ecmascript source code failed

Import traces:
  Client Component Browser:
    ./app/login/page.tsx [Client Component Browser]
    ./app/login/page.tsx [Server Component]

  Client Component SSR:
    ./app/login/page.tsx [Client Component SSR]
    ./app/login/page.tsx [Server Component] @ http://localhost:3000/_next/static/chunks/node_modules_next_dist_0u_w_5s._.js:1945
[     797ms] [ERROR] ./app/login/page.tsx:292:20
Expected '</', got 'jsx text'
  290 |             background: 'linear-gradient(90deg, transparent, rgba(201,169,110,0.4), trans...
  291 |           }} />
> 292 |       </motion.div>
      |                    ^^^^^^^^^^^^^^^^^^^^^^^^^^^^^^^^^^^^^^^^^^^^^^^^^^^^^^^^^^^^^^^^^^^^^^^^^
> 293 |         {/* Logo */}
      | ^^^^^^^^
  294 |         <div style={{ textAlign: 'center', marginBottom: 40 }}>
  295 |           <div style={{
  296 |             width: 48, height: 48, margin: '0 auto 16px',

Parsing ecmascript source code failed

Import traces:
  Client Component Browser:
    ./app/login/page.tsx [Client Component Browser]
    ./app/login/page.tsx [Server Component]

  Client Component SSR:
    ./app/login/page.tsx [Client Component SSR]
    ./app/login/page.tsx [Server Component] @ http://localhost:3000/_next/static/chunks/node_modules_next_dist_0u_w_5s._.js:1945
[     855ms] [ERROR] ./app/login/page.tsx:292:20
Expected '</', got 'jsx text'
  290 |             background: 'linear-gradient(90deg, transparent, rgba(201,169,110,0.4), trans...
  291 |           }} />
> 292 |       </motion.div>
      |                    ^^^^^^^^^^^^^^^^^^^^^^^^^^^^^^^^^^^^^^^^^^^^^^^^^^^^^^^^^^^^^^^^^^^^^^^^^
> 293 |         {/* Logo */}
      | ^^^^^^^^
  294 |         <div style={{ textAlign: 'center', marginBottom: 40 }}>
  295 |           <div style={{
  296 |             width: 48, height: 48, margin: '0 auto 16px',

Parsing ecmascript source code failed

Import traces:
  Client Component Browser:
    ./app/login/page.tsx [Client Component Browser]
    ./app/login/page.tsx [Server Component]

  Client Component SSR:
    ./app/login/page.tsx [Client Component SSR]
    ./app/login/page.tsx [Server Component] @ http://localhost:3000/_next/static/chunks/node_modules_next_dist_0u_w_5s._.js:1945
[     913ms] [ERROR] ./app/login/page.tsx:292:20
Expected '</', got 'jsx text'
  290 |             background: 'linear-gradient(90deg, transparent, rgba(201,169,110,0.4), trans...
  291 |           }} />
> 292 |       </motion.div>
      |                    ^^^^^^^^^^^^^^^^^^^^^^^^^^^^^^^^^^^^^^^^^^^^^^^^^^^^^^^^^^^^^^^^^^^^^^^^^
> 293 |         {/* Logo */}
      | ^^^^^^^^
  294 |         <div style={{ textAlign: 'center', marginBottom: 40 }}>
  295 |           <div style={{
  296 |             width: 48, height: 48, margin: '0 auto 16px',

Parsing ecmascript source code failed

Import traces:
  Client Component Browser:
    ./app/login/page.tsx [Client Component Browser]
    ./app/login/page.tsx [Server Component]

  Client Component SSR:
    ./app/login/page.tsx [Client Component SSR]
    ./app/login/page.tsx [Server Component] @ http://localhost:3000/_next/static/chunks/node_modules_next_dist_0u_w_5s._.js:1945
[     973ms] [ERROR] ./app/login/page.tsx:292:20
Expected '</', got 'jsx text'
  290 |             background: 'linear-gradient(90deg, transparent, rgba(201,169,110,0.4), trans...
  291 |           }} />
> 292 |       </motion.div>
      |                    ^^^^^^^^^^^^^^^^^^^^^^^^^^^^^^^^^^^^^^^^^^^^^^^^^^^^^^^^^^^^^^^^^^^^^^^^^
> 293 |         {/* Logo */}
      | ^^^^^^^^
  294 |         <div style={{ textAlign: 'center', marginBottom: 40 }}>
  295 |           <div style={{
  296 |             width: 48, height: 48, margin: '0 auto 16px',

Parsing ecmascript source code failed

Import traces:
  Client Component Browser:
    ./app/login/page.tsx [Client Component Browser]
    ./app/login/page.tsx [Server Component]

  Client Component SSR:
    ./app/login/page.tsx [Client Component SSR]
    ./app/login/page.tsx [Server Component] @ http://localhost:3000/_next/static/chunks/node_modules_next_dist_0u_w_5s._.js:1945
[    1037ms] [ERROR] ./app/login/page.tsx:292:20
Expected '</', got 'jsx text'
  290 |             background: 'linear-gradient(90deg, transparent, rgba(201,169,110,0.4), trans...
  291 |           }} />
> 292 |       </motion.div>
      |                    ^^^^^^^^^^^^^^^^^^^^^^^^^^^^^^^^^^^^^^^^^^^^^^^^^^^^^^^^^^^^^^^^^^^^^^^^^
> 293 |         {/* Logo */}
      | ^^^^^^^^
  294 |         <div style={{ textAlign: 'center', marginBottom: 40 }}>
  295 |           <div style={{
  296 |             width: 48, height: 48, margin: '0 auto 16px',

Parsing ecmascript source code failed

Import traces:
  Client Component Browser:
    ./app/login/page.tsx [Client Component Browser]
    ./app/login/page.tsx [Server Component]

  Client Component SSR:
    ./app/login/page.tsx [Client Component SSR]
    ./app/login/page.tsx [Server Component] @ http://localhost:3000/_next/static/chunks/node_modules_next_dist_0u_w_5s._.js:1945
[    1093ms] [ERROR] ./app/login/page.tsx:292:20
Expected '</', got 'jsx text'
  290 |             background: 'linear-gradient(90deg, transparent, rgba(201,169,110,0.4), trans...
  291 |           }} />
> 292 |       </motion.div>
      |                    ^^^^^^^^^^^^^^^^^^^^^^^^^^^^^^^^^^^^^^^^^^^^^^^^^^^^^^^^^^^^^^^^^^^^^^^^^
> 293 |         {/* Logo */}
      | ^^^^^^^^
  294 |         <div style={{ textAlign: 'center', marginBottom: 40 }}>
  295 |           <div style={{
  296 |             width: 48, height: 48, margin: '0 auto 16px',

Parsing ecmascript source code failed

Import traces:
  Client Component Browser:
    ./app/login/page.tsx [Client Component Browser]
    ./app/login/page.tsx [Server Component]

  Client Component SSR:
    ./app/login/page.tsx [Client Component SSR]
    ./app/login/page.tsx [Server Component] @ http://localhost:3000/_next/static/chunks/node_modules_next_dist_0u_w_5s._.js:1945
[    1155ms] [ERROR] ./app/login/page.tsx:292:20
Expected '</', got 'jsx text'
  290 |             background: 'linear-gradient(90deg, transparent, rgba(201,169,110,0.4), trans...
  291 |           }} />
> 292 |       </motion.div>
      |                    ^^^^^^^^^^^^^^^^^^^^^^^^^^^^^^^^^^^^^^^^^^^^^^^^^^^^^^^^^^^^^^^^^^^^^^^^^
> 293 |         {/* Logo */}
      | ^^^^^^^^
  294 |         <div style={{ textAlign: 'center', marginBottom: 40 }}>
  295 |           <div style={{
  296 |             width: 48, height: 48, margin: '0 auto 16px',

Parsing ecmascript source code failed

Import traces:
  Client Component Browser:
    ./app/login/page.tsx [Client Component Browser]
    ./app/login/page.tsx [Server Component]

  Client Component SSR:
    ./app/login/page.tsx [Client Component SSR]
    ./app/login/page.tsx [Server Component] @ http://localhost:3000/_next/static/chunks/node_modules_next_dist_0u_w_5s._.js:1945
[    1213ms] [ERROR] ./app/login/page.tsx:292:20
Expected '</', got 'jsx text'
  290 |             background: 'linear-gradient(90deg, transparent, rgba(201,169,110,0.4), trans...
  291 |           }} />
> 292 |       </motion.div>
      |                    ^^^^^^^^^^^^^^^^^^^^^^^^^^^^^^^^^^^^^^^^^^^^^^^^^^^^^^^^^^^^^^^^^^^^^^^^^
> 293 |         {/* Logo */}
      | ^^^^^^^^
  294 |         <div style={{ textAlign: 'center', marginBottom: 40 }}>
  295 |           <div style={{
  296 |             width: 48, height: 48, margin: '0 auto 16px',

Parsing ecmascript source code failed

Import traces:
  Client Component Browser:
    ./app/login/page.tsx [Client Component Browser]
    ./app/login/page.tsx [Server Component]

  Client Component SSR:
    ./app/login/page.tsx [Client Component SSR]
    ./app/login/page.tsx [Server Component] @ http://localhost:3000/_next/static/chunks/node_modules_next_dist_0u_w_5s._.js:1945
[    1269ms] [ERROR] ./app/login/page.tsx:292:20
Expected '</', got 'jsx text'
  290 |             background: 'linear-gradient(90deg, transparent, rgba(201,169,110,0.4), trans...
  291 |           }} />
> 292 |       </motion.div>
      |                    ^^^^^^^^^^^^^^^^^^^^^^^^^^^^^^^^^^^^^^^^^^^^^^^^^^^^^^^^^^^^^^^^^^^^^^^^^
> 293 |         {/* Logo */}
      | ^^^^^^^^
  294 |         <div style={{ textAlign: 'center', marginBottom: 40 }}>
  295 |           <div style={{
  296 |             width: 48, height: 48, margin: '0 auto 16px',

Parsing ecmascript source code failed

Import traces:
  Client Component Browser:
    ./app/login/page.tsx [Client Component Browser]
    ./app/login/page.tsx [Server Component]

  Client Component SSR:
    ./app/login/page.tsx [Client Component SSR]
    ./app/login/page.tsx [Server Component] @ http://localhost:3000/_next/static/chunks/node_modules_next_dist_0u_w_5s._.js:1945
[    1330ms] [ERROR] ./app/login/page.tsx:292:20
Expected '</', got 'jsx text'
  290 |             background: 'linear-gradient(90deg, transparent, rgba(201,169,110,0.4), trans...
  291 |           }} />
> 292 |       </motion.div>
      |                    ^^^^^^^^^^^^^^^^^^^^^^^^^^^^^^^^^^^^^^^^^^^^^^^^^^^^^^^^^^^^^^^^^^^^^^^^^
> 293 |         {/* Logo */}
      | ^^^^^^^^
  294 |         <div style={{ textAlign: 'center', marginBottom: 40 }}>
  295 |           <div style={{
  296 |             width: 48, height: 48, margin: '0 auto 16px',

Parsing ecmascript source code failed

Import traces:
  Client Component Browser:
    ./app/login/page.tsx [Client Component Browser]
    ./app/login/page.tsx [Server Component]

  Client Component SSR:
    ./app/login/page.tsx [Client Component SSR]
    ./app/login/page.tsx [Server Component] @ http://localhost:3000/_next/static/chunks/node_modules_next_dist_0u_w_5s._.js:1945
[    1382ms] [ERROR] ./app/login/page.tsx:292:20
Expected '</', got 'jsx text'
  290 |             background: 'linear-gradient(90deg, transparent, rgba(201,169,110,0.4), trans...
  291 |           }} />
> 292 |       </motion.div>
      |                    ^^^^^^^^^^^^^^^^^^^^^^^^^^^^^^^^^^^^^^^^^^^^^^^^^^^^^^^^^^^^^^^^^^^^^^^^^
> 293 |         {/* Logo */}
      | ^^^^^^^^
  294 |         <div style={{ textAlign: 'center', marginBottom: 40 }}>
  295 |           <div style={{
  296 |             width: 48, height: 48, margin: '0 auto 16px',

Parsing ecmascript source code failed

Import traces:
  Client Component Browser:
    ./app/login/page.tsx [Client Component Browser]
    ./app/login/page.tsx [Server Component]

  Client Component SSR:
    ./app/login/page.tsx [Client Component SSR]
    ./app/login/page.tsx [Server Component] @ http://localhost:3000/_next/static/chunks/node_modules_next_dist_0u_w_5s._.js:1945
[    1443ms] [ERROR] ./app/login/page.tsx:292:20
Expected '</', got 'jsx text'
  290 |             background: 'linear-gradient(90deg, transparent, rgba(201,169,110,0.4), trans...
  291 |           }} />
> 292 |       </motion.div>
      |                    ^^^^^^^^^^^^^^^^^^^^^^^^^^^^^^^^^^^^^^^^^^^^^^^^^^^^^^^^^^^^^^^^^^^^^^^^^
> 293 |         {/* Logo */}
      | ^^^^^^^^
  294 |         <div style={{ textAlign: 'center', marginBottom: 40 }}>
  295 |           <div style={{
  296 |             width: 48, height: 48, margin: '0 auto 16px',

Parsing ecmascript source code failed

Import traces:
  Client Component Browser:
    ./app/login/page.tsx [Client Component Browser]
    ./app/login/page.tsx [Server Component]

  Client Component SSR:
    ./app/login/page.tsx [Client Component SSR]
    ./app/login/page.tsx [Server Component] @ http://localhost:3000/_next/static/chunks/node_modules_next_dist_0u_w_5s._.js:1945
[    1501ms] [ERROR] ./app/login/page.tsx:292:20
Expected '</', got 'jsx text'
  290 |             background: 'linear-gradient(90deg, transparent, rgba(201,169,110,0.4), trans...
  291 |           }} />
> 292 |       </motion.div>
      |                    ^^^^^^^^^^^^^^^^^^^^^^^^^^^^^^^^^^^^^^^^^^^^^^^^^^^^^^^^^^^^^^^^^^^^^^^^^
> 293 |         {/* Logo */}
      | ^^^^^^^^
  294 |         <div style={{ textAlign: 'center', marginBottom: 40 }}>
  295 |           <div style={{
  296 |             width: 48, height: 48, margin: '0 auto 16px',

Parsing ecmascript source code failed

Import traces:
  Client Component Browser:
    ./app/login/page.tsx [Client Component Browser]
    ./app/login/page.tsx [Server Component]

  Client Component SSR:
    ./app/login/page.tsx [Client Component SSR]
    ./app/login/page.tsx [Server Component] @ http://localhost:3000/_next/static/chunks/node_modules_next_dist_0u_w_5s._.js:1945
[    1561ms] [ERROR] ./app/login/page.tsx:292:20
Expected '</', got 'jsx text'
  290 |             background: 'linear-gradient(90deg, transparent, rgba(201,169,110,0.4), trans...
  291 |           }} />
> 292 |       </motion.div>
      |                    ^^^^^^^^^^^^^^^^^^^^^^^^^^^^^^^^^^^^^^^^^^^^^^^^^^^^^^^^^^^^^^^^^^^^^^^^^
> 293 |         {/* Logo */}
      | ^^^^^^^^
  294 |         <div style={{ textAlign: 'center', marginBottom: 40 }}>
  295 |           <div style={{
  296 |             width: 48, height: 48, margin: '0 auto 16px',

Parsing ecmascript source code failed

Import traces:
  Client Component Browser:
    ./app/login/page.tsx [Client Component Browser]
    ./app/login/page.tsx [Server Component]

  Client Component SSR:
    ./app/login/page.tsx [Client Component SSR]
    ./app/login/page.tsx [Server Component] @ http://localhost:3000/_next/static/chunks/node_modules_next_dist_0u_w_5s._.js:1945
[    1618ms] [ERROR] ./app/login/page.tsx:292:20
Expected '</', got 'jsx text'
  290 |             background: 'linear-gradient(90deg, transparent, rgba(201,169,110,0.4), trans...
  291 |           }} />
> 292 |       </motion.div>
      |                    ^^^^^^^^^^^^^^^^^^^^^^^^^^^^^^^^^^^^^^^^^^^^^^^^^^^^^^^^^^^^^^^^^^^^^^^^^
> 293 |         {/* Logo */}
      | ^^^^^^^^
  294 |         <div style={{ textAlign: 'center', marginBottom: 40 }}>
  295 |           <div style={{
  296 |             width: 48, height: 48, margin: '0 auto 16px',

Parsing ecmascript source code failed

Import traces:
  Client Component Browser:
    ./app/login/page.tsx [Client Component Browser]
    ./app/login/page.tsx [Server Component]

  Client Component SSR:
    ./app/login/page.tsx [Client Component SSR]
    ./app/login/page.tsx [Server Component] @ http://localhost:3000/_next/static/chunks/node_modules_next_dist_0u_w_5s._.js:1945
[    1680ms] [ERROR] ./app/login/page.tsx:292:20
Expected '</', got 'jsx text'
  290 |             background: 'linear-gradient(90deg, transparent, rgba(201,169,110,0.4), trans...
  291 |           }} />
> 292 |       </motion.div>
      |                    ^^^^^^^^^^^^^^^^^^^^^^^^^^^^^^^^^^^^^^^^^^^^^^^^^^^^^^^^^^^^^^^^^^^^^^^^^
> 293 |         {/* Logo */}
      | ^^^^^^^^
  294 |         <div style={{ textAlign: 'center', marginBottom: 40 }}>
  295 |           <div style={{
  296 |             width: 48, height: 48, margin: '0 auto 16px',

Parsing ecmascript source code failed

Import traces:
  Client Component Browser:
    ./app/login/page.tsx [Client Component Browser]
    ./app/login/page.tsx [Server Component]

  Client Component SSR:
    ./app/login/page.tsx [Client Component SSR]
    ./app/login/page.tsx [Server Component] @ http://localhost:3000/_next/static/chunks/node_modules_next_dist_0u_w_5s._.js:1945
[    1738ms] [ERROR] ./app/login/page.tsx:292:20
Expected '</', got 'jsx text'
  290 |             background: 'linear-gradient(90deg, transparent, rgba(201,169,110,0.4), trans...
  291 |           }} />
> 292 |       </motion.div>
      |                    ^^^^^^^^^^^^^^^^^^^^^^^^^^^^^^^^^^^^^^^^^^^^^^^^^^^^^^^^^^^^^^^^^^^^^^^^^
> 293 |         {/* Logo */}
      | ^^^^^^^^
  294 |         <div style={{ textAlign: 'center', marginBottom: 40 }}>
  295 |           <div style={{
  296 |             width: 48, height: 48, margin: '0 auto 16px',

Parsing ecmascript source code failed

Import traces:
  Client Component Browser:
    ./app/login/page.tsx [Client Component Browser]
    ./app/login/page.tsx [Server Component]

  Client Component SSR:
    ./app/login/page.tsx [Client Component SSR]
    ./app/login/page.tsx [Server Component] @ http://localhost:3000/_next/static/chunks/node_modules_next_dist_0u_w_5s._.js:1945
[    1796ms] [ERROR] ./app/login/page.tsx:292:20
Expected '</', got 'jsx text'
  290 |             background: 'linear-gradient(90deg, transparent, rgba(201,169,110,0.4), trans...
  291 |           }} />
> 292 |       </motion.div>
      |                    ^^^^^^^^^^^^^^^^^^^^^^^^^^^^^^^^^^^^^^^^^^^^^^^^^^^^^^^^^^^^^^^^^^^^^^^^^
> 293 |         {/* Logo */}
      | ^^^^^^^^
  294 |         <div style={{ textAlign: 'center', marginBottom: 40 }}>
  295 |           <div style={{
  296 |             width: 48, height: 48, margin: '0 auto 16px',

Parsing ecmascript source code failed

Import traces:
  Client Component Browser:
    ./app/login/page.tsx [Client Component Browser]
    ./app/login/page.tsx [Server Component]

  Client Component SSR:
    ./app/login/page.tsx [Client Component SSR]
    ./app/login/page.tsx [Server Component] @ http://localhost:3000/_next/static/chunks/node_modules_next_dist_0u_w_5s._.js:1945
[    1855ms] [ERROR] ./app/login/page.tsx:292:20
Expected '</', got 'jsx text'
  290 |             background: 'linear-gradient(90deg, transparent, rgba(201,169,110,0.4), trans...
  291 |           }} />
> 292 |       </motion.div>
      |                    ^^^^^^^^^^^^^^^^^^^^^^^^^^^^^^^^^^^^^^^^^^^^^^^^^^^^^^^^^^^^^^^^^^^^^^^^^
> 293 |         {/* Logo */}
      | ^^^^^^^^
  294 |         <div style={{ textAlign: 'center', marginBottom: 40 }}>
  295 |           <div style={{
  296 |             width: 48, height: 48, margin: '0 auto 16px',

Parsing ecmascript source code failed

Import traces:
  Client Component Browser:
    ./app/login/page.tsx [Client Component Browser]
    ./app/login/page.tsx [Server Component]

  Client Component SSR:
    ./app/login/page.tsx [Client Component SSR]
    ./app/login/page.tsx [Server Component] @ http://localhost:3000/_next/static/chunks/node_modules_next_dist_0u_w_5s._.js:1945
[    1911ms] [ERROR] ./app/login/page.tsx:292:20
Expected '</', got 'jsx text'
  290 |             background: 'linear-gradient(90deg, transparent, rgba(201,169,110,0.4), trans...
  291 |           }} />
> 292 |       </motion.div>
      |                    ^^^^^^^^^^^^^^^^^^^^^^^^^^^^^^^^^^^^^^^^^^^^^^^^^^^^^^^^^^^^^^^^^^^^^^^^^
> 293 |         {/* Logo */}
      | ^^^^^^^^
  294 |         <div style={{ textAlign: 'center', marginBottom: 40 }}>
  295 |           <div style={{
  296 |             width: 48, height: 48, margin: '0 auto 16px',

Parsing ecmascript source code failed

Import traces:
  Client Component Browser:
    ./app/login/page.tsx [Client Component Browser]
    ./app/login/page.tsx [Server Component]

  Client Component SSR:
    ./app/login/page.tsx [Client Component SSR]
    ./app/login/page.tsx [Server Component] @ http://localhost:3000/_next/static/chunks/node_modules_next_dist_0u_w_5s._.js:1945
[    1973ms] [ERROR] ./app/login/page.tsx:292:20
Expected '</', got 'jsx text'
  290 |             background: 'linear-gradient(90deg, transparent, rgba(201,169,110,0.4), trans...
  291 |           }} />
> 292 |       </motion.div>
      |                    ^^^^^^^^^^^^^^^^^^^^^^^^^^^^^^^^^^^^^^^^^^^^^^^^^^^^^^^^^^^^^^^^^^^^^^^^^
> 293 |         {/* Logo */}
      | ^^^^^^^^
  294 |         <div style={{ textAlign: 'center', marginBottom: 40 }}>
  295 |           <div style={{
  296 |             width: 48, height: 48, margin: '0 auto 16px',

Parsing ecmascript source code failed

Import traces:
  Client Component Browser:
    ./app/login/page.tsx [Client Component Browser]
    ./app/login/page.tsx [Server Component]

  Client Component SSR:
    ./app/login/page.tsx [Client Component SSR]
    ./app/login/page.tsx [Server Component] @ http://localhost:3000/_next/static/chunks/node_modules_next_dist_0u_w_5s._.js:1945
[    2035ms] [ERROR] ./app/login/page.tsx:292:20
Expected '</', got 'jsx text'
  290 |             background: 'linear-gradient(90deg, transparent, rgba(201,169,110,0.4), trans...
  291 |           }} />
> 292 |       </motion.div>
      |                    ^^^^^^^^^^^^^^^^^^^^^^^^^^^^^^^^^^^^^^^^^^^^^^^^^^^^^^^^^^^^^^^^^^^^^^^^^
> 293 |         {/* Logo */}
      | ^^^^^^^^
  294 |         <div style={{ textAlign: 'center', marginBottom: 40 }}>
  295 |           <div style={{
  296 |             width: 48, height: 48, margin: '0 auto 16px',

Parsing ecmascript source code failed

Import traces:
  Client Component Browser:
    ./app/login/page.tsx [Client Component Browser]
    ./app/login/page.tsx [Server Component]

  Client Component SSR:
    ./app/login/page.tsx [Client Component SSR]
    ./app/login/page.tsx [Server Component] @ http://localhost:3000/_next/static/chunks/node_modules_next_dist_0u_w_5s._.js:1945
[    2097ms] [ERROR] ./app/login/page.tsx:292:20
Expected '</', got 'jsx text'
  290 |             background: 'linear-gradient(90deg, transparent, rgba(201,169,110,0.4), trans...
  291 |           }} />
> 292 |       </motion.div>
      |                    ^^^^^^^^^^^^^^^^^^^^^^^^^^^^^^^^^^^^^^^^^^^^^^^^^^^^^^^^^^^^^^^^^^^^^^^^^
> 293 |         {/* Logo */}
      | ^^^^^^^^
  294 |         <div style={{ textAlign: 'center', marginBottom: 40 }}>
  295 |           <div style={{
  296 |             width: 48, height: 48, margin: '0 auto 16px',

Parsing ecmascript source code failed

Import traces:
  Client Component Browser:
    ./app/login/page.tsx [Client Component Browser]
    ./app/login/page.tsx [Server Component]

  Client Component SSR:
    ./app/login/page.tsx [Client Component SSR]
    ./app/login/page.tsx [Server Component] @ http://localhost:3000/_next/static/chunks/node_modules_next_dist_0u_w_5s._.js:1945
[    2157ms] [ERROR] ./app/login/page.tsx:292:20
Expected '</', got 'jsx text'
  290 |             background: 'linear-gradient(90deg, transparent, rgba(201,169,110,0.4), trans...
  291 |           }} />
> 292 |       </motion.div>
      |                    ^^^^^^^^^^^^^^^^^^^^^^^^^^^^^^^^^^^^^^^^^^^^^^^^^^^^^^^^^^^^^^^^^^^^^^^^^
> 293 |         {/* Logo */}
      | ^^^^^^^^
  294 |         <div style={{ textAlign: 'center', marginBottom: 40 }}>
  295 |           <div style={{
  296 |             width: 48, height: 48, margin: '0 auto 16px',

Parsing ecmascript source code failed

Import traces:
  Client Component Browser:
    ./app/login/page.tsx [Client Component Browser]
    ./app/login/page.tsx [Server Component]

  Client Component SSR:
    ./app/login/page.tsx [Client Component SSR]
    ./app/login/page.tsx [Server Component] @ http://localhost:3000/_next/static/chunks/node_modules_next_dist_0u_w_5s._.js:1945
[    2218ms] [ERROR] ./app/login/page.tsx:292:20
Expected '</', got 'jsx text'
  290 |             background: 'linear-gradient(90deg, transparent, rgba(201,169,110,0.4), trans...
  291 |           }} />
> 292 |       </motion.div>
      |                    ^^^^^^^^^^^^^^^^^^^^^^^^^^^^^^^^^^^^^^^^^^^^^^^^^^^^^^^^^^^^^^^^^^^^^^^^^
> 293 |         {/* Logo */}
      | ^^^^^^^^
  294 |         <div style={{ textAlign: 'center', marginBottom: 40 }}>
  295 |           <div style={{
  296 |             width: 48, height: 48, margin: '0 auto 16px',

Parsing ecmascript source code failed

Import traces:
  Client Component Browser:
    ./app/login/page.tsx [Client Component Browser]
    ./app/login/page.tsx [Server Component]

  Client Component SSR:
    ./app/login/page.tsx [Client Component SSR]
    ./app/login/page.tsx [Server Component] @ http://localhost:3000/_next/static/chunks/node_modules_next_dist_0u_w_5s._.js:1945
[    2276ms] [ERROR] ./app/login/page.tsx:292:20
Expected '</', got 'jsx text'
  290 |             background: 'linear-gradient(90deg, transparent, rgba(201,169,110,0.4), trans...
  291 |           }} />
> 292 |       </motion.div>
      |                    ^^^^^^^^^^^^^^^^^^^^^^^^^^^^^^^^^^^^^^^^^^^^^^^^^^^^^^^^^^^^^^^^^^^^^^^^^
> 293 |         {/* Logo */}
      | ^^^^^^^^
  294 |         <div style={{ textAlign: 'center', marginBottom: 40 }}>
  295 |           <div style={{
  296 |             width: 48, height: 48, margin: '0 auto 16px',

Parsing ecmascript source code failed

Import traces:
  Client Component Browser:
    ./app/login/page.tsx [Client Component Browser]
    ./app/login/page.tsx [Server Component]

  Client Component SSR:
    ./app/login/page.tsx [Client Component SSR]
    ./app/login/page.tsx [Server Component] @ http://localhost:3000/_next/static/chunks/node_modules_next_dist_0u_w_5s._.js:1945
[    2333ms] [ERROR] ./app/login/page.tsx:292:20
Expected '</', got 'jsx text'
  290 |             background: 'linear-gradient(90deg, transparent, rgba(201,169,110,0.4), trans...
  291 |           }} />
> 292 |       </motion.div>
      |                    ^^^^^^^^^^^^^^^^^^^^^^^^^^^^^^^^^^^^^^^^^^^^^^^^^^^^^^^^^^^^^^^^^^^^^^^^^
> 293 |         {/* Logo */}
      | ^^^^^^^^
  294 |         <div style={{ textAlign: 'center', marginBottom: 40 }}>
  295 |           <div style={{
  296 |             width: 48, height: 48, margin: '0 auto 16px',

Parsing ecmascript source code failed

Import traces:
  Client Component Browser:
    ./app/login/page.tsx [Client Component Browser]
    ./app/login/page.tsx [Server Component]

  Client Component SSR:
    ./app/login/page.tsx [Client Component SSR]
    ./app/login/page.tsx [Server Component] @ http://localhost:3000/_next/static/chunks/node_modules_next_dist_0u_w_5s._.js:1945
[    2394ms] [ERROR] ./app/login/page.tsx:292:20
Expected '</', got 'jsx text'
  290 |             background: 'linear-gradient(90deg, transparent, rgba(201,169,110,0.4), trans...
  291 |           }} />
> 292 |       </motion.div>
      |                    ^^^^^^^^^^^^^^^^^^^^^^^^^^^^^^^^^^^^^^^^^^^^^^^^^^^^^^^^^^^^^^^^^^^^^^^^^
> 293 |         {/* Logo */}
      | ^^^^^^^^
  294 |         <div style={{ textAlign: 'center', marginBottom: 40 }}>
  295 |           <div style={{
  296 |             width: 48, height: 48, margin: '0 auto 16px',

Parsing ecmascript source code failed

Import traces:
  Client Component Browser:
    ./app/login/page.tsx [Client Component Browser]
    ./app/login/page.tsx [Server Component]

  Client Component SSR:
    ./app/login/page.tsx [Client Component SSR]
    ./app/login/page.tsx [Server Component] @ http://localhost:3000/_next/static/chunks/node_modules_next_dist_0u_w_5s._.js:1945
[    2455ms] [ERROR] ./app/login/page.tsx:292:20
Expected '</', got 'jsx text'
  290 |             background: 'linear-gradient(90deg, transparent, rgba(201,169,110,0.4), trans...
  291 |           }} />
> 292 |       </motion.div>
      |                    ^^^^^^^^^^^^^^^^^^^^^^^^^^^^^^^^^^^^^^^^^^^^^^^^^^^^^^^^^^^^^^^^^^^^^^^^^
> 293 |         {/* Logo */}
      | ^^^^^^^^
  294 |         <div style={{ textAlign: 'center', marginBottom: 40 }}>
  295 |           <div style={{
  296 |             width: 48, height: 48, margin: '0 auto 16px',

Parsing ecmascript source code failed

Import traces:
  Client Component Browser:
    ./app/login/page.tsx [Client Component Browser]
    ./app/login/page.tsx [Server Component]

  Client Component SSR:
    ./app/login/page.tsx [Client Component SSR]
    ./app/login/page.tsx [Server Component] @ http://localhost:3000/_next/static/chunks/node_modules_next_dist_0u_w_5s._.js:1945
[    2519ms] [ERROR] ./app/login/page.tsx:292:20
Expected '</', got 'jsx text'
  290 |             background: 'linear-gradient(90deg, transparent, rgba(201,169,110,0.4), trans...
  291 |           }} />
> 292 |       </motion.div>
      |                    ^^^^^^^^^^^^^^^^^^^^^^^^^^^^^^^^^^^^^^^^^^^^^^^^^^^^^^^^^^^^^^^^^^^^^^^^^
> 293 |         {/* Logo */}
      | ^^^^^^^^
  294 |         <div style={{ textAlign: 'center', marginBottom: 40 }}>
  295 |           <div style={{
  296 |             width: 48, height: 48, margin: '0 auto 16px',

Parsing ecmascript source code failed

Import traces:
  Client Component Browser:
    ./app/login/page.tsx [Client Component Browser]
    ./app/login/page.tsx [Server Component]

  Client Component SSR:
    ./app/login/page.tsx [Client Component SSR]
    ./app/login/page.tsx [Server Component] @ http://localhost:3000/_next/static/chunks/node_modules_next_dist_0u_w_5s._.js:1945
[    2574ms] [ERROR] ./app/login/page.tsx:292:20
Expected '</', got 'jsx text'
  290 |             background: 'linear-gradient(90deg, transparent, rgba(201,169,110,0.4), trans...
  291 |           }} />
> 292 |       </motion.div>
      |                    ^^^^^^^^^^^^^^^^^^^^^^^^^^^^^^^^^^^^^^^^^^^^^^^^^^^^^^^^^^^^^^^^^^^^^^^^^
> 293 |         {/* Logo */}
      | ^^^^^^^^
  294 |         <div style={{ textAlign: 'center', marginBottom: 40 }}>
  295 |           <div style={{
  296 |             width: 48, height: 48, margin: '0 auto 16px',

Parsing ecmascript source code failed

Import traces:
  Client Component Browser:
    ./app/login/page.tsx [Client Component Browser]
    ./app/login/page.tsx [Server Component]

  Client Component SSR:
    ./app/login/page.tsx [Client Component SSR]
    ./app/login/page.tsx [Server Component] @ http://localhost:3000/_next/static/chunks/node_modules_next_dist_0u_w_5s._.js:1945
[    2636ms] [ERROR] ./app/login/page.tsx:292:20
Expected '</', got 'jsx text'
  290 |             background: 'linear-gradient(90deg, transparent, rgba(201,169,110,0.4), trans...
  291 |           }} />
> 292 |       </motion.div>
      |                    ^^^^^^^^^^^^^^^^^^^^^^^^^^^^^^^^^^^^^^^^^^^^^^^^^^^^^^^^^^^^^^^^^^^^^^^^^
> 293 |         {/* Logo */}
      | ^^^^^^^^
  294 |         <div style={{ textAlign: 'center', marginBottom: 40 }}>
  295 |           <div style={{
  296 |             width: 48, height: 48, margin: '0 auto 16px',

Parsing ecmascript source code failed

Import traces:
  Client Component Browser:
    ./app/login/page.tsx [Client Component Browser]
    ./app/login/page.tsx [Server Component]

  Client Component SSR:
    ./app/login/page.tsx [Client Component SSR]
    ./app/login/page.tsx [Server Component] @ http://localhost:3000/_next/static/chunks/node_modules_next_dist_0u_w_5s._.js:1945
[    2694ms] [ERROR] ./app/login/page.tsx:292:20
Expected '</', got 'jsx text'
  290 |             background: 'linear-gradient(90deg, transparent, rgba(201,169,110,0.4), trans...
  291 |           }} />
> 292 |       </motion.div>
      |                    ^^^^^^^^^^^^^^^^^^^^^^^^^^^^^^^^^^^^^^^^^^^^^^^^^^^^^^^^^^^^^^^^^^^^^^^^^
> 293 |         {/* Logo */}
      | ^^^^^^^^
  294 |         <div style={{ textAlign: 'center', marginBottom: 40 }}>
  295 |           <div style={{
  296 |             width: 48, height: 48, margin: '0 auto 16px',

Parsing ecmascript source code failed

Import traces:
  Client Component Browser:
    ./app/login/page.tsx [Client Component Browser]
    ./app/login/page.tsx [Server Component]

  Client Component SSR:
    ./app/login/page.tsx [Client Component SSR]
    ./app/login/page.tsx [Server Component] @ http://localhost:3000/_next/static/chunks/node_modules_next_dist_0u_w_5s._.js:1945
[    2753ms] [ERROR] ./app/login/page.tsx:292:20
Expected '</', got 'jsx text'
  290 |             background: 'linear-gradient(90deg, transparent, rgba(201,169,110,0.4), trans...
  291 |           }} />
> 292 |       </motion.div>
      |                    ^^^^^^^^^^^^^^^^^^^^^^^^^^^^^^^^^^^^^^^^^^^^^^^^^^^^^^^^^^^^^^^^^^^^^^^^^
> 293 |         {/* Logo */}
      | ^^^^^^^^
  294 |         <div style={{ textAlign: 'center', marginBottom: 40 }}>
  295 |           <div style={{
  296 |             width: 48, height: 48, margin: '0 auto 16px',

Parsing ecmascript source code failed

Import traces:
  Client Component Browser:
    ./app/login/page.tsx [Client Component Browser]
    ./app/login/page.tsx [Server Component]

  Client Component SSR:
    ./app/login/page.tsx [Client Component SSR]
    ./app/login/page.tsx [Server Component] @ http://localhost:3000/_next/static/chunks/node_modules_next_dist_0u_w_5s._.js:1945
[    2810ms] [ERROR] ./app/login/page.tsx:292:20
Expected '</', got 'jsx text'
  290 |             background: 'linear-gradient(90deg, transparent, rgba(201,169,110,0.4), trans...
  291 |           }} />
> 292 |       </motion.div>
      |                    ^^^^^^^^^^^^^^^^^^^^^^^^^^^^^^^^^^^^^^^^^^^^^^^^^^^^^^^^^^^^^^^^^^^^^^^^^
> 293 |         {/* Logo */}
      | ^^^^^^^^
  294 |         <div style={{ textAlign: 'center', marginBottom: 40 }}>
  295 |           <div style={{
  296 |             width: 48, height: 48, margin: '0 auto 16px',

Parsing ecmascript source code failed

Import traces:
  Client Component Browser:
    ./app/login/page.tsx [Client Component Browser]
    ./app/login/page.tsx [Server Component]

  Client Component SSR:
    ./app/login/page.tsx [Client Component SSR]
    ./app/login/page.tsx [Server Component] @ http://localhost:3000/_next/static/chunks/node_modules_next_dist_0u_w_5s._.js:1945
[    2870ms] [ERROR] ./app/login/page.tsx:292:20
Expected '</', got 'jsx text'
  290 |             background: 'linear-gradient(90deg, transparent, rgba(201,169,110,0.4), trans...
  291 |           }} />
> 292 |       </motion.div>
      |                    ^^^^^^^^^^^^^^^^^^^^^^^^^^^^^^^^^^^^^^^^^^^^^^^^^^^^^^^^^^^^^^^^^^^^^^^^^
> 293 |         {/* Logo */}
      | ^^^^^^^^
  294 |         <div style={{ textAlign: 'center', marginBottom: 40 }}>
  295 |           <div style={{
  296 |             width: 48, height: 48, margin: '0 auto 16px',

Parsing ecmascript source code failed

Import traces:
  Client Component Browser:
    ./app/login/page.tsx [Client Component Browser]
    ./app/login/page.tsx [Server Component]

  Client Component SSR:
    ./app/login/page.tsx [Client Component SSR]
    ./app/login/page.tsx [Server Component] @ http://localhost:3000/_next/static/chunks/node_modules_next_dist_0u_w_5s._.js:1945
[    2930ms] [ERROR] ./app/login/page.tsx:292:20
Expected '</', got 'jsx text'
  290 |             background: 'linear-gradient(90deg, transparent, rgba(201,169,110,0.4), trans...
  291 |           }} />
> 292 |       </motion.div>
      |                    ^^^^^^^^^^^^^^^^^^^^^^^^^^^^^^^^^^^^^^^^^^^^^^^^^^^^^^^^^^^^^^^^^^^^^^^^^
> 293 |         {/* Logo */}
      | ^^^^^^^^
  294 |         <div style={{ textAlign: 'center', marginBottom: 40 }}>
  295 |           <div style={{
  296 |             width: 48, height: 48, margin: '0 auto 16px',

Parsing ecmascript source code failed

Import traces:
  Client Component Browser:
    ./app/login/page.tsx [Client Component Browser]
    ./app/login/page.tsx [Server Component]

  Client Component SSR:
    ./app/login/page.tsx [Client Component SSR]
    ./app/login/page.tsx [Server Component] @ http://localhost:3000/_next/static/chunks/node_modules_next_dist_0u_w_5s._.js:1945
[    2984ms] [ERROR] ./app/login/page.tsx:292:20
Expected '</', got 'jsx text'
  290 |             background: 'linear-gradient(90deg, transparent, rgba(201,169,110,0.4), trans...
  291 |           }} />
> 292 |       </motion.div>
      |                    ^^^^^^^^^^^^^^^^^^^^^^^^^^^^^^^^^^^^^^^^^^^^^^^^^^^^^^^^^^^^^^^^^^^^^^^^^
> 293 |         {/* Logo */}
      | ^^^^^^^^
  294 |         <div style={{ textAlign: 'center', marginBottom: 40 }}>
  295 |           <div style={{
  296 |             width: 48, height: 48, margin: '0 auto 16px',

Parsing ecmascript source code failed

Import traces:
  Client Component Browser:
    ./app/login/page.tsx [Client Component Browser]
    ./app/login/page.tsx [Server Component]

  Client Component SSR:
    ./app/login/page.tsx [Client Component SSR]
    ./app/login/page.tsx [Server Component] @ http://localhost:3000/_next/static/chunks/node_modules_next_dist_0u_w_5s._.js:1945
[    3042ms] [ERROR] ./app/login/page.tsx:292:20
Expected '</', got 'jsx text'
  290 |             background: 'linear-gradient(90deg, transparent, rgba(201,169,110,0.4), trans...
  291 |           }} />
> 292 |       </motion.div>
      |                    ^^^^^^^^^^^^^^^^^^^^^^^^^^^^^^^^^^^^^^^^^^^^^^^^^^^^^^^^^^^^^^^^^^^^^^^^^
> 293 |         {/* Logo */}
      | ^^^^^^^^
  294 |         <div style={{ textAlign: 'center', marginBottom: 40 }}>
  295 |           <div style={{
  296 |             width: 48, height: 48, margin: '0 auto 16px',

Parsing ecmascript source code failed

Import traces:
  Client Component Browser:
    ./app/login/page.tsx [Client Component Browser]
    ./app/login/page.tsx [Server Component]

  Client Component SSR:
    ./app/login/page.tsx [Client Component SSR]
    ./app/login/page.tsx [Server Component] @ http://localhost:3000/_next/static/chunks/node_modules_next_dist_0u_w_5s._.js:1945
[    3106ms] [ERROR] ./app/login/page.tsx:292:20
Expected '</', got 'jsx text'
  290 |             background: 'linear-gradient(90deg, transparent, rgba(201,169,110,0.4), trans...
  291 |           }} />
> 292 |       </motion.div>
      |                    ^^^^^^^^^^^^^^^^^^^^^^^^^^^^^^^^^^^^^^^^^^^^^^^^^^^^^^^^^^^^^^^^^^^^^^^^^
> 293 |         {/* Logo */}
      | ^^^^^^^^
  294 |         <div style={{ textAlign: 'center', marginBottom: 40 }}>
  295 |           <div style={{
  296 |             width: 48, height: 48, margin: '0 auto 16px',

Parsing ecmascript source code failed

Import traces:
  Client Component Browser:
    ./app/login/page.tsx [Client Component Browser]
    ./app/login/page.tsx [Server Component]

  Client Component SSR:
    ./app/login/page.tsx [Client Component SSR]
    ./app/login/page.tsx [Server Component] @ http://localhost:3000/_next/static/chunks/node_modules_next_dist_0u_w_5s._.js:1945
[    3170ms] [ERROR] ./app/login/page.tsx:292:20
Expected '</', got 'jsx text'
  290 |             background: 'linear-gradient(90deg, transparent, rgba(201,169,110,0.4), trans...
  291 |           }} />
> 292 |       </motion.div>
      |                    ^^^^^^^^^^^^^^^^^^^^^^^^^^^^^^^^^^^^^^^^^^^^^^^^^^^^^^^^^^^^^^^^^^^^^^^^^
> 293 |         {/* Logo */}
      | ^^^^^^^^
  294 |         <div style={{ textAlign: 'center', marginBottom: 40 }}>
  295 |           <div style={{
  296 |             width: 48, height: 48, margin: '0 auto 16px',

Parsing ecmascript source code failed

Import traces:
  Client Component Browser:
    ./app/login/page.tsx [Client Component Browser]
    ./app/login/page.tsx [Server Component]

  Client Component SSR:
    ./app/login/page.tsx [Client Component SSR]
    ./app/login/page.tsx [Server Component] @ http://localhost:3000/_next/static/chunks/node_modules_next_dist_0u_w_5s._.js:1945
[    3227ms] [ERROR] ./app/login/page.tsx:292:20
Expected '</', got 'jsx text'
  290 |             background: 'linear-gradient(90deg, transparent, rgba(201,169,110,0.4), trans...
  291 |           }} />
> 292 |       </motion.div>
      |                    ^^^^^^^^^^^^^^^^^^^^^^^^^^^^^^^^^^^^^^^^^^^^^^^^^^^^^^^^^^^^^^^^^^^^^^^^^
> 293 |         {/* Logo */}
      | ^^^^^^^^
  294 |         <div style={{ textAlign: 'center', marginBottom: 40 }}>
  295 |           <div style={{
  296 |             width: 48, height: 48, margin: '0 auto 16px',

Parsing ecmascript source code failed

Import traces:
  Client Component Browser:
    ./app/login/page.tsx [Client Component Browser]
    ./app/login/page.tsx [Server Component]

  Client Component SSR:
    ./app/login/page.tsx [Client Component SSR]
    ./app/login/page.tsx [Server Component] @ http://localhost:3000/_next/static/chunks/node_modules_next_dist_0u_w_5s._.js:1945
[    3285ms] [ERROR] ./app/login/page.tsx:292:20
Expected '</', got 'jsx text'
  290 |             background: 'linear-gradient(90deg, transparent, rgba(201,169,110,0.4), trans...
  291 |           }} />
> 292 |       </motion.div>
      |                    ^^^^^^^^^^^^^^^^^^^^^^^^^^^^^^^^^^^^^^^^^^^^^^^^^^^^^^^^^^^^^^^^^^^^^^^^^
> 293 |         {/* Logo */}
      | ^^^^^^^^
  294 |         <div style={{ textAlign: 'center', marginBottom: 40 }}>
  295 |           <div style={{
  296 |             width: 48, height: 48, margin: '0 auto 16px',

Parsing ecmascript source code failed

Import traces:
  Client Component Browser:
    ./app/login/page.tsx [Client Component Browser]
    ./app/login/page.tsx [Server Component]

  Client Component SSR:
    ./app/login/page.tsx [Client Component SSR]
    ./app/login/page.tsx [Server Component] @ http://localhost:3000/_next/static/chunks/node_modules_next_dist_0u_w_5s._.js:1945
[    3340ms] [ERROR] ./app/login/page.tsx:292:20
Expected '</', got 'jsx text'
  290 |             background: 'linear-gradient(90deg, transparent, rgba(201,169,110,0.4), trans...
  291 |           }} />
> 292 |       </motion.div>
      |                    ^^^^^^^^^^^^^^^^^^^^^^^^^^^^^^^^^^^^^^^^^^^^^^^^^^^^^^^^^^^^^^^^^^^^^^^^^
> 293 |         {/* Logo */}
      | ^^^^^^^^
  294 |         <div style={{ textAlign: 'center', marginBottom: 40 }}>
  295 |           <div style={{
  296 |             width: 48, height: 48, margin: '0 auto 16px',

Parsing ecmascript source code failed

Import traces:
  Client Component Browser:
    ./app/login/page.tsx [Client Component Browser]
    ./app/login/page.tsx [Server Component]

  Client Component SSR:
    ./app/login/page.tsx [Client Component SSR]
    ./app/login/page.tsx [Server Component] @ http://localhost:3000/_next/static/chunks/node_modules_next_dist_0u_w_5s._.js:1945
[    3400ms] [ERROR] ./app/login/page.tsx:292:20
Expected '</', got 'jsx text'
  290 |             background: 'linear-gradient(90deg, transparent, rgba(201,169,110,0.4), trans...
  291 |           }} />
> 292 |       </motion.div>
      |                    ^^^^^^^^^^^^^^^^^^^^^^^^^^^^^^^^^^^^^^^^^^^^^^^^^^^^^^^^^^^^^^^^^^^^^^^^^
> 293 |         {/* Logo */}
      | ^^^^^^^^
  294 |         <div style={{ textAlign: 'center', marginBottom: 40 }}>
  295 |           <div style={{
  296 |             width: 48, height: 48, margin: '0 auto 16px',

Parsing ecmascript source code failed

Import traces:
  Client Component Browser:
    ./app/login/page.tsx [Client Component Browser]
    ./app/login/page.tsx [Server Component]

  Client Component SSR:
    ./app/login/page.tsx [Client Component SSR]
    ./app/login/page.tsx [Server Component] @ http://localhost:3000/_next/static/chunks/node_modules_next_dist_0u_w_5s._.js:1945
[    3464ms] [ERROR] ./app/login/page.tsx:292:20
Expected '</', got 'jsx text'
  290 |             background: 'linear-gradient(90deg, transparent, rgba(201,169,110,0.4), trans...
  291 |           }} />
> 292 |       </motion.div>
      |                    ^^^^^^^^^^^^^^^^^^^^^^^^^^^^^^^^^^^^^^^^^^^^^^^^^^^^^^^^^^^^^^^^^^^^^^^^^
> 293 |         {/* Logo */}
      | ^^^^^^^^
  294 |         <div style={{ textAlign: 'center', marginBottom: 40 }}>
  295 |           <div style={{
  296 |             width: 48, height: 48, margin: '0 auto 16px',

Parsing ecmascript source code failed

Import traces:
  Client Component Browser:
    ./app/login/page.tsx [Client Component Browser]
    ./app/login/page.tsx [Server Component]

  Client Component SSR:
    ./app/login/page.tsx [Client Component SSR]
    ./app/login/page.tsx [Server Component] @ http://localhost:3000/_next/static/chunks/node_modules_next_dist_0u_w_5s._.js:1945
[    3521ms] [ERROR] ./app/login/page.tsx:292:20
Expected '</', got 'jsx text'
  290 |             background: 'linear-gradient(90deg, transparent, rgba(201,169,110,0.4), trans...
  291 |           }} />
> 292 |       </motion.div>
      |                    ^^^^^^^^^^^^^^^^^^^^^^^^^^^^^^^^^^^^^^^^^^^^^^^^^^^^^^^^^^^^^^^^^^^^^^^^^
> 293 |         {/* Logo */}
      | ^^^^^^^^
  294 |         <div style={{ textAlign: 'center', marginBottom: 40 }}>
  295 |           <div style={{
  296 |             width: 48, height: 48, margin: '0 auto 16px',

Parsing ecmascript source code failed

Import traces:
  Client Component Browser:
    ./app/login/page.tsx [Client Component Browser]
    ./app/login/page.tsx [Server Component]

  Client Component SSR:
    ./app/login/page.tsx [Client Component SSR]
    ./app/login/page.tsx [Server Component] @ http://localhost:3000/_next/static/chunks/node_modules_next_dist_0u_w_5s._.js:1945
[    3580ms] [ERROR] ./app/login/page.tsx:292:20
Expected '</', got 'jsx text'
  290 |             background: 'linear-gradient(90deg, transparent, rgba(201,169,110,0.4), trans...
  291 |           }} />
> 292 |       </motion.div>
      |                    ^^^^^^^^^^^^^^^^^^^^^^^^^^^^^^^^^^^^^^^^^^^^^^^^^^^^^^^^^^^^^^^^^^^^^^^^^
> 293 |         {/* Logo */}
      | ^^^^^^^^
  294 |         <div style={{ textAlign: 'center', marginBottom: 40 }}>
  295 |           <div style={{
  296 |             width: 48, height: 48, margin: '0 auto 16px',

Parsing ecmascript source code failed

Import traces:
  Client Component Browser:
    ./app/login/page.tsx [Client Component Browser]
    ./app/login/page.tsx [Server Component]

  Client Component SSR:
    ./app/login/page.tsx [Client Component SSR]
    ./app/login/page.tsx [Server Component] @ http://localhost:3000/_next/static/chunks/node_modules_next_dist_0u_w_5s._.js:1945
[    3637ms] [ERROR] ./app/login/page.tsx:292:20
Expected '</', got 'jsx text'
  290 |             background: 'linear-gradient(90deg, transparent, rgba(201,169,110,0.4), trans...
  291 |           }} />
> 292 |       </motion.div>
      |                    ^^^^^^^^^^^^^^^^^^^^^^^^^^^^^^^^^^^^^^^^^^^^^^^^^^^^^^^^^^^^^^^^^^^^^^^^^
> 293 |         {/* Logo */}
      | ^^^^^^^^
  294 |         <div style={{ textAlign: 'center', marginBottom: 40 }}>
  295 |           <div style={{
  296 |             width: 48, height: 48, margin: '0 auto 16px',

Parsing ecmascript source code failed

Import traces:
  Client Component Browser:
    ./app/login/page.tsx [Client Component Browser]
    ./app/login/page.tsx [Server Component]

  Client Component SSR:
    ./app/login/page.tsx [Client Component SSR]
    ./app/login/page.tsx [Server Component] @ http://localhost:3000/_next/static/chunks/node_modules_next_dist_0u_w_5s._.js:1945
[    3699ms] [ERROR] ./app/login/page.tsx:292:20
Expected '</', got 'jsx text'
  290 |             background: 'linear-gradient(90deg, transparent, rgba(201,169,110,0.4), trans...
  291 |           }} />
> 292 |       </motion.div>
      |                    ^^^^^^^^^^^^^^^^^^^^^^^^^^^^^^^^^^^^^^^^^^^^^^^^^^^^^^^^^^^^^^^^^^^^^^^^^
> 293 |         {/* Logo */}
      | ^^^^^^^^
  294 |         <div style={{ textAlign: 'center', marginBottom: 40 }}>
  295 |           <div style={{
  296 |             width: 48, height: 48, margin: '0 auto 16px',

Parsing ecmascript source code failed

Import traces:
  Client Component Browser:
    ./app/login/page.tsx [Client Component Browser]
    ./app/login/page.tsx [Server Component]

  Client Component SSR:
    ./app/login/page.tsx [Client Component SSR]
    ./app/login/page.tsx [Server Component] @ http://localhost:3000/_next/static/chunks/node_modules_next_dist_0u_w_5s._.js:1945
[    3752ms] [ERROR] ./app/login/page.tsx:292:20
Expected '</', got 'jsx text'
  290 |             background: 'linear-gradient(90deg, transparent, rgba(201,169,110,0.4), trans...
  291 |           }} />
> 292 |       </motion.div>
      |                    ^^^^^^^^^^^^^^^^^^^^^^^^^^^^^^^^^^^^^^^^^^^^^^^^^^^^^^^^^^^^^^^^^^^^^^^^^
> 293 |         {/* Logo */}
      | ^^^^^^^^
  294 |         <div style={{ textAlign: 'center', marginBottom: 40 }}>
  295 |           <div style={{
  296 |             width: 48, height: 48, margin: '0 auto 16px',

Parsing ecmascript source code failed

Import traces:
  Client Component Browser:
    ./app/login/page.tsx [Client Component Browser]
    ./app/login/page.tsx [Server Component]

  Client Component SSR:
    ./app/login/page.tsx [Client Component SSR]
    ./app/login/page.tsx [Server Component] @ http://localhost:3000/_next/static/chunks/node_modules_next_dist_0u_w_5s._.js:1945
[    3812ms] [ERROR] ./app/login/page.tsx:292:20
Expected '</', got 'jsx text'
  290 |             background: 'linear-gradient(90deg, transparent, rgba(201,169,110,0.4), trans...
  291 |           }} />
> 292 |       </motion.div>
      |                    ^^^^^^^^^^^^^^^^^^^^^^^^^^^^^^^^^^^^^^^^^^^^^^^^^^^^^^^^^^^^^^^^^^^^^^^^^
> 293 |         {/* Logo */}
      | ^^^^^^^^
  294 |         <div style={{ textAlign: 'center', marginBottom: 40 }}>
  295 |           <div style={{
  296 |             width: 48, height: 48, margin: '0 auto 16px',

Parsing ecmascript source code failed

Import traces:
  Client Component Browser:
    ./app/login/page.tsx [Client Component Browser]
    ./app/login/page.tsx [Server Component]

  Client Component SSR:
    ./app/login/page.tsx [Client Component SSR]
    ./app/login/page.tsx [Server Component] @ http://localhost:3000/_next/static/chunks/node_modules_next_dist_0u_w_5s._.js:1945
[    3877ms] [ERROR] ./app/login/page.tsx:292:20
Expected '</', got 'jsx text'
  290 |             background: 'linear-gradient(90deg, transparent, rgba(201,169,110,0.4), trans...
  291 |           }} />
> 292 |       </motion.div>
      |                    ^^^^^^^^^^^^^^^^^^^^^^^^^^^^^^^^^^^^^^^^^^^^^^^^^^^^^^^^^^^^^^^^^^^^^^^^^
> 293 |         {/* Logo */}
      | ^^^^^^^^
  294 |         <div style={{ textAlign: 'center', marginBottom: 40 }}>
  295 |           <div style={{
  296 |             width: 48, height: 48, margin: '0 auto 16px',

Parsing ecmascript source code failed

Import traces:
  Client Component Browser:
    ./app/login/page.tsx [Client Component Browser]
    ./app/login/page.tsx [Server Component]

  Client Component SSR:
    ./app/login/page.tsx [Client Component SSR]
    ./app/login/page.tsx [Server Component] @ http://localhost:3000/_next/static/chunks/node_modules_next_dist_0u_w_5s._.js:1945
[    3934ms] [ERROR] ./app/login/page.tsx:292:20
Expected '</', got 'jsx text'
  290 |             background: 'linear-gradient(90deg, transparent, rgba(201,169,110,0.4), trans...
  291 |           }} />
> 292 |       </motion.div>
      |                    ^^^^^^^^^^^^^^^^^^^^^^^^^^^^^^^^^^^^^^^^^^^^^^^^^^^^^^^^^^^^^^^^^^^^^^^^^
> 293 |         {/* Logo */}
      | ^^^^^^^^
  294 |         <div style={{ textAlign: 'center', marginBottom: 40 }}>
  295 |           <div style={{
  296 |             width: 48, height: 48, margin: '0 auto 16px',

Parsing ecmascript source code failed

Import traces:
  Client Component Browser:
    ./app/login/page.tsx [Client Component Browser]
    ./app/login/page.tsx [Server Component]

  Client Component SSR:
    ./app/login/page.tsx [Client Component SSR]
    ./app/login/page.tsx [Server Component] @ http://localhost:3000/_next/static/chunks/node_modules_next_dist_0u_w_5s._.js:1945
[    3994ms] [ERROR] ./app/login/page.tsx:292:20
Expected '</', got 'jsx text'
  290 |             background: 'linear-gradient(90deg, transparent, rgba(201,169,110,0.4), trans...
  291 |           }} />
> 292 |       </motion.div>
      |                    ^^^^^^^^^^^^^^^^^^^^^^^^^^^^^^^^^^^^^^^^^^^^^^^^^^^^^^^^^^^^^^^^^^^^^^^^^
> 293 |         {/* Logo */}
      | ^^^^^^^^
  294 |         <div style={{ textAlign: 'center', marginBottom: 40 }}>
  295 |           <div style={{
  296 |             width: 48, height: 48, margin: '0 auto 16px',

Parsing ecmascript source code failed

Import traces:
  Client Component Browser:
    ./app/login/page.tsx [Client Component Browser]
    ./app/login/page.tsx [Server Component]

  Client Component SSR:
    ./app/login/page.tsx [Client Component SSR]
    ./app/login/page.tsx [Server Component] @ http://localhost:3000/_next/static/chunks/node_modules_next_dist_0u_w_5s._.js:1945
[    4055ms] [ERROR] ./app/login/page.tsx:292:20
Expected '</', got 'jsx text'
  290 |             background: 'linear-gradient(90deg, transparent, rgba(201,169,110,0.4), trans...
  291 |           }} />
> 292 |       </motion.div>
      |                    ^^^^^^^^^^^^^^^^^^^^^^^^^^^^^^^^^^^^^^^^^^^^^^^^^^^^^^^^^^^^^^^^^^^^^^^^^
> 293 |         {/* Logo */}
      | ^^^^^^^^
  294 |         <div style={{ textAlign: 'center', marginBottom: 40 }}>
  295 |           <div style={{
  296 |             width: 48, height: 48, margin: '0 auto 16px',

Parsing ecmascript source code failed

Import traces:
  Client Component Browser:
    ./app/login/page.tsx [Client Component Browser]
    ./app/login/page.tsx [Server Component]

  Client Component SSR:
    ./app/login/page.tsx [Client Component SSR]
    ./app/login/page.tsx [Server Component] @ http://localhost:3000/_next/static/chunks/node_modules_next_dist_0u_w_5s._.js:1945
[    4118ms] [ERROR] ./app/login/page.tsx:292:20
Expected '</', got 'jsx text'
  290 |             background: 'linear-gradient(90deg, transparent, rgba(201,169,110,0.4), trans...
  291 |           }} />
> 292 |       </motion.div>
      |                    ^^^^^^^^^^^^^^^^^^^^^^^^^^^^^^^^^^^^^^^^^^^^^^^^^^^^^^^^^^^^^^^^^^^^^^^^^
> 293 |         {/* Logo */}
      | ^^^^^^^^
  294 |         <div style={{ textAlign: 'center', marginBottom: 40 }}>
  295 |           <div style={{
  296 |             width: 48, height: 48, margin: '0 auto 16px',

Parsing ecmascript source code failed

Import traces:
  Client Component Browser:
    ./app/login/page.tsx [Client Component Browser]
    ./app/login/page.tsx [Server Component]

  Client Component SSR:
    ./app/login/page.tsx [Client Component SSR]
    ./app/login/page.tsx [Server Component] @ http://localhost:3000/_next/static/chunks/node_modules_next_dist_0u_w_5s._.js:1945
[    4172ms] [ERROR] ./app/login/page.tsx:292:20
Expected '</', got 'jsx text'
  290 |             background: 'linear-gradient(90deg, transparent, rgba(201,169,110,0.4), trans...
  291 |           }} />
> 292 |       </motion.div>
      |                    ^^^^^^^^^^^^^^^^^^^^^^^^^^^^^^^^^^^^^^^^^^^^^^^^^^^^^^^^^^^^^^^^^^^^^^^^^
> 293 |         {/* Logo */}
      | ^^^^^^^^
  294 |         <div style={{ textAlign: 'center', marginBottom: 40 }}>
  295 |           <div style={{
  296 |             width: 48, height: 48, margin: '0 auto 16px',

Parsing ecmascript source code failed

Import traces:
  Client Component Browser:
    ./app/login/page.tsx [Client Component Browser]
    ./app/login/page.tsx [Server Component]

  Client Component SSR:
    ./app/login/page.tsx [Client Component SSR]
    ./app/login/page.tsx [Server Component] @ http://localhost:3000/_next/static/chunks/node_modules_next_dist_0u_w_5s._.js:1945
[    4229ms] [ERROR] ./app/login/page.tsx:292:20
Expected '</', got 'jsx text'
  290 |             background: 'linear-gradient(90deg, transparent, rgba(201,169,110,0.4), trans...
  291 |           }} />
> 292 |       </motion.div>
      |                    ^^^^^^^^^^^^^^^^^^^^^^^^^^^^^^^^^^^^^^^^^^^^^^^^^^^^^^^^^^^^^^^^^^^^^^^^^
> 293 |         {/* Logo */}
      | ^^^^^^^^
  294 |         <div style={{ textAlign: 'center', marginBottom: 40 }}>
  295 |           <div style={{
  296 |             width: 48, height: 48, margin: '0 auto 16px',

Parsing ecmascript source code failed

Import traces:
  Client Component Browser:
    ./app/login/page.tsx [Client Component Browser]
    ./app/login/page.tsx [Server Component]

  Client Component SSR:
    ./app/login/page.tsx [Client Component SSR]
    ./app/login/page.tsx [Server Component] @ http://localhost:3000/_next/static/chunks/node_modules_next_dist_0u_w_5s._.js:1945
[    4292ms] [ERROR] ./app/login/page.tsx:292:20
Expected '</', got 'jsx text'
  290 |             background: 'linear-gradient(90deg, transparent, rgba(201,169,110,0.4), trans...
  291 |           }} />
> 292 |       </motion.div>
      |                    ^^^^^^^^^^^^^^^^^^^^^^^^^^^^^^^^^^^^^^^^^^^^^^^^^^^^^^^^^^^^^^^^^^^^^^^^^
> 293 |         {/* Logo */}
      | ^^^^^^^^
  294 |         <div style={{ textAlign: 'center', marginBottom: 40 }}>
  295 |           <div style={{
  296 |             width: 48, height: 48, margin: '0 auto 16px',

Parsing ecmascript source code failed

Import traces:
  Client Component Browser:
    ./app/login/page.tsx [Client Component Browser]
    ./app/login/page.tsx [Server Component]

  Client Component SSR:
    ./app/login/page.tsx [Client Component SSR]
    ./app/login/page.tsx [Server Component] @ http://localhost:3000/_next/static/chunks/node_modules_next_dist_0u_w_5s._.js:1945
[    4353ms] [ERROR] ./app/login/page.tsx:292:20
Expected '</', got 'jsx text'
  290 |             background: 'linear-gradient(90deg, transparent, rgba(201,169,110,0.4), trans...
  291 |           }} />
> 292 |       </motion.div>
      |                    ^^^^^^^^^^^^^^^^^^^^^^^^^^^^^^^^^^^^^^^^^^^^^^^^^^^^^^^^^^^^^^^^^^^^^^^^^
> 293 |         {/* Logo */}
      | ^^^^^^^^
  294 |         <div style={{ textAlign: 'center', marginBottom: 40 }}>
  295 |           <div style={{
  296 |             width: 48, height: 48, margin: '0 auto 16px',

Parsing ecmascript source code failed

Import traces:
  Client Component Browser:
    ./app/login/page.tsx [Client Component Browser]
    ./app/login/page.tsx [Server Component]

  Client Component SSR:
    ./app/login/page.tsx [Client Component SSR]
    ./app/login/page.tsx [Server Component] @ http://localhost:3000/_next/static/chunks/node_modules_next_dist_0u_w_5s._.js:1945
[    4408ms] [ERROR] ./app/login/page.tsx:292:20
Expected '</', got 'jsx text'
  290 |             background: 'linear-gradient(90deg, transparent, rgba(201,169,110,0.4), trans...
  291 |           }} />
> 292 |       </motion.div>
      |                    ^^^^^^^^^^^^^^^^^^^^^^^^^^^^^^^^^^^^^^^^^^^^^^^^^^^^^^^^^^^^^^^^^^^^^^^^^
> 293 |         {/* Logo */}
      | ^^^^^^^^
  294 |         <div style={{ textAlign: 'center', marginBottom: 40 }}>
  295 |           <div style={{
  296 |             width: 48, height: 48, margin: '0 auto 16px',

Parsing ecmascript source code failed

Import traces:
  Client Component Browser:
    ./app/login/page.tsx [Client Component Browser]
    ./app/login/page.tsx [Server Component]

  Client Component SSR:
    ./app/login/page.tsx [Client Component SSR]
    ./app/login/page.tsx [Server Component] @ http://localhost:3000/_next/static/chunks/node_modules_next_dist_0u_w_5s._.js:1945
[    4468ms] [ERROR] ./app/login/page.tsx:292:20
Expected '</', got 'jsx text'
  290 |             background: 'linear-gradient(90deg, transparent, rgba(201,169,110,0.4), trans...
  291 |           }} />
> 292 |       </motion.div>
      |                    ^^^^^^^^^^^^^^^^^^^^^^^^^^^^^^^^^^^^^^^^^^^^^^^^^^^^^^^^^^^^^^^^^^^^^^^^^
> 293 |         {/* Logo */}
      | ^^^^^^^^
  294 |         <div style={{ textAlign: 'center', marginBottom: 40 }}>
  295 |           <div style={{
  296 |             width: 48, height: 48, margin: '0 auto 16px',

Parsing ecmascript source code failed

Import traces:
  Client Component Browser:
    ./app/login/page.tsx [Client Component Browser]
    ./app/login/page.tsx [Server Component]

  Client Component SSR:
    ./app/login/page.tsx [Client Component SSR]
    ./app/login/page.tsx [Server Component] @ http://localhost:3000/_next/static/chunks/node_modules_next_dist_0u_w_5s._.js:1945
[    4524ms] [ERROR] ./app/login/page.tsx:292:20
Expected '</', got 'jsx text'
  290 |             background: 'linear-gradient(90deg, transparent, rgba(201,169,110,0.4), trans...
  291 |           }} />
> 292 |       </motion.div>
      |                    ^^^^^^^^^^^^^^^^^^^^^^^^^^^^^^^^^^^^^^^^^^^^^^^^^^^^^^^^^^^^^^^^^^^^^^^^^
> 293 |         {/* Logo */}
      | ^^^^^^^^
  294 |         <div style={{ textAlign: 'center', marginBottom: 40 }}>
  295 |           <div style={{
  296 |             width: 48, height: 48, margin: '0 auto 16px',

Parsing ecmascript source code failed

Import traces:
  Client Component Browser:
    ./app/login/page.tsx [Client Component Browser]
    ./app/login/page.tsx [Server Component]

  Client Component SSR:
    ./app/login/page.tsx [Client Component SSR]
    ./app/login/page.tsx [Server Component] @ http://localhost:3000/_next/static/chunks/node_modules_next_dist_0u_w_5s._.js:1945
[    4581ms] [ERROR] ./app/login/page.tsx:292:20
Expected '</', got 'jsx text'
  290 |             background: 'linear-gradient(90deg, transparent, rgba(201,169,110,0.4), trans...
  291 |           }} />
> 292 |       </motion.div>
      |                    ^^^^^^^^^^^^^^^^^^^^^^^^^^^^^^^^^^^^^^^^^^^^^^^^^^^^^^^^^^^^^^^^^^^^^^^^^
> 293 |         {/* Logo */}
      | ^^^^^^^^
  294 |         <div style={{ textAlign: 'center', marginBottom: 40 }}>
  295 |           <div style={{
  296 |             width: 48, height: 48, margin: '0 auto 16px',

Parsing ecmascript source code failed

Import traces:
  Client Component Browser:
    ./app/login/page.tsx [Client Component Browser]
    ./app/login/page.tsx [Server Component]

  Client Component SSR:
    ./app/login/page.tsx [Client Component SSR]
    ./app/login/page.tsx [Server Component] @ http://localhost:3000/_next/static/chunks/node_modules_next_dist_0u_w_5s._.js:1945
[    4637ms] [ERROR] ./app/login/page.tsx:292:20
Expected '</', got 'jsx text'
  290 |             background: 'linear-gradient(90deg, transparent, rgba(201,169,110,0.4), trans...
  291 |           }} />
> 292 |       </motion.div>
      |                    ^^^^^^^^^^^^^^^^^^^^^^^^^^^^^^^^^^^^^^^^^^^^^^^^^^^^^^^^^^^^^^^^^^^^^^^^^
> 293 |         {/* Logo */}
      | ^^^^^^^^
  294 |         <div style={{ textAlign: 'center', marginBottom: 40 }}>
  295 |           <div style={{
  296 |             width: 48, height: 48, margin: '0 auto 16px',

Parsing ecmascript source code failed

Import traces:
  Client Component Browser:
    ./app/login/page.tsx [Client Component Browser]
    ./app/login/page.tsx [Server Component]

  Client Component SSR:
    ./app/login/page.tsx [Client Component SSR]
    ./app/login/page.tsx [Server Component] @ http://localhost:3000/_next/static/chunks/node_modules_next_dist_0u_w_5s._.js:1945
[    4702ms] [ERROR] ./app/login/page.tsx:292:20
Expected '</', got 'jsx text'
  290 |             background: 'linear-gradient(90deg, transparent, rgba(201,169,110,0.4), trans...
  291 |           }} />
> 292 |       </motion.div>
      |                    ^^^^^^^^^^^^^^^^^^^^^^^^^^^^^^^^^^^^^^^^^^^^^^^^^^^^^^^^^^^^^^^^^^^^^^^^^
> 293 |         {/* Logo */}
      | ^^^^^^^^
  294 |         <div style={{ textAlign: 'center', marginBottom: 40 }}>
  295 |           <div style={{
  296 |             width: 48, height: 48, margin: '0 auto 16px',

Parsing ecmascript source code failed

Import traces:
  Client Component Browser:
    ./app/login/page.tsx [Client Component Browser]
    ./app/login/page.tsx [Server Component]

  Client Component SSR:
    ./app/login/page.tsx [Client Component SSR]
    ./app/login/page.tsx [Server Component] @ http://localhost:3000/_next/static/chunks/node_modules_next_dist_0u_w_5s._.js:1945
[    4762ms] [ERROR] ./app/login/page.tsx:292:20
Expected '</', got 'jsx text'
  290 |             background: 'linear-gradient(90deg, transparent, rgba(201,169,110,0.4), trans...
  291 |           }} />
> 292 |       </motion.div>
      |                    ^^^^^^^^^^^^^^^^^^^^^^^^^^^^^^^^^^^^^^^^^^^^^^^^^^^^^^^^^^^^^^^^^^^^^^^^^
> 293 |         {/* Logo */}
      | ^^^^^^^^
  294 |         <div style={{ textAlign: 'center', marginBottom: 40 }}>
  295 |           <div style={{
  296 |             width: 48, height: 48, margin: '0 auto 16px',

Parsing ecmascript source code failed

Import traces:
  Client Component Browser:
    ./app/login/page.tsx [Client Component Browser]
    ./app/login/page.tsx [Server Component]

  Client Component SSR:
    ./app/login/page.tsx [Client Component SSR]
    ./app/login/page.tsx [Server Component] @ http://localhost:3000/_next/static/chunks/node_modules_next_dist_0u_w_5s._.js:1945
[    4823ms] [ERROR] ./app/login/page.tsx:292:20
Expected '</', got 'jsx text'
  290 |             background: 'linear-gradient(90deg, transparent, rgba(201,169,110,0.4), trans...
  291 |           }} />
> 292 |       </motion.div>
      |                    ^^^^^^^^^^^^^^^^^^^^^^^^^^^^^^^^^^^^^^^^^^^^^^^^^^^^^^^^^^^^^^^^^^^^^^^^^
> 293 |         {/* Logo */}
      | ^^^^^^^^
  294 |         <div style={{ textAlign: 'center', marginBottom: 40 }}>
  295 |           <div style={{
  296 |             width: 48, height: 48, margin: '0 auto 16px',

Parsing ecmascript source code failed

Import traces:
  Client Component Browser:
    ./app/login/page.tsx [Client Component Browser]
    ./app/login/page.tsx [Server Component]

  Client Component SSR:
    ./app/login/page.tsx [Client Component SSR]
    ./app/login/page.tsx [Server Component] @ http://localhost:3000/_next/static/chunks/node_modules_next_dist_0u_w_5s._.js:1945
[    4882ms] [ERROR] ./app/login/page.tsx:292:20
Expected '</', got 'jsx text'
  290 |             background: 'linear-gradient(90deg, transparent, rgba(201,169,110,0.4), trans...
  291 |           }} />
> 292 |       </motion.div>
      |                    ^^^^^^^^^^^^^^^^^^^^^^^^^^^^^^^^^^^^^^^^^^^^^^^^^^^^^^^^^^^^^^^^^^^^^^^^^
> 293 |         {/* Logo */}
      | ^^^^^^^^
  294 |         <div style={{ textAlign: 'center', marginBottom: 40 }}>
  295 |           <div style={{
  296 |             width: 48, height: 48, margin: '0 auto 16px',

Parsing ecmascript source code failed

Import traces:
  Client Component Browser:
    ./app/login/page.tsx [Client Component Browser]
    ./app/login/page.tsx [Server Component]

  Client Component SSR:
    ./app/login/page.tsx [Client Component SSR]
    ./app/login/page.tsx [Server Component] @ http://localhost:3000/_next/static/chunks/node_modules_next_dist_0u_w_5s._.js:1945
[    4939ms] [ERROR] ./app/login/page.tsx:292:20
Expected '</', got 'jsx text'
  290 |             background: 'linear-gradient(90deg, transparent, rgba(201,169,110,0.4), trans...
  291 |           }} />
> 292 |       </motion.div>
      |                    ^^^^^^^^^^^^^^^^^^^^^^^^^^^^^^^^^^^^^^^^^^^^^^^^^^^^^^^^^^^^^^^^^^^^^^^^^
> 293 |         {/* Logo */}
      | ^^^^^^^^
  294 |         <div style={{ textAlign: 'center', marginBottom: 40 }}>
  295 |           <div style={{
  296 |             width: 48, height: 48, margin: '0 auto 16px',

Parsing ecmascript source code failed

Import traces:
  Client Component Browser:
    ./app/login/page.tsx [Client Component Browser]
    ./app/login/page.tsx [Server Component]

  Client Component SSR:
    ./app/login/page.tsx [Client Component SSR]
    ./app/login/page.tsx [Server Component] @ http://localhost:3000/_next/static/chunks/node_modules_next_dist_0u_w_5s._.js:1945
[    5000ms] [ERROR] ./app/login/page.tsx:292:20
Expected '</', got 'jsx text'
  290 |             background: 'linear-gradient(90deg, transparent, rgba(201,169,110,0.4), trans...
  291 |           }} />
> 292 |       </motion.div>
      |                    ^^^^^^^^^^^^^^^^^^^^^^^^^^^^^^^^^^^^^^^^^^^^^^^^^^^^^^^^^^^^^^^^^^^^^^^^^
> 293 |         {/* Logo */}
      | ^^^^^^^^
  294 |         <div style={{ textAlign: 'center', marginBottom: 40 }}>
  295 |           <div style={{
  296 |             width: 48, height: 48, margin: '0 auto 16px',

Parsing ecmascript source code failed

Import traces:
  Client Component Browser:
    ./app/login/page.tsx [Client Component Browser]
    ./app/login/page.tsx [Server Component]

  Client Component SSR:
    ./app/login/page.tsx [Client Component SSR]
    ./app/login/page.tsx [Server Component] @ http://localhost:3000/_next/static/chunks/node_modules_next_dist_0u_w_5s._.js:1945
[    5059ms] [ERROR] ./app/login/page.tsx:292:20
Expected '</', got 'jsx text'
  290 |             background: 'linear-gradient(90deg, transparent, rgba(201,169,110,0.4), trans...
  291 |           }} />
> 292 |       </motion.div>
      |                    ^^^^^^^^^^^^^^^^^^^^^^^^^^^^^^^^^^^^^^^^^^^^^^^^^^^^^^^^^^^^^^^^^^^^^^^^^
> 293 |         {/* Logo */}
      | ^^^^^^^^
  294 |         <div style={{ textAlign: 'center', marginBottom: 40 }}>
  295 |           <div style={{
  296 |             width: 48, height: 48, margin: '0 auto 16px',

Parsing ecmascript source code failed

Import traces:
  Client Component Browser:
    ./app/login/page.tsx [Client Component Browser]
    ./app/login/page.tsx [Server Component]

  Client Component SSR:
    ./app/login/page.tsx [Client Component SSR]
    ./app/login/page.tsx [Server Component] @ http://localhost:3000/_next/static/chunks/node_modules_next_dist_0u_w_5s._.js:1945
[    5121ms] [ERROR] ./app/login/page.tsx:292:20
Expected '</', got 'jsx text'
  290 |             background: 'linear-gradient(90deg, transparent, rgba(201,169,110,0.4), trans...
  291 |           }} />
> 292 |       </motion.div>
      |                    ^^^^^^^^^^^^^^^^^^^^^^^^^^^^^^^^^^^^^^^^^^^^^^^^^^^^^^^^^^^^^^^^^^^^^^^^^
> 293 |         {/* Logo */}
      | ^^^^^^^^
  294 |         <div style={{ textAlign: 'center', marginBottom: 40 }}>
  295 |           <div style={{
  296 |             width: 48, height: 48, margin: '0 auto 16px',

Parsing ecmascript source code failed

Import traces:
  Client Component Browser:
    ./app/login/page.tsx [Client Component Browser]
    ./app/login/page.tsx [Server Component]

  Client Component SSR:
    ./app/login/page.tsx [Client Component SSR]
    ./app/login/page.tsx [Server Component] @ http://localhost:3000/_next/static/chunks/node_modules_next_dist_0u_w_5s._.js:1945
[    5183ms] [ERROR] ./app/login/page.tsx:292:20
Expected '</', got 'jsx text'
  290 |             background: 'linear-gradient(90deg, transparent, rgba(201,169,110,0.4), trans...
  291 |           }} />
> 292 |       </motion.div>
      |                    ^^^^^^^^^^^^^^^^^^^^^^^^^^^^^^^^^^^^^^^^^^^^^^^^^^^^^^^^^^^^^^^^^^^^^^^^^
> 293 |         {/* Logo */}
      | ^^^^^^^^
  294 |         <div style={{ textAlign: 'center', marginBottom: 40 }}>
  295 |           <div style={{
  296 |             width: 48, height: 48, margin: '0 auto 16px',

Parsing ecmascript source code failed

Import traces:
  Client Component Browser:
    ./app/login/page.tsx [Client Component Browser]
    ./app/login/page.tsx [Server Component]

  Client Component SSR:
    ./app/login/page.tsx [Client Component SSR]
    ./app/login/page.tsx [Server Component] @ http://localhost:3000/_next/static/chunks/node_modules_next_dist_0u_w_5s._.js:1945
[    5242ms] [ERROR] ./app/login/page.tsx:292:20
Expected '</', got 'jsx text'
  290 |             background: 'linear-gradient(90deg, transparent, rgba(201,169,110,0.4), trans...
  291 |           }} />
> 292 |       </motion.div>
      |                    ^^^^^^^^^^^^^^^^^^^^^^^^^^^^^^^^^^^^^^^^^^^^^^^^^^^^^^^^^^^^^^^^^^^^^^^^^
> 293 |         {/* Logo */}
      | ^^^^^^^^
  294 |         <div style={{ textAlign: 'center', marginBottom: 40 }}>
  295 |           <div style={{
  296 |             width: 48, height: 48, margin: '0 auto 16px',

Parsing ecmascript source code failed

Import traces:
  Client Component Browser:
    ./app/login/page.tsx [Client Component Browser]
    ./app/login/page.tsx [Server Component]

  Client Component SSR:
    ./app/login/page.tsx [Client Component SSR]
    ./app/login/page.tsx [Server Component] @ http://localhost:3000/_next/static/chunks/node_modules_next_dist_0u_w_5s._.js:1945
[    5305ms] [ERROR] ./app/login/page.tsx:292:20
Expected '</', got 'jsx text'
  290 |             background: 'linear-gradient(90deg, transparent, rgba(201,169,110,0.4), trans...
  291 |           }} />
> 292 |       </motion.div>
      |                    ^^^^^^^^^^^^^^^^^^^^^^^^^^^^^^^^^^^^^^^^^^^^^^^^^^^^^^^^^^^^^^^^^^^^^^^^^
> 293 |         {/* Logo */}
      | ^^^^^^^^
  294 |         <div style={{ textAlign: 'center', marginBottom: 40 }}>
  295 |           <div style={{
  296 |             width: 48, height: 48, margin: '0 auto 16px',

Parsing ecmascript source code failed

Import traces:
  Client Component Browser:
    ./app/login/page.tsx [Client Component Browser]
    ./app/login/page.tsx [Server Component]

  Client Component SSR:
    ./app/login/page.tsx [Client Component SSR]
    ./app/login/page.tsx [Server Component] @ http://localhost:3000/_next/static/chunks/node_modules_next_dist_0u_w_5s._.js:1945
[    5376ms] [ERROR] ./app/login/page.tsx:292:20
Expected '</', got 'jsx text'
  290 |             background: 'linear-gradient(90deg, transparent, rgba(201,169,110,0.4), trans...
  291 |           }} />
> 292 |       </motion.div>
      |                    ^^^^^^^^^^^^^^^^^^^^^^^^^^^^^^^^^^^^^^^^^^^^^^^^^^^^^^^^^^^^^^^^^^^^^^^^^
> 293 |         {/* Logo */}
      | ^^^^^^^^
  294 |         <div style={{ textAlign: 'center', marginBottom: 40 }}>
  295 |           <div style={{
  296 |             width: 48, height: 48, margin: '0 auto 16px',

Parsing ecmascript source code failed

Import traces:
  Client Component Browser:
    ./app/login/page.tsx [Client Component Browser]
    ./app/login/page.tsx [Server Component]

  Client Component SSR:
    ./app/login/page.tsx [Client Component SSR]
    ./app/login/page.tsx [Server Component] @ http://localhost:3000/_next/static/chunks/node_modules_next_dist_0u_w_5s._.js:1945
[    5424ms] [ERROR] ./app/login/page.tsx:292:20
Expected '</', got 'jsx text'
  290 |             background: 'linear-gradient(90deg, transparent, rgba(201,169,110,0.4), trans...
  291 |           }} />
> 292 |       </motion.div>
      |                    ^^^^^^^^^^^^^^^^^^^^^^^^^^^^^^^^^^^^^^^^^^^^^^^^^^^^^^^^^^^^^^^^^^^^^^^^^
> 293 |         {/* Logo */}
      | ^^^^^^^^
  294 |         <div style={{ textAlign: 'center', marginBottom: 40 }}>
  295 |           <div style={{
  296 |             width: 48, height: 48, margin: '0 auto 16px',

Parsing ecmascript source code failed

Import traces:
  Client Component Browser:
    ./app/login/page.tsx [Client Component Browser]
    ./app/login/page.tsx [Server Component]

  Client Component SSR:
    ./app/login/page.tsx [Client Component SSR]
    ./app/login/page.tsx [Server Component] @ http://localhost:3000/_next/static/chunks/node_modules_next_dist_0u_w_5s._.js:1945
[    5486ms] [ERROR] ./app/login/page.tsx:292:20
Expected '</', got 'jsx text'
  290 |             background: 'linear-gradient(90deg, transparent, rgba(201,169,110,0.4), trans...
  291 |           }} />
> 292 |       </motion.div>
      |                    ^^^^^^^^^^^^^^^^^^^^^^^^^^^^^^^^^^^^^^^^^^^^^^^^^^^^^^^^^^^^^^^^^^^^^^^^^
> 293 |         {/* Logo */}
      | ^^^^^^^^
  294 |         <div style={{ textAlign: 'center', marginBottom: 40 }}>
  295 |           <div style={{
  296 |             width: 48, height: 48, margin: '0 auto 16px',

Parsing ecmascript source code failed

Import traces:
  Client Component Browser:
    ./app/login/page.tsx [Client Component Browser]
    ./app/login/page.tsx [Server Component]

  Client Component SSR:
    ./app/login/page.tsx [Client Component SSR]
    ./app/login/page.tsx [Server Component] @ http://localhost:3000/_next/static/chunks/node_modules_next_dist_0u_w_5s._.js:1945
[    5543ms] [ERROR] ./app/login/page.tsx:292:20
Expected '</', got 'jsx text'
  290 |             background: 'linear-gradient(90deg, transparent, rgba(201,169,110,0.4), trans...
  291 |           }} />
> 292 |       </motion.div>
      |                    ^^^^^^^^^^^^^^^^^^^^^^^^^^^^^^^^^^^^^^^^^^^^^^^^^^^^^^^^^^^^^^^^^^^^^^^^^
> 293 |         {/* Logo */}
      | ^^^^^^^^
  294 |         <div style={{ textAlign: 'center', marginBottom: 40 }}>
  295 |           <div style={{
  296 |             width: 48, height: 48, margin: '0 auto 16px',

Parsing ecmascript source code failed

Import traces:
  Client Component Browser:
    ./app/login/page.tsx [Client Component Browser]
    ./app/login/page.tsx [Server Component]

  Client Component SSR:
    ./app/login/page.tsx [Client Component SSR]
    ./app/login/page.tsx [Server Component] @ http://localhost:3000/_next/static/chunks/node_modules_next_dist_0u_w_5s._.js:1945
[    5600ms] [ERROR] ./app/login/page.tsx:292:20
Expected '</', got 'jsx text'
  290 |             background: 'linear-gradient(90deg, transparent, rgba(201,169,110,0.4), trans...
  291 |           }} />
> 292 |       </motion.div>
      |                    ^^^^^^^^^^^^^^^^^^^^^^^^^^^^^^^^^^^^^^^^^^^^^^^^^^^^^^^^^^^^^^^^^^^^^^^^^
> 293 |         {/* Logo */}
      | ^^^^^^^^
  294 |         <div style={{ textAlign: 'center', marginBottom: 40 }}>
  295 |           <div style={{
  296 |             width: 48, height: 48, margin: '0 auto 16px',

Parsing ecmascript source code failed

Import traces:
  Client Component Browser:
    ./app/login/page.tsx [Client Component Browser]
    ./app/login/page.tsx [Server Component]

  Client Component SSR:
    ./app/login/page.tsx [Client Component SSR]
    ./app/login/page.tsx [Server Component] @ http://localhost:3000/_next/static/chunks/node_modules_next_dist_0u_w_5s._.js:1945
[    5657ms] [ERROR] ./app/login/page.tsx:292:20
Expected '</', got 'jsx text'
  290 |             background: 'linear-gradient(90deg, transparent, rgba(201,169,110,0.4), trans...
  291 |           }} />
> 292 |       </motion.div>
      |                    ^^^^^^^^^^^^^^^^^^^^^^^^^^^^^^^^^^^^^^^^^^^^^^^^^^^^^^^^^^^^^^^^^^^^^^^^^
> 293 |         {/* Logo */}
      | ^^^^^^^^
  294 |         <div style={{ textAlign: 'center', marginBottom: 40 }}>
  295 |           <div style={{
  296 |             width: 48, height: 48, margin: '0 auto 16px',

Parsing ecmascript source code failed

Import traces:
  Client Component Browser:
    ./app/login/page.tsx [Client Component Browser]
    ./app/login/page.tsx [Server Component]

  Client Component SSR:
    ./app/login/page.tsx [Client Component SSR]
    ./app/login/page.tsx [Server Component] @ http://localhost:3000/_next/static/chunks/node_modules_next_dist_0u_w_5s._.js:1945
[    5743ms] [ERROR] ./app/login/page.tsx:292:20
Expected '</', got 'jsx text'
  290 |             background: 'linear-gradient(90deg, transparent, rgba(201,169,110,0.4), trans...
  291 |           }} />
> 292 |       </motion.div>
      |                    ^^^^^^^^^^^^^^^^^^^^^^^^^^^^^^^^^^^^^^^^^^^^^^^^^^^^^^^^^^^^^^^^^^^^^^^^^
> 293 |         {/* Logo */}
      | ^^^^^^^^
  294 |         <div style={{ textAlign: 'center', marginBottom: 40 }}>
  295 |           <div style={{
  296 |             width: 48, height: 48, margin: '0 auto 16px',

Parsing ecmascript source code failed

Import traces:
  Client Component Browser:
    ./app/login/page.tsx [Client Component Browser]
    ./app/login/page.tsx [Server Component]

  Client Component SSR:
    ./app/login/page.tsx [Client Component SSR]
    ./app/login/page.tsx [Server Component] @ http://localhost:3000/_next/static/chunks/node_modules_next_dist_0u_w_5s._.js:1945
[    5808ms] [ERROR] ./app/login/page.tsx:292:20
Expected '</', got 'jsx text'
  290 |             background: 'linear-gradient(90deg, transparent, rgba(201,169,110,0.4), trans...
  291 |           }} />
> 292 |       </motion.div>
      |                    ^^^^^^^^^^^^^^^^^^^^^^^^^^^^^^^^^^^^^^^^^^^^^^^^^^^^^^^^^^^^^^^^^^^^^^^^^
> 293 |         {/* Logo */}
      | ^^^^^^^^
  294 |         <div style={{ textAlign: 'center', marginBottom: 40 }}>
  295 |           <div style={{
  296 |             width: 48, height: 48, margin: '0 auto 16px',

Parsing ecmascript source code failed

Import traces:
  Client Component Browser:
    ./app/login/page.tsx [Client Component Browser]
    ./app/login/page.tsx [Server Component]

  Client Component SSR:
    ./app/login/page.tsx [Client Component SSR]
    ./app/login/page.tsx [Server Component] @ http://localhost:3000/_next/static/chunks/node_modules_next_dist_0u_w_5s._.js:1945
[    5868ms] [ERROR] ./app/login/page.tsx:292:20
Expected '</', got 'jsx text'
  290 |             background: 'linear-gradient(90deg, transparent, rgba(201,169,110,0.4), trans...
  291 |           }} />
> 292 |       </motion.div>
      |                    ^^^^^^^^^^^^^^^^^^^^^^^^^^^^^^^^^^^^^^^^^^^^^^^^^^^^^^^^^^^^^^^^^^^^^^^^^
> 293 |         {/* Logo */}
      | ^^^^^^^^
  294 |         <div style={{ textAlign: 'center', marginBottom: 40 }}>
  295 |           <div style={{
  296 |             width: 48, height: 48, margin: '0 auto 16px',

Parsing ecmascript source code failed

Import traces:
  Client Component Browser:
    ./app/login/page.tsx [Client Component Browser]
    ./app/login/page.tsx [Server Component]

  Client Component SSR:
    ./app/login/page.tsx [Client Component SSR]
    ./app/login/page.tsx [Server Component] @ http://localhost:3000/_next/static/chunks/node_modules_next_dist_0u_w_5s._.js:1945
[    5927ms] [ERROR] ./app/login/page.tsx:292:20
Expected '</', got 'jsx text'
  290 |             background: 'linear-gradient(90deg, transparent, rgba(201,169,110,0.4), trans...
  291 |           }} />
> 292 |       </motion.div>
      |                    ^^^^^^^^^^^^^^^^^^^^^^^^^^^^^^^^^^^^^^^^^^^^^^^^^^^^^^^^^^^^^^^^^^^^^^^^^
> 293 |         {/* Logo */}
      | ^^^^^^^^
  294 |         <div style={{ textAlign: 'center', marginBottom: 40 }}>
  295 |           <div style={{
  296 |             width: 48, height: 48, margin: '0 auto 16px',

Parsing ecmascript source code failed

Import traces:
  Client Component Browser:
    ./app/login/page.tsx [Client Component Browser]
    ./app/login/page.tsx [Server Component]

  Client Component SSR:
    ./app/login/page.tsx [Client Component SSR]
    ./app/login/page.tsx [Server Component] @ http://localhost:3000/_next/static/chunks/node_modules_next_dist_0u_w_5s._.js:1945
[    5987ms] [ERROR] ./app/login/page.tsx:292:20
Expected '</', got 'jsx text'
  290 |             background: 'linear-gradient(90deg, transparent, rgba(201,169,110,0.4), trans...
  291 |           }} />
> 292 |       </motion.div>
      |                    ^^^^^^^^^^^^^^^^^^^^^^^^^^^^^^^^^^^^^^^^^^^^^^^^^^^^^^^^^^^^^^^^^^^^^^^^^
> 293 |         {/* Logo */}
      | ^^^^^^^^
  294 |         <div style={{ textAlign: 'center', marginBottom: 40 }}>
  295 |           <div style={{
  296 |             width: 48, height: 48, margin: '0 auto 16px',

Parsing ecmascript source code failed

Import traces:
  Client Component Browser:
    ./app/login/page.tsx [Client Component Browser]
    ./app/login/page.tsx [Server Component]

  Client Component SSR:
    ./app/login/page.tsx [Client Component SSR]
    ./app/login/page.tsx [Server Component] @ http://localhost:3000/_next/static/chunks/node_modules_next_dist_0u_w_5s._.js:1945
[    6049ms] [ERROR] ./app/login/page.tsx:292:20
Expected '</', got 'jsx text'
  290 |             background: 'linear-gradient(90deg, transparent, rgba(201,169,110,0.4), trans...
  291 |           }} />
> 292 |       </motion.div>
      |                    ^^^^^^^^^^^^^^^^^^^^^^^^^^^^^^^^^^^^^^^^^^^^^^^^^^^^^^^^^^^^^^^^^^^^^^^^^
> 293 |         {/* Logo */}
      | ^^^^^^^^
  294 |         <div style={{ textAlign: 'center', marginBottom: 40 }}>
  295 |           <div style={{
  296 |             width: 48, height: 48, margin: '0 auto 16px',

Parsing ecmascript source code failed

Import traces:
  Client Component Browser:
    ./app/login/page.tsx [Client Component Browser]
    ./app/login/page.tsx [Server Component]

  Client Component SSR:
    ./app/login/page.tsx [Client Component SSR]
    ./app/login/page.tsx [Server Component] @ http://localhost:3000/_next/static/chunks/node_modules_next_dist_0u_w_5s._.js:1945
[    6108ms] [ERROR] ./app/login/page.tsx:292:20
Expected '</', got 'jsx text'
  290 |             background: 'linear-gradient(90deg, transparent, rgba(201,169,110,0.4), trans...
  291 |           }} />
> 292 |       </motion.div>
      |                    ^^^^^^^^^^^^^^^^^^^^^^^^^^^^^^^^^^^^^^^^^^^^^^^^^^^^^^^^^^^^^^^^^^^^^^^^^
> 293 |         {/* Logo */}
      | ^^^^^^^^
  294 |         <div style={{ textAlign: 'center', marginBottom: 40 }}>
  295 |           <div style={{
  296 |             width: 48, height: 48, margin: '0 auto 16px',

Parsing ecmascript source code failed

Import traces:
  Client Component Browser:
    ./app/login/page.tsx [Client Component Browser]
    ./app/login/page.tsx [Server Component]

  Client Component SSR:
    ./app/login/page.tsx [Client Component SSR]
    ./app/login/page.tsx [Server Component] @ http://localhost:3000/_next/static/chunks/node_modules_next_dist_0u_w_5s._.js:1945
[    6167ms] [ERROR] ./app/login/page.tsx:292:20
Expected '</', got 'jsx text'
  290 |             background: 'linear-gradient(90deg, transparent, rgba(201,169,110,0.4), trans...
  291 |           }} />
> 292 |       </motion.div>
      |                    ^^^^^^^^^^^^^^^^^^^^^^^^^^^^^^^^^^^^^^^^^^^^^^^^^^^^^^^^^^^^^^^^^^^^^^^^^
> 293 |         {/* Logo */}
      | ^^^^^^^^
  294 |         <div style={{ textAlign: 'center', marginBottom: 40 }}>
  295 |           <div style={{
  296 |             width: 48, height: 48, margin: '0 auto 16px',

Parsing ecmascript source code failed

Import traces:
  Client Component Browser:
    ./app/login/page.tsx [Client Component Browser]
    ./app/login/page.tsx [Server Component]

  Client Component SSR:
    ./app/login/page.tsx [Client Component SSR]
    ./app/login/page.tsx [Server Component] @ http://localhost:3000/_next/static/chunks/node_modules_next_dist_0u_w_5s._.js:1945
[    6226ms] [ERROR] ./app/login/page.tsx:292:20
Expected '</', got 'jsx text'
  290 |             background: 'linear-gradient(90deg, transparent, rgba(201,169,110,0.4), trans...
  291 |           }} />
> 292 |       </motion.div>
      |                    ^^^^^^^^^^^^^^^^^^^^^^^^^^^^^^^^^^^^^^^^^^^^^^^^^^^^^^^^^^^^^^^^^^^^^^^^^
> 293 |         {/* Logo */}
      | ^^^^^^^^
  294 |         <div style={{ textAlign: 'center', marginBottom: 40 }}>
  295 |           <div style={{
  296 |             width: 48, height: 48, margin: '0 auto 16px',

Parsing ecmascript source code failed

Import traces:
  Client Component Browser:
    ./app/login/page.tsx [Client Component Browser]
    ./app/login/page.tsx [Server Component]

  Client Component SSR:
    ./app/login/page.tsx [Client Component SSR]
    ./app/login/page.tsx [Server Component] @ http://localhost:3000/_next/static/chunks/node_modules_next_dist_0u_w_5s._.js:1945
[    6288ms] [ERROR] ./app/login/page.tsx:292:20
Expected '</', got 'jsx text'
  290 |             background: 'linear-gradient(90deg, transparent, rgba(201,169,110,0.4), trans...
  291 |           }} />
> 292 |       </motion.div>
      |                    ^^^^^^^^^^^^^^^^^^^^^^^^^^^^^^^^^^^^^^^^^^^^^^^^^^^^^^^^^^^^^^^^^^^^^^^^^
> 293 |         {/* Logo */}
      | ^^^^^^^^
  294 |         <div style={{ textAlign: 'center', marginBottom: 40 }}>
  295 |           <div style={{
  296 |             width: 48, height: 48, margin: '0 auto 16px',

Parsing ecmascript source code failed

Import traces:
  Client Component Browser:
    ./app/login/page.tsx [Client Component Browser]
    ./app/login/page.tsx [Server Component]

  Client Component SSR:
    ./app/login/page.tsx [Client Component SSR]
    ./app/login/page.tsx [Server Component] @ http://localhost:3000/_next/static/chunks/node_modules_next_dist_0u_w_5s._.js:1945
[    6350ms] [ERROR] ./app/login/page.tsx:292:20
Expected '</', got 'jsx text'
  290 |             background: 'linear-gradient(90deg, transparent, rgba(201,169,110,0.4), trans...
  291 |           }} />
> 292 |       </motion.div>
      |                    ^^^^^^^^^^^^^^^^^^^^^^^^^^^^^^^^^^^^^^^^^^^^^^^^^^^^^^^^^^^^^^^^^^^^^^^^^
> 293 |         {/* Logo */}
      | ^^^^^^^^
  294 |         <div style={{ textAlign: 'center', marginBottom: 40 }}>
  295 |           <div style={{
  296 |             width: 48, height: 48, margin: '0 auto 16px',

Parsing ecmascript source code failed

Import traces:
  Client Component Browser:
    ./app/login/page.tsx [Client Component Browser]
    ./app/login/page.tsx [Server Component]

  Client Component SSR:
    ./app/login/page.tsx [Client Component SSR]
    ./app/login/page.tsx [Server Component] @ http://localhost:3000/_next/static/chunks/node_modules_next_dist_0u_w_5s._.js:1945
[    6406ms] [ERROR] ./app/login/page.tsx:292:20
Expected '</', got 'jsx text'
  290 |             background: 'linear-gradient(90deg, transparent, rgba(201,169,110,0.4), trans...
  291 |           }} />
> 292 |       </motion.div>
      |                    ^^^^^^^^^^^^^^^^^^^^^^^^^^^^^^^^^^^^^^^^^^^^^^^^^^^^^^^^^^^^^^^^^^^^^^^^^
> 293 |         {/* Logo */}
      | ^^^^^^^^
  294 |         <div style={{ textAlign: 'center', marginBottom: 40 }}>
  295 |           <div style={{
  296 |             width: 48, height: 48, margin: '0 auto 16px',

Parsing ecmascript source code failed

Import traces:
  Client Component Browser:
    ./app/login/page.tsx [Client Component Browser]
    ./app/login/page.tsx [Server Component]

  Client Component SSR:
    ./app/login/page.tsx [Client Component SSR]
    ./app/login/page.tsx [Server Component] @ http://localhost:3000/_next/static/chunks/node_modules_next_dist_0u_w_5s._.js:1945
[    6469ms] [ERROR] ./app/login/page.tsx:292:20
Expected '</', got 'jsx text'
  290 |             background: 'linear-gradient(90deg, transparent, rgba(201,169,110,0.4), trans...
  291 |           }} />
> 292 |       </motion.div>
      |                    ^^^^^^^^^^^^^^^^^^^^^^^^^^^^^^^^^^^^^^^^^^^^^^^^^^^^^^^^^^^^^^^^^^^^^^^^^
> 293 |         {/* Logo */}
      | ^^^^^^^^
  294 |         <div style={{ textAlign: 'center', marginBottom: 40 }}>
  295 |           <div style={{
  296 |             width: 48, height: 48, margin: '0 auto 16px',

Parsing ecmascript source code failed

Import traces:
  Client Component Browser:
    ./app/login/page.tsx [Client Component Browser]
    ./app/login/page.tsx [Server Component]

  Client Component SSR:
    ./app/login/page.tsx [Client Component SSR]
    ./app/login/page.tsx [Server Component] @ http://localhost:3000/_next/static/chunks/node_modules_next_dist_0u_w_5s._.js:1945
[    6527ms] [ERROR] ./app/login/page.tsx:292:20
Expected '</', got 'jsx text'
  290 |             background: 'linear-gradient(90deg, transparent, rgba(201,169,110,0.4), trans...
  291 |           }} />
> 292 |       </motion.div>
      |                    ^^^^^^^^^^^^^^^^^^^^^^^^^^^^^^^^^^^^^^^^^^^^^^^^^^^^^^^^^^^^^^^^^^^^^^^^^
> 293 |         {/* Logo */}
      | ^^^^^^^^
  294 |         <div style={{ textAlign: 'center', marginBottom: 40 }}>
  295 |           <div style={{
  296 |             width: 48, height: 48, margin: '0 auto 16px',

Parsing ecmascript source code failed

Import traces:
  Client Component Browser:
    ./app/login/page.tsx [Client Component Browser]
    ./app/login/page.tsx [Server Component]

  Client Component SSR:
    ./app/login/page.tsx [Client Component SSR]
    ./app/login/page.tsx [Server Component] @ http://localhost:3000/_next/static/chunks/node_modules_next_dist_0u_w_5s._.js:1945
[    6592ms] [ERROR] ./app/login/page.tsx:292:20
Expected '</', got 'jsx text'
  290 |             background: 'linear-gradient(90deg, transparent, rgba(201,169,110,0.4), trans...
  291 |           }} />
> 292 |       </motion.div>
      |                    ^^^^^^^^^^^^^^^^^^^^^^^^^^^^^^^^^^^^^^^^^^^^^^^^^^^^^^^^^^^^^^^^^^^^^^^^^
> 293 |         {/* Logo */}
      | ^^^^^^^^
  294 |         <div style={{ textAlign: 'center', marginBottom: 40 }}>
  295 |           <div style={{
  296 |             width: 48, height: 48, margin: '0 auto 16px',

Parsing ecmascript source code failed

Import traces:
  Client Component Browser:
    ./app/login/page.tsx [Client Component Browser]
    ./app/login/page.tsx [Server Component]

  Client Component SSR:
    ./app/login/page.tsx [Client Component SSR]
    ./app/login/page.tsx [Server Component] @ http://localhost:3000/_next/static/chunks/node_modules_next_dist_0u_w_5s._.js:1945
[    6648ms] [ERROR] ./app/login/page.tsx:292:20
Expected '</', got 'jsx text'
  290 |             background: 'linear-gradient(90deg, transparent, rgba(201,169,110,0.4), trans...
  291 |           }} />
> 292 |       </motion.div>
      |                    ^^^^^^^^^^^^^^^^^^^^^^^^^^^^^^^^^^^^^^^^^^^^^^^^^^^^^^^^^^^^^^^^^^^^^^^^^
> 293 |         {/* Logo */}
      | ^^^^^^^^
  294 |         <div style={{ textAlign: 'center', marginBottom: 40 }}>
  295 |           <div style={{
  296 |             width: 48, height: 48, margin: '0 auto 16px',

Parsing ecmascript source code failed

Import traces:
  Client Component Browser:
    ./app/login/page.tsx [Client Component Browser]
    ./app/login/page.tsx [Server Component]

  Client Component SSR:
    ./app/login/page.tsx [Client Component SSR]
    ./app/login/page.tsx [Server Component] @ http://localhost:3000/_next/static/chunks/node_modules_next_dist_0u_w_5s._.js:1945
[    6708ms] [ERROR] ./app/login/page.tsx:292:20
Expected '</', got 'jsx text'
  290 |             background: 'linear-gradient(90deg, transparent, rgba(201,169,110,0.4), trans...
  291 |           }} />
> 292 |       </motion.div>
      |                    ^^^^^^^^^^^^^^^^^^^^^^^^^^^^^^^^^^^^^^^^^^^^^^^^^^^^^^^^^^^^^^^^^^^^^^^^^
> 293 |         {/* Logo */}
      | ^^^^^^^^
  294 |         <div style={{ textAlign: 'center', marginBottom: 40 }}>
  295 |           <div style={{
  296 |             width: 48, height: 48, margin: '0 auto 16px',

Parsing ecmascript source code failed

Import traces:
  Client Component Browser:
    ./app/login/page.tsx [Client Component Browser]
    ./app/login/page.tsx [Server Component]

  Client Component SSR:
    ./app/login/page.tsx [Client Component SSR]
    ./app/login/page.tsx [Server Component] @ http://localhost:3000/_next/static/chunks/node_modules_next_dist_0u_w_5s._.js:1945
[    6765ms] [ERROR] ./app/login/page.tsx:292:20
Expected '</', got 'jsx text'
  290 |             background: 'linear-gradient(90deg, transparent, rgba(201,169,110,0.4), trans...
  291 |           }} />
> 292 |       </motion.div>
      |                    ^^^^^^^^^^^^^^^^^^^^^^^^^^^^^^^^^^^^^^^^^^^^^^^^^^^^^^^^^^^^^^^^^^^^^^^^^
> 293 |         {/* Logo */}
      | ^^^^^^^^
  294 |         <div style={{ textAlign: 'center', marginBottom: 40 }}>
  295 |           <div style={{
  296 |             width: 48, height: 48, margin: '0 auto 16px',

Parsing ecmascript source code failed

Import traces:
  Client Component Browser:
    ./app/login/page.tsx [Client Component Browser]
    ./app/login/page.tsx [Server Component]

  Client Component SSR:
    ./app/login/page.tsx [Client Component SSR]
    ./app/login/page.tsx [Server Component] @ http://localhost:3000/_next/static/chunks/node_modules_next_dist_0u_w_5s._.js:1945
[    6827ms] [ERROR] ./app/login/page.tsx:292:20
Expected '</', got 'jsx text'
  290 |             background: 'linear-gradient(90deg, transparent, rgba(201,169,110,0.4), trans...
  291 |           }} />
> 292 |       </motion.div>
      |                    ^^^^^^^^^^^^^^^^^^^^^^^^^^^^^^^^^^^^^^^^^^^^^^^^^^^^^^^^^^^^^^^^^^^^^^^^^
> 293 |         {/* Logo */}
      | ^^^^^^^^
  294 |         <div style={{ textAlign: 'center', marginBottom: 40 }}>
  295 |           <div style={{
  296 |             width: 48, height: 48, margin: '0 auto 16px',

Parsing ecmascript source code failed

Import traces:
  Client Component Browser:
    ./app/login/page.tsx [Client Component Browser]
    ./app/login/page.tsx [Server Component]

  Client Component SSR:
    ./app/login/page.tsx [Client Component SSR]
    ./app/login/page.tsx [Server Component] @ http://localhost:3000/_next/static/chunks/node_modules_next_dist_0u_w_5s._.js:1945
[    6892ms] [ERROR] ./app/login/page.tsx:292:20
Expected '</', got 'jsx text'
  290 |             background: 'linear-gradient(90deg, transparent, rgba(201,169,110,0.4), trans...
  291 |           }} />
> 292 |       </motion.div>
      |                    ^^^^^^^^^^^^^^^^^^^^^^^^^^^^^^^^^^^^^^^^^^^^^^^^^^^^^^^^^^^^^^^^^^^^^^^^^
> 293 |         {/* Logo */}
      | ^^^^^^^^
  294 |         <div style={{ textAlign: 'center', marginBottom: 40 }}>
  295 |           <div style={{
  296 |             width: 48, height: 48, margin: '0 auto 16px',

Parsing ecmascript source code failed

Import traces:
  Client Component Browser:
    ./app/login/page.tsx [Client Component Browser]
    ./app/login/page.tsx [Server Component]

  Client Component SSR:
    ./app/login/page.tsx [Client Component SSR]
    ./app/login/page.tsx [Server Component] @ http://localhost:3000/_next/static/chunks/node_modules_next_dist_0u_w_5s._.js:1945
[    6953ms] [ERROR] ./app/login/page.tsx:292:20
Expected '</', got 'jsx text'
  290 |             background: 'linear-gradient(90deg, transparent, rgba(201,169,110,0.4), trans...
  291 |           }} />
> 292 |       </motion.div>
      |                    ^^^^^^^^^^^^^^^^^^^^^^^^^^^^^^^^^^^^^^^^^^^^^^^^^^^^^^^^^^^^^^^^^^^^^^^^^
> 293 |         {/* Logo */}
      | ^^^^^^^^
  294 |         <div style={{ textAlign: 'center', marginBottom: 40 }}>
  295 |           <div style={{
  296 |             width: 48, height: 48, margin: '0 auto 16px',

Parsing ecmascript source code failed

Import traces:
  Client Component Browser:
    ./app/login/page.tsx [Client Component Browser]
    ./app/login/page.tsx [Server Component]

  Client Component SSR:
    ./app/login/page.tsx [Client Component SSR]
    ./app/login/page.tsx [Server Component] @ http://localhost:3000/_next/static/chunks/node_modules_next_dist_0u_w_5s._.js:1945
[    7011ms] [ERROR] ./app/login/page.tsx:292:20
Expected '</', got 'jsx text'
  290 |             background: 'linear-gradient(90deg, transparent, rgba(201,169,110,0.4), trans...
  291 |           }} />
> 292 |       </motion.div>
      |                    ^^^^^^^^^^^^^^^^^^^^^^^^^^^^^^^^^^^^^^^^^^^^^^^^^^^^^^^^^^^^^^^^^^^^^^^^^
> 293 |         {/* Logo */}
      | ^^^^^^^^
  294 |         <div style={{ textAlign: 'center', marginBottom: 40 }}>
  295 |           <div style={{
  296 |             width: 48, height: 48, margin: '0 auto 16px',

Parsing ecmascript source code failed

Import traces:
  Client Component Browser:
    ./app/login/page.tsx [Client Component Browser]
    ./app/login/page.tsx [Server Component]

  Client Component SSR:
    ./app/login/page.tsx [Client Component SSR]
    ./app/login/page.tsx [Server Component] @ http://localhost:3000/_next/static/chunks/node_modules_next_dist_0u_w_5s._.js:1945
[    7071ms] [ERROR] ./app/login/page.tsx:292:20
Expected '</', got 'jsx text'
  290 |             background: 'linear-gradient(90deg, transparent, rgba(201,169,110,0.4), trans...
  291 |           }} />
> 292 |       </motion.div>
      |                    ^^^^^^^^^^^^^^^^^^^^^^^^^^^^^^^^^^^^^^^^^^^^^^^^^^^^^^^^^^^^^^^^^^^^^^^^^
> 293 |         {/* Logo */}
      | ^^^^^^^^
  294 |         <div style={{ textAlign: 'center', marginBottom: 40 }}>
  295 |           <div style={{
  296 |             width: 48, height: 48, margin: '0 auto 16px',

Parsing ecmascript source code failed

Import traces:
  Client Component Browser:
    ./app/login/page.tsx [Client Component Browser]
    ./app/login/page.tsx [Server Component]

  Client Component SSR:
    ./app/login/page.tsx [Client Component SSR]
    ./app/login/page.tsx [Server Component] @ http://localhost:3000/_next/static/chunks/node_modules_next_dist_0u_w_5s._.js:1945
[    7134ms] [ERROR] ./app/login/page.tsx:292:20
Expected '</', got 'jsx text'
  290 |             background: 'linear-gradient(90deg, transparent, rgba(201,169,110,0.4), trans...
  291 |           }} />
> 292 |       </motion.div>
      |                    ^^^^^^^^^^^^^^^^^^^^^^^^^^^^^^^^^^^^^^^^^^^^^^^^^^^^^^^^^^^^^^^^^^^^^^^^^
> 293 |         {/* Logo */}
      | ^^^^^^^^
  294 |         <div style={{ textAlign: 'center', marginBottom: 40 }}>
  295 |           <div style={{
  296 |             width: 48, height: 48, margin: '0 auto 16px',

Parsing ecmascript source code failed

Import traces:
  Client Component Browser:
    ./app/login/page.tsx [Client Component Browser]
    ./app/login/page.tsx [Server Component]

  Client Component SSR:
    ./app/login/page.tsx [Client Component SSR]
    ./app/login/page.tsx [Server Component] @ http://localhost:3000/_next/static/chunks/node_modules_next_dist_0u_w_5s._.js:1945
[    7190ms] [ERROR] ./app/login/page.tsx:292:20
Expected '</', got 'jsx text'
  290 |             background: 'linear-gradient(90deg, transparent, rgba(201,169,110,0.4), trans...
  291 |           }} />
> 292 |       </motion.div>
      |                    ^^^^^^^^^^^^^^^^^^^^^^^^^^^^^^^^^^^^^^^^^^^^^^^^^^^^^^^^^^^^^^^^^^^^^^^^^
> 293 |         {/* Logo */}
      | ^^^^^^^^
  294 |         <div style={{ textAlign: 'center', marginBottom: 40 }}>
  295 |           <div style={{
  296 |             width: 48, height: 48, margin: '0 auto 16px',

Parsing ecmascript source code failed

Import traces:
  Client Component Browser:
    ./app/login/page.tsx [Client Component Browser]
    ./app/login/page.tsx [Server Component]

  Client Component SSR:
    ./app/login/page.tsx [Client Component SSR]
    ./app/login/page.tsx [Server Component] @ http://localhost:3000/_next/static/chunks/node_modules_next_dist_0u_w_5s._.js:1945
[    7251ms] [ERROR] ./app/login/page.tsx:292:20
Expected '</', got 'jsx text'
  290 |             background: 'linear-gradient(90deg, transparent, rgba(201,169,110,0.4), trans...
  291 |           }} />
> 292 |       </motion.div>
      |                    ^^^^^^^^^^^^^^^^^^^^^^^^^^^^^^^^^^^^^^^^^^^^^^^^^^^^^^^^^^^^^^^^^^^^^^^^^
> 293 |         {/* Logo */}
      | ^^^^^^^^
  294 |         <div style={{ textAlign: 'center', marginBottom: 40 }}>
  295 |           <div style={{
  296 |             width: 48, height: 48, margin: '0 auto 16px',

Parsing ecmascript source code failed

Import traces:
  Client Component Browser:
    ./app/login/page.tsx [Client Component Browser]
    ./app/login/page.tsx [Server Component]

  Client Component SSR:
    ./app/login/page.tsx [Client Component SSR]
    ./app/login/page.tsx [Server Component] @ http://localhost:3000/_next/static/chunks/node_modules_next_dist_0u_w_5s._.js:1945
[    7314ms] [ERROR] ./app/login/page.tsx:292:20
Expected '</', got 'jsx text'
  290 |             background: 'linear-gradient(90deg, transparent, rgba(201,169,110,0.4), trans...
  291 |           }} />
> 292 |       </motion.div>
      |                    ^^^^^^^^^^^^^^^^^^^^^^^^^^^^^^^^^^^^^^^^^^^^^^^^^^^^^^^^^^^^^^^^^^^^^^^^^
> 293 |         {/* Logo */}
      | ^^^^^^^^
  294 |         <div style={{ textAlign: 'center', marginBottom: 40 }}>
  295 |           <div style={{
  296 |             width: 48, height: 48, margin: '0 auto 16px',

Parsing ecmascript source code failed

Import traces:
  Client Component Browser:
    ./app/login/page.tsx [Client Component Browser]
    ./app/login/page.tsx [Server Component]

  Client Component SSR:
    ./app/login/page.tsx [Client Component SSR]
    ./app/login/page.tsx [Server Component] @ http://localhost:3000/_next/static/chunks/node_modules_next_dist_0u_w_5s._.js:1945
[    7373ms] [ERROR] ./app/login/page.tsx:292:20
Expected '</', got 'jsx text'
  290 |             background: 'linear-gradient(90deg, transparent, rgba(201,169,110,0.4), trans...
  291 |           }} />
> 292 |       </motion.div>
      |                    ^^^^^^^^^^^^^^^^^^^^^^^^^^^^^^^^^^^^^^^^^^^^^^^^^^^^^^^^^^^^^^^^^^^^^^^^^
> 293 |         {/* Logo */}
      | ^^^^^^^^
  294 |         <div style={{ textAlign: 'center', marginBottom: 40 }}>
  295 |           <div style={{
  296 |             width: 48, height: 48, margin: '0 auto 16px',

Parsing ecmascript source code failed

Import traces:
  Client Component Browser:
    ./app/login/page.tsx [Client Component Browser]
    ./app/login/page.tsx [Server Component]

  Client Component SSR:
    ./app/login/page.tsx [Client Component SSR]
    ./app/login/page.tsx [Server Component] @ http://localhost:3000/_next/static/chunks/node_modules_next_dist_0u_w_5s._.js:1945
[    7433ms] [ERROR] ./app/login/page.tsx:292:20
Expected '</', got 'jsx text'
  290 |             background: 'linear-gradient(90deg, transparent, rgba(201,169,110,0.4), trans...
  291 |           }} />
> 292 |       </motion.div>
      |                    ^^^^^^^^^^^^^^^^^^^^^^^^^^^^^^^^^^^^^^^^^^^^^^^^^^^^^^^^^^^^^^^^^^^^^^^^^
> 293 |         {/* Logo */}
      | ^^^^^^^^
  294 |         <div style={{ textAlign: 'center', marginBottom: 40 }}>
  295 |           <div style={{
  296 |             width: 48, height: 48, margin: '0 auto 16px',

Parsing ecmascript source code failed

Import traces:
  Client Component Browser:
    ./app/login/page.tsx [Client Component Browser]
    ./app/login/page.tsx [Server Component]

  Client Component SSR:
    ./app/login/page.tsx [Client Component SSR]
    ./app/login/page.tsx [Server Component] @ http://localhost:3000/_next/static/chunks/node_modules_next_dist_0u_w_5s._.js:1945
[    7494ms] [ERROR] ./app/login/page.tsx:292:20
Expected '</', got 'jsx text'
  290 |             background: 'linear-gradient(90deg, transparent, rgba(201,169,110,0.4), trans...
  291 |           }} />
> 292 |       </motion.div>
      |                    ^^^^^^^^^^^^^^^^^^^^^^^^^^^^^^^^^^^^^^^^^^^^^^^^^^^^^^^^^^^^^^^^^^^^^^^^^
> 293 |         {/* Logo */}
      | ^^^^^^^^
  294 |         <div style={{ textAlign: 'center', marginBottom: 40 }}>
  295 |           <div style={{
  296 |             width: 48, height: 48, margin: '0 auto 16px',

Parsing ecmascript source code failed

Import traces:
  Client Component Browser:
    ./app/login/page.tsx [Client Component Browser]
    ./app/login/page.tsx [Server Component]

  Client Component SSR:
    ./app/login/page.tsx [Client Component SSR]
    ./app/login/page.tsx [Server Component] @ http://localhost:3000/_next/static/chunks/node_modules_next_dist_0u_w_5s._.js:1945
[    7553ms] [ERROR] ./app/login/page.tsx:292:20
Expected '</', got 'jsx text'
  290 |             background: 'linear-gradient(90deg, transparent, rgba(201,169,110,0.4), trans...
  291 |           }} />
> 292 |       </motion.div>
      |                    ^^^^^^^^^^^^^^^^^^^^^^^^^^^^^^^^^^^^^^^^^^^^^^^^^^^^^^^^^^^^^^^^^^^^^^^^^
> 293 |         {/* Logo */}
      | ^^^^^^^^
  294 |         <div style={{ textAlign: 'center', marginBottom: 40 }}>
  295 |           <div style={{
  296 |             width: 48, height: 48, margin: '0 auto 16px',

Parsing ecmascript source code failed

Import traces:
  Client Component Browser:
    ./app/login/page.tsx [Client Component Browser]
    ./app/login/page.tsx [Server Component]

  Client Component SSR:
    ./app/login/page.tsx [Client Component SSR]
    ./app/login/page.tsx [Server Component] @ http://localhost:3000/_next/static/chunks/node_modules_next_dist_0u_w_5s._.js:1945
[    7617ms] [ERROR] ./app/login/page.tsx:292:20
Expected '</', got 'jsx text'
  290 |             background: 'linear-gradient(90deg, transparent, rgba(201,169,110,0.4), trans...
  291 |           }} />
> 292 |       </motion.div>
      |                    ^^^^^^^^^^^^^^^^^^^^^^^^^^^^^^^^^^^^^^^^^^^^^^^^^^^^^^^^^^^^^^^^^^^^^^^^^
> 293 |         {/* Logo */}
      | ^^^^^^^^
  294 |         <div style={{ textAlign: 'center', marginBottom: 40 }}>
  295 |           <div style={{
  296 |             width: 48, height: 48, margin: '0 auto 16px',

Parsing ecmascript source code failed

Import traces:
  Client Component Browser:
    ./app/login/page.tsx [Client Component Browser]
    ./app/login/page.tsx [Server Component]

  Client Component SSR:
    ./app/login/page.tsx [Client Component SSR]
    ./app/login/page.tsx [Server Component] @ http://localhost:3000/_next/static/chunks/node_modules_next_dist_0u_w_5s._.js:1945
[    7670ms] [ERROR] ./app/login/page.tsx:292:20
Expected '</', got 'jsx text'
  290 |             background: 'linear-gradient(90deg, transparent, rgba(201,169,110,0.4), trans...
  291 |           }} />
> 292 |       </motion.div>
      |                    ^^^^^^^^^^^^^^^^^^^^^^^^^^^^^^^^^^^^^^^^^^^^^^^^^^^^^^^^^^^^^^^^^^^^^^^^^
> 293 |         {/* Logo */}
      | ^^^^^^^^
  294 |         <div style={{ textAlign: 'center', marginBottom: 40 }}>
  295 |           <div style={{
  296 |             width: 48, height: 48, margin: '0 auto 16px',

Parsing ecmascript source code failed

Import traces:
  Client Component Browser:
    ./app/login/page.tsx [Client Component Browser]
    ./app/login/page.tsx [Server Component]

  Client Component SSR:
    ./app/login/page.tsx [Client Component SSR]
    ./app/login/page.tsx [Server Component] @ http://localhost:3000/_next/static/chunks/node_modules_next_dist_0u_w_5s._.js:1945
[    7723ms] [ERROR] ./app/login/page.tsx:292:20
Expected '</', got 'jsx text'
  290 |             background: 'linear-gradient(90deg, transparent, rgba(201,169,110,0.4), trans...
  291 |           }} />
> 292 |       </motion.div>
      |                    ^^^^^^^^^^^^^^^^^^^^^^^^^^^^^^^^^^^^^^^^^^^^^^^^^^^^^^^^^^^^^^^^^^^^^^^^^
> 293 |         {/* Logo */}
      | ^^^^^^^^
  294 |         <div style={{ textAlign: 'center', marginBottom: 40 }}>
  295 |           <div style={{
  296 |             width: 48, height: 48, margin: '0 auto 16px',

Parsing ecmascript source code failed

Import traces:
  Client Component Browser:
    ./app/login/page.tsx [Client Component Browser]
    ./app/login/page.tsx [Server Component]

  Client Component SSR:
    ./app/login/page.tsx [Client Component SSR]
    ./app/login/page.tsx [Server Component] @ http://localhost:3000/_next/static/chunks/node_modules_next_dist_0u_w_5s._.js:1945
[    7782ms] [ERROR] ./app/login/page.tsx:292:20
Expected '</', got 'jsx text'
  290 |             background: 'linear-gradient(90deg, transparent, rgba(201,169,110,0.4), trans...
  291 |           }} />
> 292 |       </motion.div>
      |                    ^^^^^^^^^^^^^^^^^^^^^^^^^^^^^^^^^^^^^^^^^^^^^^^^^^^^^^^^^^^^^^^^^^^^^^^^^
> 293 |         {/* Logo */}
      | ^^^^^^^^
  294 |         <div style={{ textAlign: 'center', marginBottom: 40 }}>
  295 |           <div style={{
  296 |             width: 48, height: 48, margin: '0 auto 16px',

Parsing ecmascript source code failed

Import traces:
  Client Component Browser:
    ./app/login/page.tsx [Client Component Browser]
    ./app/login/page.tsx [Server Component]

  Client Component SSR:
    ./app/login/page.tsx [Client Component SSR]
    ./app/login/page.tsx [Server Component] @ http://localhost:3000/_next/static/chunks/node_modules_next_dist_0u_w_5s._.js:1945
[    7840ms] [ERROR] ./app/login/page.tsx:292:20
Expected '</', got 'jsx text'
  290 |             background: 'linear-gradient(90deg, transparent, rgba(201,169,110,0.4), trans...
  291 |           }} />
> 292 |       </motion.div>
      |                    ^^^^^^^^^^^^^^^^^^^^^^^^^^^^^^^^^^^^^^^^^^^^^^^^^^^^^^^^^^^^^^^^^^^^^^^^^
> 293 |         {/* Logo */}
      | ^^^^^^^^
  294 |         <div style={{ textAlign: 'center', marginBottom: 40 }}>
  295 |           <div style={{
  296 |             width: 48, height: 48, margin: '0 auto 16px',

Parsing ecmascript source code failed

Import traces:
  Client Component Browser:
    ./app/login/page.tsx [Client Component Browser]
    ./app/login/page.tsx [Server Component]

  Client Component SSR:
    ./app/login/page.tsx [Client Component SSR]
    ./app/login/page.tsx [Server Component] @ http://localhost:3000/_next/static/chunks/node_modules_next_dist_0u_w_5s._.js:1945
[    7903ms] [ERROR] ./app/login/page.tsx:292:20
Expected '</', got 'jsx text'
  290 |             background: 'linear-gradient(90deg, transparent, rgba(201,169,110,0.4), trans...
  291 |           }} />
> 292 |       </motion.div>
      |                    ^^^^^^^^^^^^^^^^^^^^^^^^^^^^^^^^^^^^^^^^^^^^^^^^^^^^^^^^^^^^^^^^^^^^^^^^^
> 293 |         {/* Logo */}
      | ^^^^^^^^
  294 |         <div style={{ textAlign: 'center', marginBottom: 40 }}>
  295 |           <div style={{
  296 |             width: 48, height: 48, margin: '0 auto 16px',

Parsing ecmascript source code failed

Import traces:
  Client Component Browser:
    ./app/login/page.tsx [Client Component Browser]
    ./app/login/page.tsx [Server Component]

  Client Component SSR:
    ./app/login/page.tsx [Client Component SSR]
    ./app/login/page.tsx [Server Component] @ http://localhost:3000/_next/static/chunks/node_modules_next_dist_0u_w_5s._.js:1945
[    7963ms] [ERROR] ./app/login/page.tsx:292:20
Expected '</', got 'jsx text'
  290 |             background: 'linear-gradient(90deg, transparent, rgba(201,169,110,0.4), trans...
  291 |           }} />
> 292 |       </motion.div>
      |                    ^^^^^^^^^^^^^^^^^^^^^^^^^^^^^^^^^^^^^^^^^^^^^^^^^^^^^^^^^^^^^^^^^^^^^^^^^
> 293 |         {/* Logo */}
      | ^^^^^^^^
  294 |         <div style={{ textAlign: 'center', marginBottom: 40 }}>
  295 |           <div style={{
  296 |             width: 48, height: 48, margin: '0 auto 16px',

Parsing ecmascript source code failed

Import traces:
  Client Component Browser:
    ./app/login/page.tsx [Client Component Browser]
    ./app/login/page.tsx [Server Component]

  Client Component SSR:
    ./app/login/page.tsx [Client Component SSR]
    ./app/login/page.tsx [Server Component] @ http://localhost:3000/_next/static/chunks/node_modules_next_dist_0u_w_5s._.js:1945
[    8023ms] [ERROR] ./app/login/page.tsx:292:20
Expected '</', got 'jsx text'
  290 |             background: 'linear-gradient(90deg, transparent, rgba(201,169,110,0.4), trans...
  291 |           }} />
> 292 |       </motion.div>
      |                    ^^^^^^^^^^^^^^^^^^^^^^^^^^^^^^^^^^^^^^^^^^^^^^^^^^^^^^^^^^^^^^^^^^^^^^^^^
> 293 |         {/* Logo */}
      | ^^^^^^^^
  294 |         <div style={{ textAlign: 'center', marginBottom: 40 }}>
  295 |           <div style={{
  296 |             width: 48, height: 48, margin: '0 auto 16px',

Parsing ecmascript source code failed

Import traces:
  Client Component Browser:
    ./app/login/page.tsx [Client Component Browser]
    ./app/login/page.tsx [Server Component]

  Client Component SSR:
    ./app/login/page.tsx [Client Component SSR]
    ./app/login/page.tsx [Server Component] @ http://localhost:3000/_next/static/chunks/node_modules_next_dist_0u_w_5s._.js:1945
[    8080ms] [ERROR] ./app/login/page.tsx:292:20
Expected '</', got 'jsx text'
  290 |             background: 'linear-gradient(90deg, transparent, rgba(201,169,110,0.4), trans...
  291 |           }} />
> 292 |       </motion.div>
      |                    ^^^^^^^^^^^^^^^^^^^^^^^^^^^^^^^^^^^^^^^^^^^^^^^^^^^^^^^^^^^^^^^^^^^^^^^^^
> 293 |         {/* Logo */}
      | ^^^^^^^^
  294 |         <div style={{ textAlign: 'center', marginBottom: 40 }}>
  295 |           <div style={{
  296 |             width: 48, height: 48, margin: '0 auto 16px',

Parsing ecmascript source code failed

Import traces:
  Client Component Browser:
    ./app/login/page.tsx [Client Component Browser]
    ./app/login/page.tsx [Server Component]

  Client Component SSR:
    ./app/login/page.tsx [Client Component SSR]
    ./app/login/page.tsx [Server Component] @ http://localhost:3000/_next/static/chunks/node_modules_next_dist_0u_w_5s._.js:1945
[    8142ms] [ERROR] ./app/login/page.tsx:292:20
Expected '</', got 'jsx text'
  290 |             background: 'linear-gradient(90deg, transparent, rgba(201,169,110,0.4), trans...
  291 |           }} />
> 292 |       </motion.div>
      |                    ^^^^^^^^^^^^^^^^^^^^^^^^^^^^^^^^^^^^^^^^^^^^^^^^^^^^^^^^^^^^^^^^^^^^^^^^^
> 293 |         {/* Logo */}
      | ^^^^^^^^
  294 |         <div style={{ textAlign: 'center', marginBottom: 40 }}>
  295 |           <div style={{
  296 |             width: 48, height: 48, margin: '0 auto 16px',

Parsing ecmascript source code failed

Import traces:
  Client Component Browser:
    ./app/login/page.tsx [Client Component Browser]
    ./app/login/page.tsx [Server Component]

  Client Component SSR:
    ./app/login/page.tsx [Client Component SSR]
    ./app/login/page.tsx [Server Component] @ http://localhost:3000/_next/static/chunks/node_modules_next_dist_0u_w_5s._.js:1945
[    8205ms] [ERROR] ./app/login/page.tsx:292:20
Expected '</', got 'jsx text'
  290 |             background: 'linear-gradient(90deg, transparent, rgba(201,169,110,0.4), trans...
  291 |           }} />
> 292 |       </motion.div>
      |                    ^^^^^^^^^^^^^^^^^^^^^^^^^^^^^^^^^^^^^^^^^^^^^^^^^^^^^^^^^^^^^^^^^^^^^^^^^
> 293 |         {/* Logo */}
      | ^^^^^^^^
  294 |         <div style={{ textAlign: 'center', marginBottom: 40 }}>
  295 |           <div style={{
  296 |             width: 48, height: 48, margin: '0 auto 16px',

Parsing ecmascript source code failed

Import traces:
  Client Component Browser:
    ./app/login/page.tsx [Client Component Browser]
    ./app/login/page.tsx [Server Component]

  Client Component SSR:
    ./app/login/page.tsx [Client Component SSR]
    ./app/login/page.tsx [Server Component] @ http://localhost:3000/_next/static/chunks/node_modules_next_dist_0u_w_5s._.js:1945
[    8268ms] [ERROR] ./app/login/page.tsx:292:20
Expected '</', got 'jsx text'
  290 |             background: 'linear-gradient(90deg, transparent, rgba(201,169,110,0.4), trans...
  291 |           }} />
> 292 |       </motion.div>
      |                    ^^^^^^^^^^^^^^^^^^^^^^^^^^^^^^^^^^^^^^^^^^^^^^^^^^^^^^^^^^^^^^^^^^^^^^^^^
> 293 |         {/* Logo */}
      | ^^^^^^^^
  294 |         <div style={{ textAlign: 'center', marginBottom: 40 }}>
  295 |           <div style={{
  296 |             width: 48, height: 48, margin: '0 auto 16px',

Parsing ecmascript source code failed

Import traces:
  Client Component Browser:
    ./app/login/page.tsx [Client Component Browser]
    ./app/login/page.tsx [Server Component]

  Client Component SSR:
    ./app/login/page.tsx [Client Component SSR]
    ./app/login/page.tsx [Server Component] @ http://localhost:3000/_next/static/chunks/node_modules_next_dist_0u_w_5s._.js:1945
[    8329ms] [ERROR] ./app/login/page.tsx:292:20
Expected '</', got 'jsx text'
  290 |             background: 'linear-gradient(90deg, transparent, rgba(201,169,110,0.4), trans...
  291 |           }} />
> 292 |       </motion.div>
      |                    ^^^^^^^^^^^^^^^^^^^^^^^^^^^^^^^^^^^^^^^^^^^^^^^^^^^^^^^^^^^^^^^^^^^^^^^^^
> 293 |         {/* Logo */}
      | ^^^^^^^^
  294 |         <div style={{ textAlign: 'center', marginBottom: 40 }}>
  295 |           <div style={{
  296 |             width: 48, height: 48, margin: '0 auto 16px',

Parsing ecmascript source code failed

Import traces:
  Client Component Browser:
    ./app/login/page.tsx [Client Component Browser]
    ./app/login/page.tsx [Server Component]

  Client Component SSR:
    ./app/login/page.tsx [Client Component SSR]
    ./app/login/page.tsx [Server Component] @ http://localhost:3000/_next/static/chunks/node_modules_next_dist_0u_w_5s._.js:1945
[    8385ms] [ERROR] ./app/login/page.tsx:292:20
Expected '</', got 'jsx text'
  290 |             background: 'linear-gradient(90deg, transparent, rgba(201,169,110,0.4), trans...
  291 |           }} />
> 292 |       </motion.div>
      |                    ^^^^^^^^^^^^^^^^^^^^^^^^^^^^^^^^^^^^^^^^^^^^^^^^^^^^^^^^^^^^^^^^^^^^^^^^^
> 293 |         {/* Logo */}
      | ^^^^^^^^
  294 |         <div style={{ textAlign: 'center', marginBottom: 40 }}>
  295 |           <div style={{
  296 |             width: 48, height: 48, margin: '0 auto 16px',

Parsing ecmascript source code failed

Import traces:
  Client Component Browser:
    ./app/login/page.tsx [Client Component Browser]
    ./app/login/page.tsx [Server Component]

  Client Component SSR:
    ./app/login/page.tsx [Client Component SSR]
    ./app/login/page.tsx [Server Component] @ http://localhost:3000/_next/static/chunks/node_modules_next_dist_0u_w_5s._.js:1945
[    8440ms] [ERROR] ./app/login/page.tsx:292:20
Expected '</', got 'jsx text'
  290 |             background: 'linear-gradient(90deg, transparent, rgba(201,169,110,0.4), trans...
  291 |           }} />
> 292 |       </motion.div>
      |                    ^^^^^^^^^^^^^^^^^^^^^^^^^^^^^^^^^^^^^^^^^^^^^^^^^^^^^^^^^^^^^^^^^^^^^^^^^
> 293 |         {/* Logo */}
      | ^^^^^^^^
  294 |         <div style={{ textAlign: 'center', marginBottom: 40 }}>
  295 |           <div style={{
  296 |             width: 48, height: 48, margin: '0 auto 16px',

Parsing ecmascript source code failed

Import traces:
  Client Component Browser:
    ./app/login/page.tsx [Client Component Browser]
    ./app/login/page.tsx [Server Component]

  Client Component SSR:
    ./app/login/page.tsx [Client Component SSR]
    ./app/login/page.tsx [Server Component] @ http://localhost:3000/_next/static/chunks/node_modules_next_dist_0u_w_5s._.js:1945
[    8502ms] [ERROR] ./app/login/page.tsx:292:20
Expected '</', got 'jsx text'
  290 |             background: 'linear-gradient(90deg, transparent, rgba(201,169,110,0.4), trans...
  291 |           }} />
> 292 |       </motion.div>
      |                    ^^^^^^^^^^^^^^^^^^^^^^^^^^^^^^^^^^^^^^^^^^^^^^^^^^^^^^^^^^^^^^^^^^^^^^^^^
> 293 |         {/* Logo */}
      | ^^^^^^^^
  294 |         <div style={{ textAlign: 'center', marginBottom: 40 }}>
  295 |           <div style={{
  296 |             width: 48, height: 48, margin: '0 auto 16px',

Parsing ecmascript source code failed

Import traces:
  Client Component Browser:
    ./app/login/page.tsx [Client Component Browser]
    ./app/login/page.tsx [Server Component]

  Client Component SSR:
    ./app/login/page.tsx [Client Component SSR]
    ./app/login/page.tsx [Server Component] @ http://localhost:3000/_next/static/chunks/node_modules_next_dist_0u_w_5s._.js:1945
[    8555ms] [ERROR] ./app/login/page.tsx:292:20
Expected '</', got 'jsx text'
  290 |             background: 'linear-gradient(90deg, transparent, rgba(201,169,110,0.4), trans...
  291 |           }} />
> 292 |       </motion.div>
      |                    ^^^^^^^^^^^^^^^^^^^^^^^^^^^^^^^^^^^^^^^^^^^^^^^^^^^^^^^^^^^^^^^^^^^^^^^^^
> 293 |         {/* Logo */}
      | ^^^^^^^^
  294 |         <div style={{ textAlign: 'center', marginBottom: 40 }}>
  295 |           <div style={{
  296 |             width: 48, height: 48, margin: '0 auto 16px',

Parsing ecmascript source code failed

Import traces:
  Client Component Browser:
    ./app/login/page.tsx [Client Component Browser]
    ./app/login/page.tsx [Server Component]

  Client Component SSR:
    ./app/login/page.tsx [Client Component SSR]
    ./app/login/page.tsx [Server Component] @ http://localhost:3000/_next/static/chunks/node_modules_next_dist_0u_w_5s._.js:1945
[    8615ms] [ERROR] ./app/login/page.tsx:292:20
Expected '</', got 'jsx text'
  290 |             background: 'linear-gradient(90deg, transparent, rgba(201,169,110,0.4), trans...
  291 |           }} />
> 292 |       </motion.div>
      |                    ^^^^^^^^^^^^^^^^^^^^^^^^^^^^^^^^^^^^^^^^^^^^^^^^^^^^^^^^^^^^^^^^^^^^^^^^^
> 293 |         {/* Logo */}
      | ^^^^^^^^
  294 |         <div style={{ textAlign: 'center', marginBottom: 40 }}>
  295 |           <div style={{
  296 |             width: 48, height: 48, margin: '0 auto 16px',

Parsing ecmascript source code failed

Import traces:
  Client Component Browser:
    ./app/login/page.tsx [Client Component Browser]
    ./app/login/page.tsx [Server Component]

  Client Component SSR:
    ./app/login/page.tsx [Client Component SSR]
    ./app/login/page.tsx [Server Component] @ http://localhost:3000/_next/static/chunks/node_modules_next_dist_0u_w_5s._.js:1945
[    8672ms] [ERROR] ./app/login/page.tsx:292:20
Expected '</', got 'jsx text'
  290 |             background: 'linear-gradient(90deg, transparent, rgba(201,169,110,0.4), trans...
  291 |           }} />
> 292 |       </motion.div>
      |                    ^^^^^^^^^^^^^^^^^^^^^^^^^^^^^^^^^^^^^^^^^^^^^^^^^^^^^^^^^^^^^^^^^^^^^^^^^
> 293 |         {/* Logo */}
      | ^^^^^^^^
  294 |         <div style={{ textAlign: 'center', marginBottom: 40 }}>
  295 |           <div style={{
  296 |             width: 48, height: 48, margin: '0 auto 16px',

Parsing ecmascript source code failed

Import traces:
  Client Component Browser:
    ./app/login/page.tsx [Client Component Browser]
    ./app/login/page.tsx [Server Component]

  Client Component SSR:
    ./app/login/page.tsx [Client Component SSR]
    ./app/login/page.tsx [Server Component] @ http://localhost:3000/_next/static/chunks/node_modules_next_dist_0u_w_5s._.js:1945
[    8732ms] [ERROR] ./app/login/page.tsx:292:20
Expected '</', got 'jsx text'
  290 |             background: 'linear-gradient(90deg, transparent, rgba(201,169,110,0.4), trans...
  291 |           }} />
> 292 |       </motion.div>
      |                    ^^^^^^^^^^^^^^^^^^^^^^^^^^^^^^^^^^^^^^^^^^^^^^^^^^^^^^^^^^^^^^^^^^^^^^^^^
> 293 |         {/* Logo */}
      | ^^^^^^^^
  294 |         <div style={{ textAlign: 'center', marginBottom: 40 }}>
  295 |           <div style={{
  296 |             width: 48, height: 48, margin: '0 auto 16px',

Parsing ecmascript source code failed

Import traces:
  Client Component Browser:
    ./app/login/page.tsx [Client Component Browser]
    ./app/login/page.tsx [Server Component]

  Client Component SSR:
    ./app/login/page.tsx [Client Component SSR]
    ./app/login/page.tsx [Server Component] @ http://localhost:3000/_next/static/chunks/node_modules_next_dist_0u_w_5s._.js:1945
[    8788ms] [ERROR] ./app/login/page.tsx:292:20
Expected '</', got 'jsx text'
  290 |             background: 'linear-gradient(90deg, transparent, rgba(201,169,110,0.4), trans...
  291 |           }} />
> 292 |       </motion.div>
      |                    ^^^^^^^^^^^^^^^^^^^^^^^^^^^^^^^^^^^^^^^^^^^^^^^^^^^^^^^^^^^^^^^^^^^^^^^^^
> 293 |         {/* Logo */}
      | ^^^^^^^^
  294 |         <div style={{ textAlign: 'center', marginBottom: 40 }}>
  295 |           <div style={{
  296 |             width: 48, height: 48, margin: '0 auto 16px',

Parsing ecmascript source code failed

Import traces:
  Client Component Browser:
    ./app/login/page.tsx [Client Component Browser]
    ./app/login/page.tsx [Server Component]

  Client Component SSR:
    ./app/login/page.tsx [Client Component SSR]
    ./app/login/page.tsx [Server Component] @ http://localhost:3000/_next/static/chunks/node_modules_next_dist_0u_w_5s._.js:1945
[    8844ms] [ERROR] ./app/login/page.tsx:292:20
Expected '</', got 'jsx text'
  290 |             background: 'linear-gradient(90deg, transparent, rgba(201,169,110,0.4), trans...
  291 |           }} />
> 292 |       </motion.div>
      |                    ^^^^^^^^^^^^^^^^^^^^^^^^^^^^^^^^^^^^^^^^^^^^^^^^^^^^^^^^^^^^^^^^^^^^^^^^^
> 293 |         {/* Logo */}
      | ^^^^^^^^
  294 |         <div style={{ textAlign: 'center', marginBottom: 40 }}>
  295 |           <div style={{
  296 |             width: 48, height: 48, margin: '0 auto 16px',

Parsing ecmascript source code failed

Import traces:
  Client Component Browser:
    ./app/login/page.tsx [Client Component Browser]
    ./app/login/page.tsx [Server Component]

  Client Component SSR:
    ./app/login/page.tsx [Client Component SSR]
    ./app/login/page.tsx [Server Component] @ http://localhost:3000/_next/static/chunks/node_modules_next_dist_0u_w_5s._.js:1945
[    8901ms] [ERROR] ./app/login/page.tsx:292:20
Expected '</', got 'jsx text'
  290 |             background: 'linear-gradient(90deg, transparent, rgba(201,169,110,0.4), trans...
  291 |           }} />
> 292 |       </motion.div>
      |                    ^^^^^^^^^^^^^^^^^^^^^^^^^^^^^^^^^^^^^^^^^^^^^^^^^^^^^^^^^^^^^^^^^^^^^^^^^
> 293 |         {/* Logo */}
      | ^^^^^^^^
  294 |         <div style={{ textAlign: 'center', marginBottom: 40 }}>
  295 |           <div style={{
  296 |             width: 48, height: 48, margin: '0 auto 16px',

Parsing ecmascript source code failed

Import traces:
  Client Component Browser:
    ./app/login/page.tsx [Client Component Browser]
    ./app/login/page.tsx [Server Component]

  Client Component SSR:
    ./app/login/page.tsx [Client Component SSR]
    ./app/login/page.tsx [Server Component] @ http://localhost:3000/_next/static/chunks/node_modules_next_dist_0u_w_5s._.js:1945
[    8956ms] [ERROR] ./app/login/page.tsx:292:20
Expected '</', got 'jsx text'
  290 |             background: 'linear-gradient(90deg, transparent, rgba(201,169,110,0.4), trans...
  291 |           }} />
> 292 |       </motion.div>
      |                    ^^^^^^^^^^^^^^^^^^^^^^^^^^^^^^^^^^^^^^^^^^^^^^^^^^^^^^^^^^^^^^^^^^^^^^^^^
> 293 |         {/* Logo */}
      | ^^^^^^^^
  294 |         <div style={{ textAlign: 'center', marginBottom: 40 }}>
  295 |           <div style={{
  296 |             width: 48, height: 48, margin: '0 auto 16px',

Parsing ecmascript source code failed

Import traces:
  Client Component Browser:
    ./app/login/page.tsx [Client Component Browser]
    ./app/login/page.tsx [Server Component]

  Client Component SSR:
    ./app/login/page.tsx [Client Component SSR]
    ./app/login/page.tsx [Server Component] @ http://localhost:3000/_next/static/chunks/node_modules_next_dist_0u_w_5s._.js:1945
[    9018ms] [ERROR] ./app/login/page.tsx:292:20
Expected '</', got 'jsx text'
  290 |             background: 'linear-gradient(90deg, transparent, rgba(201,169,110,0.4), trans...
  291 |           }} />
> 292 |       </motion.div>
      |                    ^^^^^^^^^^^^^^^^^^^^^^^^^^^^^^^^^^^^^^^^^^^^^^^^^^^^^^^^^^^^^^^^^^^^^^^^^
> 293 |         {/* Logo */}
      | ^^^^^^^^
  294 |         <div style={{ textAlign: 'center', marginBottom: 40 }}>
  295 |           <div style={{
  296 |             width: 48, height: 48, margin: '0 auto 16px',

Parsing ecmascript source code failed

Import traces:
  Client Component Browser:
    ./app/login/page.tsx [Client Component Browser]
    ./app/login/page.tsx [Server Component]

  Client Component SSR:
    ./app/login/page.tsx [Client Component SSR]
    ./app/login/page.tsx [Server Component] @ http://localhost:3000/_next/static/chunks/node_modules_next_dist_0u_w_5s._.js:1945
[    9076ms] [ERROR] ./app/login/page.tsx:292:20
Expected '</', got 'jsx text'
  290 |             background: 'linear-gradient(90deg, transparent, rgba(201,169,110,0.4), trans...
  291 |           }} />
> 292 |       </motion.div>
      |                    ^^^^^^^^^^^^^^^^^^^^^^^^^^^^^^^^^^^^^^^^^^^^^^^^^^^^^^^^^^^^^^^^^^^^^^^^^
> 293 |         {/* Logo */}
      | ^^^^^^^^
  294 |         <div style={{ textAlign: 'center', marginBottom: 40 }}>
  295 |           <div style={{
  296 |             width: 48, height: 48, margin: '0 auto 16px',

Parsing ecmascript source code failed

Import traces:
  Client Component Browser:
    ./app/login/page.tsx [Client Component Browser]
    ./app/login/page.tsx [Server Component]

  Client Component SSR:
    ./app/login/page.tsx [Client Component SSR]
    ./app/login/page.tsx [Server Component] @ http://localhost:3000/_next/static/chunks/node_modules_next_dist_0u_w_5s._.js:1945
[    9135ms] [ERROR] ./app/login/page.tsx:292:20
Expected '</', got 'jsx text'
  290 |             background: 'linear-gradient(90deg, transparent, rgba(201,169,110,0.4), trans...
  291 |           }} />
> 292 |       </motion.div>
      |                    ^^^^^^^^^^^^^^^^^^^^^^^^^^^^^^^^^^^^^^^^^^^^^^^^^^^^^^^^^^^^^^^^^^^^^^^^^
> 293 |         {/* Logo */}
      | ^^^^^^^^
  294 |         <div style={{ textAlign: 'center', marginBottom: 40 }}>
  295 |           <div style={{
  296 |             width: 48, height: 48, margin: '0 auto 16px',

Parsing ecmascript source code failed

Import traces:
  Client Component Browser:
    ./app/login/page.tsx [Client Component Browser]
    ./app/login/page.tsx [Server Component]

  Client Component SSR:
    ./app/login/page.tsx [Client Component SSR]
    ./app/login/page.tsx [Server Component] @ http://localhost:3000/_next/static/chunks/node_modules_next_dist_0u_w_5s._.js:1945
[    9198ms] [ERROR] ./app/login/page.tsx:292:20
Expected '</', got 'jsx text'
  290 |             background: 'linear-gradient(90deg, transparent, rgba(201,169,110,0.4), trans...
  291 |           }} />
> 292 |       </motion.div>
      |                    ^^^^^^^^^^^^^^^^^^^^^^^^^^^^^^^^^^^^^^^^^^^^^^^^^^^^^^^^^^^^^^^^^^^^^^^^^
> 293 |         {/* Logo */}
      | ^^^^^^^^
  294 |         <div style={{ textAlign: 'center', marginBottom: 40 }}>
  295 |           <div style={{
  296 |             width: 48, height: 48, margin: '0 auto 16px',

Parsing ecmascript source code failed

Import traces:
  Client Component Browser:
    ./app/login/page.tsx [Client Component Browser]
    ./app/login/page.tsx [Server Component]

  Client Component SSR:
    ./app/login/page.tsx [Client Component SSR]
    ./app/login/page.tsx [Server Component] @ http://localhost:3000/_next/static/chunks/node_modules_next_dist_0u_w_5s._.js:1945
[    9253ms] [ERROR] ./app/login/page.tsx:292:20
Expected '</', got 'jsx text'
  290 |             background: 'linear-gradient(90deg, transparent, rgba(201,169,110,0.4), trans...
  291 |           }} />
> 292 |       </motion.div>
      |                    ^^^^^^^^^^^^^^^^^^^^^^^^^^^^^^^^^^^^^^^^^^^^^^^^^^^^^^^^^^^^^^^^^^^^^^^^^
> 293 |         {/* Logo */}
      | ^^^^^^^^
  294 |         <div style={{ textAlign: 'center', marginBottom: 40 }}>
  295 |           <div style={{
  296 |             width: 48, height: 48, margin: '0 auto 16px',

Parsing ecmascript source code failed

Import traces:
  Client Component Browser:
    ./app/login/page.tsx [Client Component Browser]
    ./app/login/page.tsx [Server Component]

  Client Component SSR:
    ./app/login/page.tsx [Client Component SSR]
    ./app/login/page.tsx [Server Component] @ http://localhost:3000/_next/static/chunks/node_modules_next_dist_0u_w_5s._.js:1945
[    9320ms] [ERROR] ./app/login/page.tsx:292:20
Expected '</', got 'jsx text'
  290 |             background: 'linear-gradient(90deg, transparent, rgba(201,169,110,0.4), trans...
  291 |           }} />
> 292 |       </motion.div>
      |                    ^^^^^^^^^^^^^^^^^^^^^^^^^^^^^^^^^^^^^^^^^^^^^^^^^^^^^^^^^^^^^^^^^^^^^^^^^
> 293 |         {/* Logo */}
      | ^^^^^^^^
  294 |         <div style={{ textAlign: 'center', marginBottom: 40 }}>
  295 |           <div style={{
  296 |             width: 48, height: 48, margin: '0 auto 16px',

Parsing ecmascript source code failed

Import traces:
  Client Component Browser:
    ./app/login/page.tsx [Client Component Browser]
    ./app/login/page.tsx [Server Component]

  Client Component SSR:
    ./app/login/page.tsx [Client Component SSR]
    ./app/login/page.tsx [Server Component] @ http://localhost:3000/_next/static/chunks/node_modules_next_dist_0u_w_5s._.js:1945
[    9381ms] [ERROR] ./app/login/page.tsx:292:20
Expected '</', got 'jsx text'
  290 |             background: 'linear-gradient(90deg, transparent, rgba(201,169,110,0.4), trans...
  291 |           }} />
> 292 |       </motion.div>
      |                    ^^^^^^^^^^^^^^^^^^^^^^^^^^^^^^^^^^^^^^^^^^^^^^^^^^^^^^^^^^^^^^^^^^^^^^^^^
> 293 |         {/* Logo */}
      | ^^^^^^^^
  294 |         <div style={{ textAlign: 'center', marginBottom: 40 }}>
  295 |           <div style={{
  296 |             width: 48, height: 48, margin: '0 auto 16px',

Parsing ecmascript source code failed

Import traces:
  Client Component Browser:
    ./app/login/page.tsx [Client Component Browser]
    ./app/login/page.tsx [Server Component]

  Client Component SSR:
    ./app/login/page.tsx [Client Component SSR]
    ./app/login/page.tsx [Server Component] @ http://localhost:3000/_next/static/chunks/node_modules_next_dist_0u_w_5s._.js:1945
[    9434ms] [ERROR] ./app/login/page.tsx:292:20
Expected '</', got 'jsx text'
  290 |             background: 'linear-gradient(90deg, transparent, rgba(201,169,110,0.4), trans...
  291 |           }} />
> 292 |       </motion.div>
      |                    ^^^^^^^^^^^^^^^^^^^^^^^^^^^^^^^^^^^^^^^^^^^^^^^^^^^^^^^^^^^^^^^^^^^^^^^^^
> 293 |         {/* Logo */}
      | ^^^^^^^^
  294 |         <div style={{ textAlign: 'center', marginBottom: 40 }}>
  295 |           <div style={{
  296 |             width: 48, height: 48, margin: '0 auto 16px',

Parsing ecmascript source code failed

Import traces:
  Client Component Browser:
    ./app/login/page.tsx [Client Component Browser]
    ./app/login/page.tsx [Server Component]

  Client Component SSR:
    ./app/login/page.tsx [Client Component SSR]
    ./app/login/page.tsx [Server Component] @ http://localhost:3000/_next/static/chunks/node_modules_next_dist_0u_w_5s._.js:1945
[    9493ms] [ERROR] ./app/login/page.tsx:292:20
Expected '</', got 'jsx text'
  290 |             background: 'linear-gradient(90deg, transparent, rgba(201,169,110,0.4), trans...
  291 |           }} />
> 292 |       </motion.div>
      |                    ^^^^^^^^^^^^^^^^^^^^^^^^^^^^^^^^^^^^^^^^^^^^^^^^^^^^^^^^^^^^^^^^^^^^^^^^^
> 293 |         {/* Logo */}
      | ^^^^^^^^
  294 |         <div style={{ textAlign: 'center', marginBottom: 40 }}>
  295 |           <div style={{
  296 |             width: 48, height: 48, margin: '0 auto 16px',

Parsing ecmascript source code failed

Import traces:
  Client Component Browser:
    ./app/login/page.tsx [Client Component Browser]
    ./app/login/page.tsx [Server Component]

  Client Component SSR:
    ./app/login/page.tsx [Client Component SSR]
    ./app/login/page.tsx [Server Component] @ http://localhost:3000/_next/static/chunks/node_modules_next_dist_0u_w_5s._.js:1945
[    9552ms] [ERROR] ./app/login/page.tsx:292:20
Expected '</', got 'jsx text'
  290 |             background: 'linear-gradient(90deg, transparent, rgba(201,169,110,0.4), trans...
  291 |           }} />
> 292 |       </motion.div>
      |                    ^^^^^^^^^^^^^^^^^^^^^^^^^^^^^^^^^^^^^^^^^^^^^^^^^^^^^^^^^^^^^^^^^^^^^^^^^
> 293 |         {/* Logo */}
      | ^^^^^^^^
  294 |         <div style={{ textAlign: 'center', marginBottom: 40 }}>
  295 |           <div style={{
  296 |             width: 48, height: 48, margin: '0 auto 16px',

Parsing ecmascript source code failed

Import traces:
  Client Component Browser:
    ./app/login/page.tsx [Client Component Browser]
    ./app/login/page.tsx [Server Component]

  Client Component SSR:
    ./app/login/page.tsx [Client Component SSR]
    ./app/login/page.tsx [Server Component] @ http://localhost:3000/_next/static/chunks/node_modules_next_dist_0u_w_5s._.js:1945
[    9615ms] [ERROR] ./app/login/page.tsx:292:20
Expected '</', got 'jsx text'
  290 |             background: 'linear-gradient(90deg, transparent, rgba(201,169,110,0.4), trans...
  291 |           }} />
> 292 |       </motion.div>
      |                    ^^^^^^^^^^^^^^^^^^^^^^^^^^^^^^^^^^^^^^^^^^^^^^^^^^^^^^^^^^^^^^^^^^^^^^^^^
> 293 |         {/* Logo */}
      | ^^^^^^^^
  294 |         <div style={{ textAlign: 'center', marginBottom: 40 }}>
  295 |           <div style={{
  296 |             width: 48, height: 48, margin: '0 auto 16px',

Parsing ecmascript source code failed

Import traces:
  Client Component Browser:
    ./app/login/page.tsx [Client Component Browser]
    ./app/login/page.tsx [Server Component]

  Client Component SSR:
    ./app/login/page.tsx [Client Component SSR]
    ./app/login/page.tsx [Server Component] @ http://localhost:3000/_next/static/chunks/node_modules_next_dist_0u_w_5s._.js:1945
[    9676ms] [ERROR] ./app/login/page.tsx:292:20
Expected '</', got 'jsx text'
  290 |             background: 'linear-gradient(90deg, transparent, rgba(201,169,110,0.4), trans...
  291 |           }} />
> 292 |       </motion.div>
      |                    ^^^^^^^^^^^^^^^^^^^^^^^^^^^^^^^^^^^^^^^^^^^^^^^^^^^^^^^^^^^^^^^^^^^^^^^^^
> 293 |         {/* Logo */}
      | ^^^^^^^^
  294 |         <div style={{ textAlign: 'center', marginBottom: 40 }}>
  295 |           <div style={{
  296 |             width: 48, height: 48, margin: '0 auto 16px',

Parsing ecmascript source code failed

Import traces:
  Client Component Browser:
    ./app/login/page.tsx [Client Component Browser]
    ./app/login/page.tsx [Server Component]

  Client Component SSR:
    ./app/login/page.tsx [Client Component SSR]
    ./app/login/page.tsx [Server Component] @ http://localhost:3000/_next/static/chunks/node_modules_next_dist_0u_w_5s._.js:1945
[    9736ms] [ERROR] ./app/login/page.tsx:292:20
Expected '</', got 'jsx text'
  290 |             background: 'linear-gradient(90deg, transparent, rgba(201,169,110,0.4), trans...
  291 |           }} />
> 292 |       </motion.div>
      |                    ^^^^^^^^^^^^^^^^^^^^^^^^^^^^^^^^^^^^^^^^^^^^^^^^^^^^^^^^^^^^^^^^^^^^^^^^^
> 293 |         {/* Logo */}
      | ^^^^^^^^
  294 |         <div style={{ textAlign: 'center', marginBottom: 40 }}>
  295 |           <div style={{
  296 |             width: 48, height: 48, margin: '0 auto 16px',

Parsing ecmascript source code failed

Import traces:
  Client Component Browser:
    ./app/login/page.tsx [Client Component Browser]
    ./app/login/page.tsx [Server Component]

  Client Component SSR:
    ./app/login/page.tsx [Client Component SSR]
    ./app/login/page.tsx [Server Component] @ http://localhost:3000/_next/static/chunks/node_modules_next_dist_0u_w_5s._.js:1945
[    9802ms] [ERROR] ./app/login/page.tsx:292:20
Expected '</', got 'jsx text'
  290 |             background: 'linear-gradient(90deg, transparent, rgba(201,169,110,0.4), trans...
  291 |           }} />
> 292 |       </motion.div>
      |                    ^^^^^^^^^^^^^^^^^^^^^^^^^^^^^^^^^^^^^^^^^^^^^^^^^^^^^^^^^^^^^^^^^^^^^^^^^
> 293 |         {/* Logo */}
      | ^^^^^^^^
  294 |         <div style={{ textAlign: 'center', marginBottom: 40 }}>
  295 |           <div style={{
  296 |             width: 48, height: 48, margin: '0 auto 16px',

Parsing ecmascript source code failed

Import traces:
  Client Component Browser:
    ./app/login/page.tsx [Client Component Browser]
    ./app/login/page.tsx [Server Component]

  Client Component SSR:
    ./app/login/page.tsx [Client Component SSR]
    ./app/login/page.tsx [Server Component] @ http://localhost:3000/_next/static/chunks/node_modules_next_dist_0u_w_5s._.js:1945
[    9864ms] [ERROR] ./app/login/page.tsx:292:20
Expected '</', got 'jsx text'
  290 |             background: 'linear-gradient(90deg, transparent, rgba(201,169,110,0.4), trans...
  291 |           }} />
> 292 |       </motion.div>
      |                    ^^^^^^^^^^^^^^^^^^^^^^^^^^^^^^^^^^^^^^^^^^^^^^^^^^^^^^^^^^^^^^^^^^^^^^^^^
> 293 |         {/* Logo */}
      | ^^^^^^^^
  294 |         <div style={{ textAlign: 'center', marginBottom: 40 }}>
  295 |           <div style={{
  296 |             width: 48, height: 48, margin: '0 auto 16px',

Parsing ecmascript source code failed

Import traces:
  Client Component Browser:
    ./app/login/page.tsx [Client Component Browser]
    ./app/login/page.tsx [Server Component]

  Client Component SSR:
    ./app/login/page.tsx [Client Component SSR]
    ./app/login/page.tsx [Server Component] @ http://localhost:3000/_next/static/chunks/node_modules_next_dist_0u_w_5s._.js:1945
[    9930ms] [ERROR] ./app/login/page.tsx:292:20
Expected '</', got 'jsx text'
  290 |             background: 'linear-gradient(90deg, transparent, rgba(201,169,110,0.4), trans...
  291 |           }} />
> 292 |       </motion.div>
      |                    ^^^^^^^^^^^^^^^^^^^^^^^^^^^^^^^^^^^^^^^^^^^^^^^^^^^^^^^^^^^^^^^^^^^^^^^^^
> 293 |         {/* Logo */}
      | ^^^^^^^^
  294 |         <div style={{ textAlign: 'center', marginBottom: 40 }}>
  295 |           <div style={{
  296 |             width: 48, height: 48, margin: '0 auto 16px',

Parsing ecmascript source code failed

Import traces:
  Client Component Browser:
    ./app/login/page.tsx [Client Component Browser]
    ./app/login/page.tsx [Server Component]

  Client Component SSR:
    ./app/login/page.tsx [Client Component SSR]
    ./app/login/page.tsx [Server Component] @ http://localhost:3000/_next/static/chunks/node_modules_next_dist_0u_w_5s._.js:1945
[    9988ms] [ERROR] ./app/login/page.tsx:292:20
Expected '</', got 'jsx text'
  290 |             background: 'linear-gradient(90deg, transparent, rgba(201,169,110,0.4), trans...
  291 |           }} />
> 292 |       </motion.div>
      |                    ^^^^^^^^^^^^^^^^^^^^^^^^^^^^^^^^^^^^^^^^^^^^^^^^^^^^^^^^^^^^^^^^^^^^^^^^^
> 293 |         {/* Logo */}
      | ^^^^^^^^
  294 |         <div style={{ textAlign: 'center', marginBottom: 40 }}>
  295 |           <div style={{
  296 |             width: 48, height: 48, margin: '0 auto 16px',

Parsing ecmascript source code failed

Import traces:
  Client Component Browser:
    ./app/login/page.tsx [Client Component Browser]
    ./app/login/page.tsx [Server Component]

  Client Component SSR:
    ./app/login/page.tsx [Client Component SSR]
    ./app/login/page.tsx [Server Component] @ http://localhost:3000/_next/static/chunks/node_modules_next_dist_0u_w_5s._.js:1945
[   10041ms] [ERROR] ./app/login/page.tsx:292:20
Expected '</', got 'jsx text'
  290 |             background: 'linear-gradient(90deg, transparent, rgba(201,169,110,0.4), trans...
  291 |           }} />
> 292 |       </motion.div>
      |                    ^^^^^^^^^^^^^^^^^^^^^^^^^^^^^^^^^^^^^^^^^^^^^^^^^^^^^^^^^^^^^^^^^^^^^^^^^
> 293 |         {/* Logo */}
      | ^^^^^^^^
  294 |         <div style={{ textAlign: 'center', marginBottom: 40 }}>
  295 |           <div style={{
  296 |             width: 48, height: 48, margin: '0 auto 16px',

Parsing ecmascript source code failed

Import traces:
  Client Component Browser:
    ./app/login/page.tsx [Client Component Browser]
    ./app/login/page.tsx [Server Component]

  Client Component SSR:
    ./app/login/page.tsx [Client Component SSR]
    ./app/login/page.tsx [Server Component] @ http://localhost:3000/_next/static/chunks/node_modules_next_dist_0u_w_5s._.js:1945
[   10103ms] [ERROR] ./app/login/page.tsx:292:20
Expected '</', got 'jsx text'
  290 |             background: 'linear-gradient(90deg, transparent, rgba(201,169,110,0.4), trans...
  291 |           }} />
> 292 |       </motion.div>
      |                    ^^^^^^^^^^^^^^^^^^^^^^^^^^^^^^^^^^^^^^^^^^^^^^^^^^^^^^^^^^^^^^^^^^^^^^^^^
> 293 |         {/* Logo */}
      | ^^^^^^^^
  294 |         <div style={{ textAlign: 'center', marginBottom: 40 }}>
  295 |           <div style={{
  296 |             width: 48, height: 48, margin: '0 auto 16px',

Parsing ecmascript source code failed

Import traces:
  Client Component Browser:
    ./app/login/page.tsx [Client Component Browser]
    ./app/login/page.tsx [Server Component]

  Client Component SSR:
    ./app/login/page.tsx [Client Component SSR]
    ./app/login/page.tsx [Server Component] @ http://localhost:3000/_next/static/chunks/node_modules_next_dist_0u_w_5s._.js:1945
[   10158ms] [ERROR] ./app/login/page.tsx:292:20
Expected '</', got 'jsx text'
  290 |             background: 'linear-gradient(90deg, transparent, rgba(201,169,110,0.4), trans...
  291 |           }} />
> 292 |       </motion.div>
      |                    ^^^^^^^^^^^^^^^^^^^^^^^^^^^^^^^^^^^^^^^^^^^^^^^^^^^^^^^^^^^^^^^^^^^^^^^^^
> 293 |         {/* Logo */}
      | ^^^^^^^^
  294 |         <div style={{ textAlign: 'center', marginBottom: 40 }}>
  295 |           <div style={{
  296 |             width: 48, height: 48, margin: '0 auto 16px',

Parsing ecmascript source code failed

Import traces:
  Client Component Browser:
    ./app/login/page.tsx [Client Component Browser]
    ./app/login/page.tsx [Server Component]

  Client Component SSR:
    ./app/login/page.tsx [Client Component SSR]
    ./app/login/page.tsx [Server Component] @ http://localhost:3000/_next/static/chunks/node_modules_next_dist_0u_w_5s._.js:1945
[   10213ms] [ERROR] ./app/login/page.tsx:292:20
Expected '</', got 'jsx text'
  290 |             background: 'linear-gradient(90deg, transparent, rgba(201,169,110,0.4), trans...
  291 |           }} />
> 292 |       </motion.div>
      |                    ^^^^^^^^^^^^^^^^^^^^^^^^^^^^^^^^^^^^^^^^^^^^^^^^^^^^^^^^^^^^^^^^^^^^^^^^^
> 293 |         {/* Logo */}
      | ^^^^^^^^
  294 |         <div style={{ textAlign: 'center', marginBottom: 40 }}>
  295 |           <div style={{
  296 |             width: 48, height: 48, margin: '0 auto 16px',

Parsing ecmascript source code failed

Import traces:
  Client Component Browser:
    ./app/login/page.tsx [Client Component Browser]
    ./app/login/page.tsx [Server Component]

  Client Component SSR:
    ./app/login/page.tsx [Client Component SSR]
    ./app/login/page.tsx [Server Component] @ http://localhost:3000/_next/static/chunks/node_modules_next_dist_0u_w_5s._.js:1945
[   10273ms] [ERROR] ./app/login/page.tsx:292:20
Expected '</', got 'jsx text'
  290 |             background: 'linear-gradient(90deg, transparent, rgba(201,169,110,0.4), trans...
  291 |           }} />
> 292 |       </motion.div>
      |                    ^^^^^^^^^^^^^^^^^^^^^^^^^^^^^^^^^^^^^^^^^^^^^^^^^^^^^^^^^^^^^^^^^^^^^^^^^
> 293 |         {/* Logo */}
      | ^^^^^^^^
  294 |         <div style={{ textAlign: 'center', marginBottom: 40 }}>
  295 |           <div style={{
  296 |             width: 48, height: 48, margin: '0 auto 16px',

Parsing ecmascript source code failed

Import traces:
  Client Component Browser:
    ./app/login/page.tsx [Client Component Browser]
    ./app/login/page.tsx [Server Component]

  Client Component SSR:
    ./app/login/page.tsx [Client Component SSR]
    ./app/login/page.tsx [Server Component] @ http://localhost:3000/_next/static/chunks/node_modules_next_dist_0u_w_5s._.js:1945
[   10337ms] [ERROR] ./app/login/page.tsx:292:20
Expected '</', got 'jsx text'
  290 |             background: 'linear-gradient(90deg, transparent, rgba(201,169,110,0.4), trans...
  291 |           }} />
> 292 |       </motion.div>
      |                    ^^^^^^^^^^^^^^^^^^^^^^^^^^^^^^^^^^^^^^^^^^^^^^^^^^^^^^^^^^^^^^^^^^^^^^^^^
> 293 |         {/* Logo */}
      | ^^^^^^^^
  294 |         <div style={{ textAlign: 'center', marginBottom: 40 }}>
  295 |           <div style={{
  296 |             width: 48, height: 48, margin: '0 auto 16px',

Parsing ecmascript source code failed

Import traces:
  Client Component Browser:
    ./app/login/page.tsx [Client Component Browser]
    ./app/login/page.tsx [Server Component]

  Client Component SSR:
    ./app/login/page.tsx [Client Component SSR]
    ./app/login/page.tsx [Server Component] @ http://localhost:3000/_next/static/chunks/node_modules_next_dist_0u_w_5s._.js:1945
[   10386ms] [ERROR] ./app/login/page.tsx:292:20
Expected '</', got 'jsx text'
  290 |             background: 'linear-gradient(90deg, transparent, rgba(201,169,110,0.4), trans...
  291 |           }} />
> 292 |       </motion.div>
      |                    ^^^^^^^^^^^^^^^^^^^^^^^^^^^^^^^^^^^^^^^^^^^^^^^^^^^^^^^^^^^^^^^^^^^^^^^^^
> 293 |         {/* Logo */}
      | ^^^^^^^^
  294 |         <div style={{ textAlign: 'center', marginBottom: 40 }}>
  295 |           <div style={{
  296 |             width: 48, height: 48, margin: '0 auto 16px',

Parsing ecmascript source code failed

Import traces:
  Client Component Browser:
    ./app/login/page.tsx [Client Component Browser]
    ./app/login/page.tsx [Server Component]

  Client Component SSR:
    ./app/login/page.tsx [Client Component SSR]
    ./app/login/page.tsx [Server Component] @ http://localhost:3000/_next/static/chunks/node_modules_next_dist_0u_w_5s._.js:1945
[   10446ms] [ERROR] ./app/login/page.tsx:292:20
Expected '</', got 'jsx text'
  290 |             background: 'linear-gradient(90deg, transparent, rgba(201,169,110,0.4), trans...
  291 |           }} />
> 292 |       </motion.div>
      |                    ^^^^^^^^^^^^^^^^^^^^^^^^^^^^^^^^^^^^^^^^^^^^^^^^^^^^^^^^^^^^^^^^^^^^^^^^^
> 293 |         {/* Logo */}
      | ^^^^^^^^
  294 |         <div style={{ textAlign: 'center', marginBottom: 40 }}>
  295 |           <div style={{
  296 |             width: 48, height: 48, margin: '0 auto 16px',

Parsing ecmascript source code failed

Import traces:
  Client Component Browser:
    ./app/login/page.tsx [Client Component Browser]
    ./app/login/page.tsx [Server Component]

  Client Component SSR:
    ./app/login/page.tsx [Client Component SSR]
    ./app/login/page.tsx [Server Component] @ http://localhost:3000/_next/static/chunks/node_modules_next_dist_0u_w_5s._.js:1945
[   10520ms] [ERROR] ./app/login/page.tsx:292:20
Expected '</', got 'jsx text'
  290 |             background: 'linear-gradient(90deg, transparent, rgba(201,169,110,0.4), trans...
  291 |           }} />
> 292 |       </motion.div>
      |                    ^^^^^^^^^^^^^^^^^^^^^^^^^^^^^^^^^^^^^^^^^^^^^^^^^^^^^^^^^^^^^^^^^^^^^^^^^
> 293 |         {/* Logo */}
      | ^^^^^^^^
  294 |         <div style={{ textAlign: 'center', marginBottom: 40 }}>
  295 |           <div style={{
  296 |             width: 48, height: 48, margin: '0 auto 16px',

Parsing ecmascript source code failed

Import traces:
  Client Component Browser:
    ./app/login/page.tsx [Client Component Browser]
    ./app/login/page.tsx [Server Component]

  Client Component SSR:
    ./app/login/page.tsx [Client Component SSR]
    ./app/login/page.tsx [Server Component] @ http://localhost:3000/_next/static/chunks/node_modules_next_dist_0u_w_5s._.js:1945
[   10577ms] [ERROR] ./app/login/page.tsx:292:20
Expected '</', got 'jsx text'
  290 |             background: 'linear-gradient(90deg, transparent, rgba(201,169,110,0.4), trans...
  291 |           }} />
> 292 |       </motion.div>
      |                    ^^^^^^^^^^^^^^^^^^^^^^^^^^^^^^^^^^^^^^^^^^^^^^^^^^^^^^^^^^^^^^^^^^^^^^^^^
> 293 |         {/* Logo */}
      | ^^^^^^^^
  294 |         <div style={{ textAlign: 'center', marginBottom: 40 }}>
  295 |           <div style={{
  296 |             width: 48, height: 48, margin: '0 auto 16px',

Parsing ecmascript source code failed

Import traces:
  Client Component Browser:
    ./app/login/page.tsx [Client Component Browser]
    ./app/login/page.tsx [Server Component]

  Client Component SSR:
    ./app/login/page.tsx [Client Component SSR]
    ./app/login/page.tsx [Server Component] @ http://localhost:3000/_next/static/chunks/node_modules_next_dist_0u_w_5s._.js:1945
[   10636ms] [ERROR] ./app/login/page.tsx:292:20
Expected '</', got 'jsx text'
  290 |             background: 'linear-gradient(90deg, transparent, rgba(201,169,110,0.4), trans...
  291 |           }} />
> 292 |       </motion.div>
      |                    ^^^^^^^^^^^^^^^^^^^^^^^^^^^^^^^^^^^^^^^^^^^^^^^^^^^^^^^^^^^^^^^^^^^^^^^^^
> 293 |         {/* Logo */}
      | ^^^^^^^^
  294 |         <div style={{ textAlign: 'center', marginBottom: 40 }}>
  295 |           <div style={{
  296 |             width: 48, height: 48, margin: '0 auto 16px',

Parsing ecmascript source code failed

Import traces:
  Client Component Browser:
    ./app/login/page.tsx [Client Component Browser]
    ./app/login/page.tsx [Server Component]

  Client Component SSR:
    ./app/login/page.tsx [Client Component SSR]
    ./app/login/page.tsx [Server Component] @ http://localhost:3000/_next/static/chunks/node_modules_next_dist_0u_w_5s._.js:1945
[   10697ms] [ERROR] ./app/login/page.tsx:292:20
Expected '</', got 'jsx text'
  290 |             background: 'linear-gradient(90deg, transparent, rgba(201,169,110,0.4), trans...
  291 |           }} />
> 292 |       </motion.div>
      |                    ^^^^^^^^^^^^^^^^^^^^^^^^^^^^^^^^^^^^^^^^^^^^^^^^^^^^^^^^^^^^^^^^^^^^^^^^^
> 293 |         {/* Logo */}
      | ^^^^^^^^
  294 |         <div style={{ textAlign: 'center', marginBottom: 40 }}>
  295 |           <div style={{
  296 |             width: 48, height: 48, margin: '0 auto 16px',

Parsing ecmascript source code failed

Import traces:
  Client Component Browser:
    ./app/login/page.tsx [Client Component Browser]
    ./app/login/page.tsx [Server Component]

  Client Component SSR:
    ./app/login/page.tsx [Client Component SSR]
    ./app/login/page.tsx [Server Component] @ http://localhost:3000/_next/static/chunks/node_modules_next_dist_0u_w_5s._.js:1945
[   10756ms] [ERROR] ./app/login/page.tsx:292:20
Expected '</', got 'jsx text'
  290 |             background: 'linear-gradient(90deg, transparent, rgba(201,169,110,0.4), trans...
  291 |           }} />
> 292 |       </motion.div>
      |                    ^^^^^^^^^^^^^^^^^^^^^^^^^^^^^^^^^^^^^^^^^^^^^^^^^^^^^^^^^^^^^^^^^^^^^^^^^
> 293 |         {/* Logo */}
      | ^^^^^^^^
  294 |         <div style={{ textAlign: 'center', marginBottom: 40 }}>
  295 |           <div style={{
  296 |             width: 48, height: 48, margin: '0 auto 16px',

Parsing ecmascript source code failed

Import traces:
  Client Component Browser:
    ./app/login/page.tsx [Client Component Browser]
    ./app/login/page.tsx [Server Component]

  Client Component SSR:
    ./app/login/page.tsx [Client Component SSR]
    ./app/login/page.tsx [Server Component] @ http://localhost:3000/_next/static/chunks/node_modules_next_dist_0u_w_5s._.js:1945
[   10819ms] [ERROR] ./app/login/page.tsx:292:20
Expected '</', got 'jsx text'
  290 |             background: 'linear-gradient(90deg, transparent, rgba(201,169,110,0.4), trans...
  291 |           }} />
> 292 |       </motion.div>
      |                    ^^^^^^^^^^^^^^^^^^^^^^^^^^^^^^^^^^^^^^^^^^^^^^^^^^^^^^^^^^^^^^^^^^^^^^^^^
> 293 |         {/* Logo */}
      | ^^^^^^^^
  294 |         <div style={{ textAlign: 'center', marginBottom: 40 }}>
  295 |           <div style={{
  296 |             width: 48, height: 48, margin: '0 auto 16px',

Parsing ecmascript source code failed

Import traces:
  Client Component Browser:
    ./app/login/page.tsx [Client Component Browser]
    ./app/login/page.tsx [Server Component]

  Client Component SSR:
    ./app/login/page.tsx [Client Component SSR]
    ./app/login/page.tsx [Server Component] @ http://localhost:3000/_next/static/chunks/node_modules_next_dist_0u_w_5s._.js:1945
[   10877ms] [ERROR] ./app/login/page.tsx:292:20
Expected '</', got 'jsx text'
  290 |             background: 'linear-gradient(90deg, transparent, rgba(201,169,110,0.4), trans...
  291 |           }} />
> 292 |       </motion.div>
      |                    ^^^^^^^^^^^^^^^^^^^^^^^^^^^^^^^^^^^^^^^^^^^^^^^^^^^^^^^^^^^^^^^^^^^^^^^^^
> 293 |         {/* Logo */}
      | ^^^^^^^^
  294 |         <div style={{ textAlign: 'center', marginBottom: 40 }}>
  295 |           <div style={{
  296 |             width: 48, height: 48, margin: '0 auto 16px',

Parsing ecmascript source code failed

Import traces:
  Client Component Browser:
    ./app/login/page.tsx [Client Component Browser]
    ./app/login/page.tsx [Server Component]

  Client Component SSR:
    ./app/login/page.tsx [Client Component SSR]
    ./app/login/page.tsx [Server Component] @ http://localhost:3000/_next/static/chunks/node_modules_next_dist_0u_w_5s._.js:1945
[   10933ms] [ERROR] ./app/login/page.tsx:292:20
Expected '</', got 'jsx text'
  290 |             background: 'linear-gradient(90deg, transparent, rgba(201,169,110,0.4), trans...
  291 |           }} />
> 292 |       </motion.div>
      |                    ^^^^^^^^^^^^^^^^^^^^^^^^^^^^^^^^^^^^^^^^^^^^^^^^^^^^^^^^^^^^^^^^^^^^^^^^^
> 293 |         {/* Logo */}
      | ^^^^^^^^
  294 |         <div style={{ textAlign: 'center', marginBottom: 40 }}>
  295 |           <div style={{
  296 |             width: 48, height: 48, margin: '0 auto 16px',

Parsing ecmascript source code failed

Import traces:
  Client Component Browser:
    ./app/login/page.tsx [Client Component Browser]
    ./app/login/page.tsx [Server Component]

  Client Component SSR:
    ./app/login/page.tsx [Client Component SSR]
    ./app/login/page.tsx [Server Component] @ http://localhost:3000/_next/static/chunks/node_modules_next_dist_0u_w_5s._.js:1945
[   10992ms] [ERROR] ./app/login/page.tsx:292:20
Expected '</', got 'jsx text'
  290 |             background: 'linear-gradient(90deg, transparent, rgba(201,169,110,0.4), trans...
  291 |           }} />
> 292 |       </motion.div>
      |                    ^^^^^^^^^^^^^^^^^^^^^^^^^^^^^^^^^^^^^^^^^^^^^^^^^^^^^^^^^^^^^^^^^^^^^^^^^
> 293 |         {/* Logo */}
      | ^^^^^^^^
  294 |         <div style={{ textAlign: 'center', marginBottom: 40 }}>
  295 |           <div style={{
  296 |             width: 48, height: 48, margin: '0 auto 16px',

Parsing ecmascript source code failed

Import traces:
  Client Component Browser:
    ./app/login/page.tsx [Client Component Browser]
    ./app/login/page.tsx [Server Component]

  Client Component SSR:
    ./app/login/page.tsx [Client Component SSR]
    ./app/login/page.tsx [Server Component] @ http://localhost:3000/_next/static/chunks/node_modules_next_dist_0u_w_5s._.js:1945
[   11053ms] [ERROR] ./app/login/page.tsx:292:20
Expected '</', got 'jsx text'
  290 |             background: 'linear-gradient(90deg, transparent, rgba(201,169,110,0.4), trans...
  291 |           }} />
> 292 |       </motion.div>
      |                    ^^^^^^^^^^^^^^^^^^^^^^^^^^^^^^^^^^^^^^^^^^^^^^^^^^^^^^^^^^^^^^^^^^^^^^^^^
> 293 |         {/* Logo */}
      | ^^^^^^^^
  294 |         <div style={{ textAlign: 'center', marginBottom: 40 }}>
  295 |           <div style={{
  296 |             width: 48, height: 48, margin: '0 auto 16px',

Parsing ecmascript source code failed

Import traces:
  Client Component Browser:
    ./app/login/page.tsx [Client Component Browser]
    ./app/login/page.tsx [Server Component]

  Client Component SSR:
    ./app/login/page.tsx [Client Component SSR]
    ./app/login/page.tsx [Server Component] @ http://localhost:3000/_next/static/chunks/node_modules_next_dist_0u_w_5s._.js:1945
[   11115ms] [ERROR] ./app/login/page.tsx:292:20
Expected '</', got 'jsx text'
  290 |             background: 'linear-gradient(90deg, transparent, rgba(201,169,110,0.4), trans...
  291 |           }} />
> 292 |       </motion.div>
      |                    ^^^^^^^^^^^^^^^^^^^^^^^^^^^^^^^^^^^^^^^^^^^^^^^^^^^^^^^^^^^^^^^^^^^^^^^^^
> 293 |         {/* Logo */}
      | ^^^^^^^^
  294 |         <div style={{ textAlign: 'center', marginBottom: 40 }}>
  295 |           <div style={{
  296 |             width: 48, height: 48, margin: '0 auto 16px',

Parsing ecmascript source code failed

Import traces:
  Client Component Browser:
    ./app/login/page.tsx [Client Component Browser]
    ./app/login/page.tsx [Server Component]

  Client Component SSR:
    ./app/login/page.tsx [Client Component SSR]
    ./app/login/page.tsx [Server Component] @ http://localhost:3000/_next/static/chunks/node_modules_next_dist_0u_w_5s._.js:1945
[   11178ms] [ERROR] ./app/login/page.tsx:292:20
Expected '</', got 'jsx text'
  290 |             background: 'linear-gradient(90deg, transparent, rgba(201,169,110,0.4), trans...
  291 |           }} />
> 292 |       </motion.div>
      |                    ^^^^^^^^^^^^^^^^^^^^^^^^^^^^^^^^^^^^^^^^^^^^^^^^^^^^^^^^^^^^^^^^^^^^^^^^^
> 293 |         {/* Logo */}
      | ^^^^^^^^
  294 |         <div style={{ textAlign: 'center', marginBottom: 40 }}>
  295 |           <div style={{
  296 |             width: 48, height: 48, margin: '0 auto 16px',

Parsing ecmascript source code failed

Import traces:
  Client Component Browser:
    ./app/login/page.tsx [Client Component Browser]
    ./app/login/page.tsx [Server Component]

  Client Component SSR:
    ./app/login/page.tsx [Client Component SSR]
    ./app/login/page.tsx [Server Component] @ http://localhost:3000/_next/static/chunks/node_modules_next_dist_0u_w_5s._.js:1945
[   11237ms] [ERROR] ./app/login/page.tsx:292:20
Expected '</', got 'jsx text'
  290 |             background: 'linear-gradient(90deg, transparent, rgba(201,169,110,0.4), trans...
  291 |           }} />
> 292 |       </motion.div>
      |                    ^^^^^^^^^^^^^^^^^^^^^^^^^^^^^^^^^^^^^^^^^^^^^^^^^^^^^^^^^^^^^^^^^^^^^^^^^
> 293 |         {/* Logo */}
      | ^^^^^^^^
  294 |         <div style={{ textAlign: 'center', marginBottom: 40 }}>
  295 |           <div style={{
  296 |             width: 48, height: 48, margin: '0 auto 16px',

Parsing ecmascript source code failed

Import traces:
  Client Component Browser:
    ./app/login/page.tsx [Client Component Browser]
    ./app/login/page.tsx [Server Component]

  Client Component SSR:
    ./app/login/page.tsx [Client Component SSR]
    ./app/login/page.tsx [Server Component] @ http://localhost:3000/_next/static/chunks/node_modules_next_dist_0u_w_5s._.js:1945
[   11298ms] [ERROR] ./app/login/page.tsx:292:20
Expected '</', got 'jsx text'
  290 |             background: 'linear-gradient(90deg, transparent, rgba(201,169,110,0.4), trans...
  291 |           }} />
> 292 |       </motion.div>
      |                    ^^^^^^^^^^^^^^^^^^^^^^^^^^^^^^^^^^^^^^^^^^^^^^^^^^^^^^^^^^^^^^^^^^^^^^^^^
> 293 |         {/* Logo */}
      | ^^^^^^^^
  294 |         <div style={{ textAlign: 'center', marginBottom: 40 }}>
  295 |           <div style={{
  296 |             width: 48, height: 48, margin: '0 auto 16px',

Parsing ecmascript source code failed

Import traces:
  Client Component Browser:
    ./app/login/page.tsx [Client Component Browser]
    ./app/login/page.tsx [Server Component]

  Client Component SSR:
    ./app/login/page.tsx [Client Component SSR]
    ./app/login/page.tsx [Server Component] @ http://localhost:3000/_next/static/chunks/node_modules_next_dist_0u_w_5s._.js:1945
[   11357ms] [ERROR] ./app/login/page.tsx:292:20
Expected '</', got 'jsx text'
  290 |             background: 'linear-gradient(90deg, transparent, rgba(201,169,110,0.4), trans...
  291 |           }} />
> 292 |       </motion.div>
      |                    ^^^^^^^^^^^^^^^^^^^^^^^^^^^^^^^^^^^^^^^^^^^^^^^^^^^^^^^^^^^^^^^^^^^^^^^^^
> 293 |         {/* Logo */}
      | ^^^^^^^^
  294 |         <div style={{ textAlign: 'center', marginBottom: 40 }}>
  295 |           <div style={{
  296 |             width: 48, height: 48, margin: '0 auto 16px',

Parsing ecmascript source code failed

Import traces:
  Client Component Browser:
    ./app/login/page.tsx [Client Component Browser]
    ./app/login/page.tsx [Server Component]

  Client Component SSR:
    ./app/login/page.tsx [Client Component SSR]
    ./app/login/page.tsx [Server Component] @ http://localhost:3000/_next/static/chunks/node_modules_next_dist_0u_w_5s._.js:1945
[   11418ms] [ERROR] ./app/login/page.tsx:292:20
Expected '</', got 'jsx text'
  290 |             background: 'linear-gradient(90deg, transparent, rgba(201,169,110,0.4), trans...
  291 |           }} />
> 292 |       </motion.div>
      |                    ^^^^^^^^^^^^^^^^^^^^^^^^^^^^^^^^^^^^^^^^^^^^^^^^^^^^^^^^^^^^^^^^^^^^^^^^^
> 293 |         {/* Logo */}
      | ^^^^^^^^
  294 |         <div style={{ textAlign: 'center', marginBottom: 40 }}>
  295 |           <div style={{
  296 |             width: 48, height: 48, margin: '0 auto 16px',

Parsing ecmascript source code failed

Import traces:
  Client Component Browser:
    ./app/login/page.tsx [Client Component Browser]
    ./app/login/page.tsx [Server Component]

  Client Component SSR:
    ./app/login/page.tsx [Client Component SSR]
    ./app/login/page.tsx [Server Component] @ http://localhost:3000/_next/static/chunks/node_modules_next_dist_0u_w_5s._.js:1945
[   11477ms] [ERROR] ./app/login/page.tsx:292:20
Expected '</', got 'jsx text'
  290 |             background: 'linear-gradient(90deg, transparent, rgba(201,169,110,0.4), trans...
  291 |           }} />
> 292 |       </motion.div>
      |                    ^^^^^^^^^^^^^^^^^^^^^^^^^^^^^^^^^^^^^^^^^^^^^^^^^^^^^^^^^^^^^^^^^^^^^^^^^
> 293 |         {/* Logo */}
      | ^^^^^^^^
  294 |         <div style={{ textAlign: 'center', marginBottom: 40 }}>
  295 |           <div style={{
  296 |             width: 48, height: 48, margin: '0 auto 16px',

Parsing ecmascript source code failed

Import traces:
  Client Component Browser:
    ./app/login/page.tsx [Client Component Browser]
    ./app/login/page.tsx [Server Component]

  Client Component SSR:
    ./app/login/page.tsx [Client Component SSR]
    ./app/login/page.tsx [Server Component] @ http://localhost:3000/_next/static/chunks/node_modules_next_dist_0u_w_5s._.js:1945
[   11539ms] [ERROR] ./app/login/page.tsx:292:20
Expected '</', got 'jsx text'
  290 |             background: 'linear-gradient(90deg, transparent, rgba(201,169,110,0.4), trans...
  291 |           }} />
> 292 |       </motion.div>
      |                    ^^^^^^^^^^^^^^^^^^^^^^^^^^^^^^^^^^^^^^^^^^^^^^^^^^^^^^^^^^^^^^^^^^^^^^^^^
> 293 |         {/* Logo */}
      | ^^^^^^^^
  294 |         <div style={{ textAlign: 'center', marginBottom: 40 }}>
  295 |           <div style={{
  296 |             width: 48, height: 48, margin: '0 auto 16px',

Parsing ecmascript source code failed

Import traces:
  Client Component Browser:
    ./app/login/page.tsx [Client Component Browser]
    ./app/login/page.tsx [Server Component]

  Client Component SSR:
    ./app/login/page.tsx [Client Component SSR]
    ./app/login/page.tsx [Server Component] @ http://localhost:3000/_next/static/chunks/node_modules_next_dist_0u_w_5s._.js:1945
[   11604ms] [ERROR] ./app/login/page.tsx:292:20
Expected '</', got 'jsx text'
  290 |             background: 'linear-gradient(90deg, transparent, rgba(201,169,110,0.4), trans...
  291 |           }} />
> 292 |       </motion.div>
      |                    ^^^^^^^^^^^^^^^^^^^^^^^^^^^^^^^^^^^^^^^^^^^^^^^^^^^^^^^^^^^^^^^^^^^^^^^^^
> 293 |         {/* Logo */}
      | ^^^^^^^^
  294 |         <div style={{ textAlign: 'center', marginBottom: 40 }}>
  295 |           <div style={{
  296 |             width: 48, height: 48, margin: '0 auto 16px',

Parsing ecmascript source code failed

Import traces:
  Client Component Browser:
    ./app/login/page.tsx [Client Component Browser]
    ./app/login/page.tsx [Server Component]

  Client Component SSR:
    ./app/login/page.tsx [Client Component SSR]
    ./app/login/page.tsx [Server Component] @ http://localhost:3000/_next/static/chunks/node_modules_next_dist_0u_w_5s._.js:1945
[   11669ms] [ERROR] ./app/login/page.tsx:292:20
Expected '</', got 'jsx text'
  290 |             background: 'linear-gradient(90deg, transparent, rgba(201,169,110,0.4), trans...
  291 |           }} />
> 292 |       </motion.div>
      |                    ^^^^^^^^^^^^^^^^^^^^^^^^^^^^^^^^^^^^^^^^^^^^^^^^^^^^^^^^^^^^^^^^^^^^^^^^^
> 293 |         {/* Logo */}
      | ^^^^^^^^
  294 |         <div style={{ textAlign: 'center', marginBottom: 40 }}>
  295 |           <div style={{
  296 |             width: 48, height: 48, margin: '0 auto 16px',

Parsing ecmascript source code failed

Import traces:
  Client Component Browser:
    ./app/login/page.tsx [Client Component Browser]
    ./app/login/page.tsx [Server Component]

  Client Component SSR:
    ./app/login/page.tsx [Client Component SSR]
    ./app/login/page.tsx [Server Component] @ http://localhost:3000/_next/static/chunks/node_modules_next_dist_0u_w_5s._.js:1945
[   11723ms] [ERROR] ./app/login/page.tsx:292:20
Expected '</', got 'jsx text'
  290 |             background: 'linear-gradient(90deg, transparent, rgba(201,169,110,0.4), trans...
  291 |           }} />
> 292 |       </motion.div>
      |                    ^^^^^^^^^^^^^^^^^^^^^^^^^^^^^^^^^^^^^^^^^^^^^^^^^^^^^^^^^^^^^^^^^^^^^^^^^
> 293 |         {/* Logo */}
      | ^^^^^^^^
  294 |         <div style={{ textAlign: 'center', marginBottom: 40 }}>
  295 |           <div style={{
  296 |             width: 48, height: 48, margin: '0 auto 16px',

Parsing ecmascript source code failed

Import traces:
  Client Component Browser:
    ./app/login/page.tsx [Client Component Browser]
    ./app/login/page.tsx [Server Component]

  Client Component SSR:
    ./app/login/page.tsx [Client Component SSR]
    ./app/login/page.tsx [Server Component] @ http://localhost:3000/_next/static/chunks/node_modules_next_dist_0u_w_5s._.js:1945
[   11787ms] [ERROR] ./app/login/page.tsx:292:20
Expected '</', got 'jsx text'
  290 |             background: 'linear-gradient(90deg, transparent, rgba(201,169,110,0.4), trans...
  291 |           }} />
> 292 |       </motion.div>
      |                    ^^^^^^^^^^^^^^^^^^^^^^^^^^^^^^^^^^^^^^^^^^^^^^^^^^^^^^^^^^^^^^^^^^^^^^^^^
> 293 |         {/* Logo */}
      | ^^^^^^^^
  294 |         <div style={{ textAlign: 'center', marginBottom: 40 }}>
  295 |           <div style={{
  296 |             width: 48, height: 48, margin: '0 auto 16px',

Parsing ecmascript source code failed

Import traces:
  Client Component Browser:
    ./app/login/page.tsx [Client Component Browser]
    ./app/login/page.tsx [Server Component]

  Client Component SSR:
    ./app/login/page.tsx [Client Component SSR]
    ./app/login/page.tsx [Server Component] @ http://localhost:3000/_next/static/chunks/node_modules_next_dist_0u_w_5s._.js:1945
[   11847ms] [ERROR] ./app/login/page.tsx:292:20
Expected '</', got 'jsx text'
  290 |             background: 'linear-gradient(90deg, transparent, rgba(201,169,110,0.4), trans...
  291 |           }} />
> 292 |       </motion.div>
      |                    ^^^^^^^^^^^^^^^^^^^^^^^^^^^^^^^^^^^^^^^^^^^^^^^^^^^^^^^^^^^^^^^^^^^^^^^^^
> 293 |         {/* Logo */}
      | ^^^^^^^^
  294 |         <div style={{ textAlign: 'center', marginBottom: 40 }}>
  295 |           <div style={{
  296 |             width: 48, height: 48, margin: '0 auto 16px',

Parsing ecmascript source code failed

Import traces:
  Client Component Browser:
    ./app/login/page.tsx [Client Component Browser]
    ./app/login/page.tsx [Server Component]

  Client Component SSR:
    ./app/login/page.tsx [Client Component SSR]
    ./app/login/page.tsx [Server Component] @ http://localhost:3000/_next/static/chunks/node_modules_next_dist_0u_w_5s._.js:1945
[   11909ms] [ERROR] ./app/login/page.tsx:292:20
Expected '</', got 'jsx text'
  290 |             background: 'linear-gradient(90deg, transparent, rgba(201,169,110,0.4), trans...
  291 |           }} />
> 292 |       </motion.div>
      |                    ^^^^^^^^^^^^^^^^^^^^^^^^^^^^^^^^^^^^^^^^^^^^^^^^^^^^^^^^^^^^^^^^^^^^^^^^^
> 293 |         {/* Logo */}
      | ^^^^^^^^
  294 |         <div style={{ textAlign: 'center', marginBottom: 40 }}>
  295 |           <div style={{
  296 |             width: 48, height: 48, margin: '0 auto 16px',

Parsing ecmascript source code failed

Import traces:
  Client Component Browser:
    ./app/login/page.tsx [Client Component Browser]
    ./app/login/page.tsx [Server Component]

  Client Component SSR:
    ./app/login/page.tsx [Client Component SSR]
    ./app/login/page.tsx [Server Component] @ http://localhost:3000/_next/static/chunks/node_modules_next_dist_0u_w_5s._.js:1945
[   11967ms] [ERROR] ./app/login/page.tsx:292:20
Expected '</', got 'jsx text'
  290 |             background: 'linear-gradient(90deg, transparent, rgba(201,169,110,0.4), trans...
  291 |           }} />
> 292 |       </motion.div>
      |                    ^^^^^^^^^^^^^^^^^^^^^^^^^^^^^^^^^^^^^^^^^^^^^^^^^^^^^^^^^^^^^^^^^^^^^^^^^
> 293 |         {/* Logo */}
      | ^^^^^^^^
  294 |         <div style={{ textAlign: 'center', marginBottom: 40 }}>
  295 |           <div style={{
  296 |             width: 48, height: 48, margin: '0 auto 16px',

Parsing ecmascript source code failed

Import traces:
  Client Component Browser:
    ./app/login/page.tsx [Client Component Browser]
    ./app/login/page.tsx [Server Component]

  Client Component SSR:
    ./app/login/page.tsx [Client Component SSR]
    ./app/login/page.tsx [Server Component] @ http://localhost:3000/_next/static/chunks/node_modules_next_dist_0u_w_5s._.js:1945
[   12032ms] [ERROR] ./app/login/page.tsx:292:20
Expected '</', got 'jsx text'
  290 |             background: 'linear-gradient(90deg, transparent, rgba(201,169,110,0.4), trans...
  291 |           }} />
> 292 |       </motion.div>
      |                    ^^^^^^^^^^^^^^^^^^^^^^^^^^^^^^^^^^^^^^^^^^^^^^^^^^^^^^^^^^^^^^^^^^^^^^^^^
> 293 |         {/* Logo */}
      | ^^^^^^^^
  294 |         <div style={{ textAlign: 'center', marginBottom: 40 }}>
  295 |           <div style={{
  296 |             width: 48, height: 48, margin: '0 auto 16px',

Parsing ecmascript source code failed

Import traces:
  Client Component Browser:
    ./app/login/page.tsx [Client Component Browser]
    ./app/login/page.tsx [Server Component]

  Client Component SSR:
    ./app/login/page.tsx [Client Component SSR]
    ./app/login/page.tsx [Server Component] @ http://localhost:3000/_next/static/chunks/node_modules_next_dist_0u_w_5s._.js:1945
[   12081ms] [ERROR] ./app/login/page.tsx:292:20
Expected '</', got 'jsx text'
  290 |             background: 'linear-gradient(90deg, transparent, rgba(201,169,110,0.4), trans...
  291 |           }} />
> 292 |       </motion.div>
      |                    ^^^^^^^^^^^^^^^^^^^^^^^^^^^^^^^^^^^^^^^^^^^^^^^^^^^^^^^^^^^^^^^^^^^^^^^^^
> 293 |         {/* Logo */}
      | ^^^^^^^^
  294 |         <div style={{ textAlign: 'center', marginBottom: 40 }}>
  295 |           <div style={{
  296 |             width: 48, height: 48, margin: '0 auto 16px',

Parsing ecmascript source code failed

Import traces:
  Client Component Browser:
    ./app/login/page.tsx [Client Component Browser]
    ./app/login/page.tsx [Server Component]

  Client Component SSR:
    ./app/login/page.tsx [Client Component SSR]
    ./app/login/page.tsx [Server Component] @ http://localhost:3000/_next/static/chunks/node_modules_next_dist_0u_w_5s._.js:1945
[   12144ms] [ERROR] ./app/login/page.tsx:292:20
Expected '</', got 'jsx text'
  290 |             background: 'linear-gradient(90deg, transparent, rgba(201,169,110,0.4), trans...
  291 |           }} />
> 292 |       </motion.div>
      |                    ^^^^^^^^^^^^^^^^^^^^^^^^^^^^^^^^^^^^^^^^^^^^^^^^^^^^^^^^^^^^^^^^^^^^^^^^^
> 293 |         {/* Logo */}
      | ^^^^^^^^
  294 |         <div style={{ textAlign: 'center', marginBottom: 40 }}>
  295 |           <div style={{
  296 |             width: 48, height: 48, margin: '0 auto 16px',

Parsing ecmascript source code failed

Import traces:
  Client Component Browser:
    ./app/login/page.tsx [Client Component Browser]
    ./app/login/page.tsx [Server Component]

  Client Component SSR:
    ./app/login/page.tsx [Client Component SSR]
    ./app/login/page.tsx [Server Component] @ http://localhost:3000/_next/static/chunks/node_modules_next_dist_0u_w_5s._.js:1945
[   12204ms] [ERROR] ./app/login/page.tsx:292:20
Expected '</', got 'jsx text'
  290 |             background: 'linear-gradient(90deg, transparent, rgba(201,169,110,0.4), trans...
  291 |           }} />
> 292 |       </motion.div>
      |                    ^^^^^^^^^^^^^^^^^^^^^^^^^^^^^^^^^^^^^^^^^^^^^^^^^^^^^^^^^^^^^^^^^^^^^^^^^
> 293 |         {/* Logo */}
      | ^^^^^^^^
  294 |         <div style={{ textAlign: 'center', marginBottom: 40 }}>
  295 |           <div style={{
  296 |             width: 48, height: 48, margin: '0 auto 16px',

Parsing ecmascript source code failed

Import traces:
  Client Component Browser:
    ./app/login/page.tsx [Client Component Browser]
    ./app/login/page.tsx [Server Component]

  Client Component SSR:
    ./app/login/page.tsx [Client Component SSR]
    ./app/login/page.tsx [Server Component] @ http://localhost:3000/_next/static/chunks/node_modules_next_dist_0u_w_5s._.js:1945
[   12263ms] [ERROR] ./app/login/page.tsx:292:20
Expected '</', got 'jsx text'
  290 |             background: 'linear-gradient(90deg, transparent, rgba(201,169,110,0.4), trans...
  291 |           }} />
> 292 |       </motion.div>
      |                    ^^^^^^^^^^^^^^^^^^^^^^^^^^^^^^^^^^^^^^^^^^^^^^^^^^^^^^^^^^^^^^^^^^^^^^^^^
> 293 |         {/* Logo */}
      | ^^^^^^^^
  294 |         <div style={{ textAlign: 'center', marginBottom: 40 }}>
  295 |           <div style={{
  296 |             width: 48, height: 48, margin: '0 auto 16px',

Parsing ecmascript source code failed

Import traces:
  Client Component Browser:
    ./app/login/page.tsx [Client Component Browser]
    ./app/login/page.tsx [Server Component]

  Client Component SSR:
    ./app/login/page.tsx [Client Component SSR]
    ./app/login/page.tsx [Server Component] @ http://localhost:3000/_next/static/chunks/node_modules_next_dist_0u_w_5s._.js:1945
[   12324ms] [ERROR] ./app/login/page.tsx:292:20
Expected '</', got 'jsx text'
  290 |             background: 'linear-gradient(90deg, transparent, rgba(201,169,110,0.4), trans...
  291 |           }} />
> 292 |       </motion.div>
      |                    ^^^^^^^^^^^^^^^^^^^^^^^^^^^^^^^^^^^^^^^^^^^^^^^^^^^^^^^^^^^^^^^^^^^^^^^^^
> 293 |         {/* Logo */}
      | ^^^^^^^^
  294 |         <div style={{ textAlign: 'center', marginBottom: 40 }}>
  295 |           <div style={{
  296 |             width: 48, height: 48, margin: '0 auto 16px',

Parsing ecmascript source code failed

Import traces:
  Client Component Browser:
    ./app/login/page.tsx [Client Component Browser]
    ./app/login/page.tsx [Server Component]

  Client Component SSR:
    ./app/login/page.tsx [Client Component SSR]
    ./app/login/page.tsx [Server Component] @ http://localhost:3000/_next/static/chunks/node_modules_next_dist_0u_w_5s._.js:1945
[   12385ms] [ERROR] ./app/login/page.tsx:292:20
Expected '</', got 'jsx text'
  290 |             background: 'linear-gradient(90deg, transparent, rgba(201,169,110,0.4), trans...
  291 |           }} />
> 292 |       </motion.div>
      |                    ^^^^^^^^^^^^^^^^^^^^^^^^^^^^^^^^^^^^^^^^^^^^^^^^^^^^^^^^^^^^^^^^^^^^^^^^^
> 293 |         {/* Logo */}
      | ^^^^^^^^
  294 |         <div style={{ textAlign: 'center', marginBottom: 40 }}>
  295 |           <div style={{
  296 |             width: 48, height: 48, margin: '0 auto 16px',

Parsing ecmascript source code failed

Import traces:
  Client Component Browser:
    ./app/login/page.tsx [Client Component Browser]
    ./app/login/page.tsx [Server Component]

  Client Component SSR:
    ./app/login/page.tsx [Client Component SSR]
    ./app/login/page.tsx [Server Component] @ http://localhost:3000/_next/static/chunks/node_modules_next_dist_0u_w_5s._.js:1945
[   12437ms] [ERROR] ./app/login/page.tsx:292:20
Expected '</', got 'jsx text'
  290 |             background: 'linear-gradient(90deg, transparent, rgba(201,169,110,0.4), trans...
  291 |           }} />
> 292 |       </motion.div>
      |                    ^^^^^^^^^^^^^^^^^^^^^^^^^^^^^^^^^^^^^^^^^^^^^^^^^^^^^^^^^^^^^^^^^^^^^^^^^
> 293 |         {/* Logo */}
      | ^^^^^^^^
  294 |         <div style={{ textAlign: 'center', marginBottom: 40 }}>
  295 |           <div style={{
  296 |             width: 48, height: 48, margin: '0 auto 16px',

Parsing ecmascript source code failed

Import traces:
  Client Component Browser:
    ./app/login/page.tsx [Client Component Browser]
    ./app/login/page.tsx [Server Component]

  Client Component SSR:
    ./app/login/page.tsx [Client Component SSR]
    ./app/login/page.tsx [Server Component] @ http://localhost:3000/_next/static/chunks/node_modules_next_dist_0u_w_5s._.js:1945
[   12503ms] [ERROR] ./app/login/page.tsx:292:20
Expected '</', got 'jsx text'
  290 |             background: 'linear-gradient(90deg, transparent, rgba(201,169,110,0.4), trans...
  291 |           }} />
> 292 |       </motion.div>
      |                    ^^^^^^^^^^^^^^^^^^^^^^^^^^^^^^^^^^^^^^^^^^^^^^^^^^^^^^^^^^^^^^^^^^^^^^^^^
> 293 |         {/* Logo */}
      | ^^^^^^^^
  294 |         <div style={{ textAlign: 'center', marginBottom: 40 }}>
  295 |           <div style={{
  296 |             width: 48, height: 48, margin: '0 auto 16px',

Parsing ecmascript source code failed

Import traces:
  Client Component Browser:
    ./app/login/page.tsx [Client Component Browser]
    ./app/login/page.tsx [Server Component]

  Client Component SSR:
    ./app/login/page.tsx [Client Component SSR]
    ./app/login/page.tsx [Server Component] @ http://localhost:3000/_next/static/chunks/node_modules_next_dist_0u_w_5s._.js:1945
[   12559ms] [ERROR] ./app/login/page.tsx:292:20
Expected '</', got 'jsx text'
  290 |             background: 'linear-gradient(90deg, transparent, rgba(201,169,110,0.4), trans...
  291 |           }} />
> 292 |       </motion.div>
      |                    ^^^^^^^^^^^^^^^^^^^^^^^^^^^^^^^^^^^^^^^^^^^^^^^^^^^^^^^^^^^^^^^^^^^^^^^^^
> 293 |         {/* Logo */}
      | ^^^^^^^^
  294 |         <div style={{ textAlign: 'center', marginBottom: 40 }}>
  295 |           <div style={{
  296 |             width: 48, height: 48, margin: '0 auto 16px',

Parsing ecmascript source code failed

Import traces:
  Client Component Browser:
    ./app/login/page.tsx [Client Component Browser]
    ./app/login/page.tsx [Server Component]

  Client Component SSR:
    ./app/login/page.tsx [Client Component SSR]
    ./app/login/page.tsx [Server Component] @ http://localhost:3000/_next/static/chunks/node_modules_next_dist_0u_w_5s._.js:1945
[   12621ms] [ERROR] ./app/login/page.tsx:292:20
Expected '</', got 'jsx text'
  290 |             background: 'linear-gradient(90deg, transparent, rgba(201,169,110,0.4), trans...
  291 |           }} />
> 292 |       </motion.div>
      |                    ^^^^^^^^^^^^^^^^^^^^^^^^^^^^^^^^^^^^^^^^^^^^^^^^^^^^^^^^^^^^^^^^^^^^^^^^^
> 293 |         {/* Logo */}
      | ^^^^^^^^
  294 |         <div style={{ textAlign: 'center', marginBottom: 40 }}>
  295 |           <div style={{
  296 |             width: 48, height: 48, margin: '0 auto 16px',

Parsing ecmascript source code failed

Import traces:
  Client Component Browser:
    ./app/login/page.tsx [Client Component Browser]
    ./app/login/page.tsx [Server Component]

  Client Component SSR:
    ./app/login/page.tsx [Client Component SSR]
    ./app/login/page.tsx [Server Component] @ http://localhost:3000/_next/static/chunks/node_modules_next_dist_0u_w_5s._.js:1945
[   12681ms] [ERROR] ./app/login/page.tsx:292:20
Expected '</', got 'jsx text'
  290 |             background: 'linear-gradient(90deg, transparent, rgba(201,169,110,0.4), trans...
  291 |           }} />
> 292 |       </motion.div>
      |                    ^^^^^^^^^^^^^^^^^^^^^^^^^^^^^^^^^^^^^^^^^^^^^^^^^^^^^^^^^^^^^^^^^^^^^^^^^
> 293 |         {/* Logo */}
      | ^^^^^^^^
  294 |         <div style={{ textAlign: 'center', marginBottom: 40 }}>
  295 |           <div style={{
  296 |             width: 48, height: 48, margin: '0 auto 16px',

Parsing ecmascript source code failed

Import traces:
  Client Component Browser:
    ./app/login/page.tsx [Client Component Browser]
    ./app/login/page.tsx [Server Component]

  Client Component SSR:
    ./app/login/page.tsx [Client Component SSR]
    ./app/login/page.tsx [Server Component] @ http://localhost:3000/_next/static/chunks/node_modules_next_dist_0u_w_5s._.js:1945
[   12738ms] [ERROR] ./app/login/page.tsx:292:20
Expected '</', got 'jsx text'
  290 |             background: 'linear-gradient(90deg, transparent, rgba(201,169,110,0.4), trans...
  291 |           }} />
> 292 |       </motion.div>
      |                    ^^^^^^^^^^^^^^^^^^^^^^^^^^^^^^^^^^^^^^^^^^^^^^^^^^^^^^^^^^^^^^^^^^^^^^^^^
> 293 |         {/* Logo */}
      | ^^^^^^^^
  294 |         <div style={{ textAlign: 'center', marginBottom: 40 }}>
  295 |           <div style={{
  296 |             width: 48, height: 48, margin: '0 auto 16px',

Parsing ecmascript source code failed

Import traces:
  Client Component Browser:
    ./app/login/page.tsx [Client Component Browser]
    ./app/login/page.tsx [Server Component]

  Client Component SSR:
    ./app/login/page.tsx [Client Component SSR]
    ./app/login/page.tsx [Server Component] @ http://localhost:3000/_next/static/chunks/node_modules_next_dist_0u_w_5s._.js:1945
[   12796ms] [ERROR] ./app/login/page.tsx:292:20
Expected '</', got 'jsx text'
  290 |             background: 'linear-gradient(90deg, transparent, rgba(201,169,110,0.4), trans...
  291 |           }} />
> 292 |       </motion.div>
      |                    ^^^^^^^^^^^^^^^^^^^^^^^^^^^^^^^^^^^^^^^^^^^^^^^^^^^^^^^^^^^^^^^^^^^^^^^^^
> 293 |         {/* Logo */}
      | ^^^^^^^^
  294 |         <div style={{ textAlign: 'center', marginBottom: 40 }}>
  295 |           <div style={{
  296 |             width: 48, height: 48, margin: '0 auto 16px',

Parsing ecmascript source code failed

Import traces:
  Client Component Browser:
    ./app/login/page.tsx [Client Component Browser]
    ./app/login/page.tsx [Server Component]

  Client Component SSR:
    ./app/login/page.tsx [Client Component SSR]
    ./app/login/page.tsx [Server Component] @ http://localhost:3000/_next/static/chunks/node_modules_next_dist_0u_w_5s._.js:1945
[   12847ms] [ERROR] ./app/login/page.tsx:292:20
Expected '</', got 'jsx text'
  290 |             background: 'linear-gradient(90deg, transparent, rgba(201,169,110,0.4), trans...
  291 |           }} />
> 292 |       </motion.div>
      |                    ^^^^^^^^^^^^^^^^^^^^^^^^^^^^^^^^^^^^^^^^^^^^^^^^^^^^^^^^^^^^^^^^^^^^^^^^^
> 293 |         {/* Logo */}
      | ^^^^^^^^
  294 |         <div style={{ textAlign: 'center', marginBottom: 40 }}>
  295 |           <div style={{
  296 |             width: 48, height: 48, margin: '0 auto 16px',

Parsing ecmascript source code failed

Import traces:
  Client Component Browser:
    ./app/login/page.tsx [Client Component Browser]
    ./app/login/page.tsx [Server Component]

  Client Component SSR:
    ./app/login/page.tsx [Client Component SSR]
    ./app/login/page.tsx [Server Component] @ http://localhost:3000/_next/static/chunks/node_modules_next_dist_0u_w_5s._.js:1945
[   12908ms] [ERROR] ./app/login/page.tsx:292:20
Expected '</', got 'jsx text'
  290 |             background: 'linear-gradient(90deg, transparent, rgba(201,169,110,0.4), trans...
  291 |           }} />
> 292 |       </motion.div>
      |                    ^^^^^^^^^^^^^^^^^^^^^^^^^^^^^^^^^^^^^^^^^^^^^^^^^^^^^^^^^^^^^^^^^^^^^^^^^
> 293 |         {/* Logo */}
      | ^^^^^^^^
  294 |         <div style={{ textAlign: 'center', marginBottom: 40 }}>
  295 |           <div style={{
  296 |             width: 48, height: 48, margin: '0 auto 16px',

Parsing ecmascript source code failed

Import traces:
  Client Component Browser:
    ./app/login/page.tsx [Client Component Browser]
    ./app/login/page.tsx [Server Component]

  Client Component SSR:
    ./app/login/page.tsx [Client Component SSR]
    ./app/login/page.tsx [Server Component] @ http://localhost:3000/_next/static/chunks/node_modules_next_dist_0u_w_5s._.js:1945
[   12972ms] [ERROR] ./app/login/page.tsx:292:20
Expected '</', got 'jsx text'
  290 |             background: 'linear-gradient(90deg, transparent, rgba(201,169,110,0.4), trans...
  291 |           }} />
> 292 |       </motion.div>
      |                    ^^^^^^^^^^^^^^^^^^^^^^^^^^^^^^^^^^^^^^^^^^^^^^^^^^^^^^^^^^^^^^^^^^^^^^^^^
> 293 |         {/* Logo */}
      | ^^^^^^^^
  294 |         <div style={{ textAlign: 'center', marginBottom: 40 }}>
  295 |           <div style={{
  296 |             width: 48, height: 48, margin: '0 auto 16px',

Parsing ecmascript source code failed

Import traces:
  Client Component Browser:
    ./app/login/page.tsx [Client Component Browser]
    ./app/login/page.tsx [Server Component]

  Client Component SSR:
    ./app/login/page.tsx [Client Component SSR]
    ./app/login/page.tsx [Server Component] @ http://localhost:3000/_next/static/chunks/node_modules_next_dist_0u_w_5s._.js:1945
[   13033ms] [ERROR] ./app/login/page.tsx:292:20
Expected '</', got 'jsx text'
  290 |             background: 'linear-gradient(90deg, transparent, rgba(201,169,110,0.4), trans...
  291 |           }} />
> 292 |       </motion.div>
      |                    ^^^^^^^^^^^^^^^^^^^^^^^^^^^^^^^^^^^^^^^^^^^^^^^^^^^^^^^^^^^^^^^^^^^^^^^^^
> 293 |         {/* Logo */}
      | ^^^^^^^^
  294 |         <div style={{ textAlign: 'center', marginBottom: 40 }}>
  295 |           <div style={{
  296 |             width: 48, height: 48, margin: '0 auto 16px',

Parsing ecmascript source code failed

Import traces:
  Client Component Browser:
    ./app/login/page.tsx [Client Component Browser]
    ./app/login/page.tsx [Server Component]

  Client Component SSR:
    ./app/login/page.tsx [Client Component SSR]
    ./app/login/page.tsx [Server Component] @ http://localhost:3000/_next/static/chunks/node_modules_next_dist_0u_w_5s._.js:1945
[   13156ms] [LOG] [Fast Refresh] rebuilding @ http://localhost:3000/_next/static/chunks/node_modules_next_dist_0u_w_5s._.js:1226
[   13157ms] [ERROR] ./app/login/page.tsx:292:20
Expected '</', got 'jsx text'
  290 |             background: 'linear-gradient(90deg, transparent, rgba(201,169,110,0.4), trans...
  291 |           }} />
> 292 |       </motion.div>
      |                    ^^^^^^^^^^^^^^^^^^^^^^^^^^^^^^^^^^^^^^^^^^^^^^^^^^^^^^^^^^^^^^^^^^^^^^^^^
> 293 |         {/* Logo */}
      | ^^^^^^^^
  294 |         <div style={{ textAlign: 'center', marginBottom: 40 }}>
  295 |           <div style={{
  296 |             width: 48, height: 48, margin: '0 auto 16px',

Parsing ecmascript source code failed

Import traces:
  Client Component Browser:
    ./app/login/page.tsx [Client Component Browser]
    ./app/login/page.tsx [Server Component]

  Client Component SSR:
    ./app/login/page.tsx [Client Component SSR]
    ./app/login/page.tsx [Server Component] @ http://localhost:3000/_next/static/chunks/node_modules_next_dist_0u_w_5s._.js:1945
[   13263ms] [ERROR] ./app/login/page.tsx:292:20
Expected '</', got 'jsx text'
  290 |             background: 'linear-gradient(90deg, transparent, rgba(201,169,110,0.4), trans...
  291 |           }} />
> 292 |       </motion.div>
      |                    ^^^^^^^^^^^^^^^^^^^^^^^^^^^^^^^^^^^^^^^^^^^^^^^^^^^^^^^^^^^^^^^^^^^^^^^^^
> 293 |         {/* Logo */}
      | ^^^^^^^^
  294 |         <div style={{ textAlign: 'center', marginBottom: 40 }}>
  295 |           <div style={{
  296 |             width: 48, height: 48, margin: '0 auto 16px',

Parsing ecmascript source code failed

Import traces:
  Client Component Browser:
    ./app/login/page.tsx [Client Component Browser]
    ./app/login/page.tsx [Server Component]

  Client Component SSR:
    ./app/login/page.tsx [Client Component SSR]
    ./app/login/page.tsx [Server Component] @ http://localhost:3000/_next/static/chunks/node_modules_next_dist_0u_w_5s._.js:1945
[   13279ms] [LOG] [Fast Refresh] rebuilding @ http://localhost:3000/_next/static/chunks/node_modules_next_dist_0u_w_5s._.js:1226
[   13342ms] [ERROR] ./app/login/page.tsx:292:20
Expected '</', got 'jsx text'
  290 |             background: 'linear-gradient(90deg, transparent, rgba(201,169,110,0.4), trans...
  291 |           }} />
> 292 |       </motion.div>
      |                    ^^^^^^^^^^^^^^^^^^^^^^^^^^^^^^^^^^^^^^^^^^^^^^^^^^^^^^^^^^^^^^^^^^^^^^^^^
> 293 |         {/* Logo */}
      | ^^^^^^^^
  294 |         <div style={{ textAlign: 'center', marginBottom: 40 }}>
  295 |           <div style={{
  296 |             width: 48, height: 48, margin: '0 auto 16px',

Parsing ecmascript source code failed

Import traces:
  Client Component Browser:
    ./app/login/page.tsx [Client Component Browser]
    ./app/login/page.tsx [Server Component]

  Client Component SSR:
    ./app/login/page.tsx [Client Component SSR]
    ./app/login/page.tsx [Server Component] @ http://localhost:3000/_next/static/chunks/node_modules_next_dist_0u_w_5s._.js:1945
[   13405ms] [ERROR] ./app/login/page.tsx:292:20
Expected '</', got 'jsx text'
  290 |             background: 'linear-gradient(90deg, transparent, rgba(201,169,110,0.4), trans...
  291 |           }} />
> 292 |       </motion.div>
      |                    ^^^^^^^^^^^^^^^^^^^^^^^^^^^^^^^^^^^^^^^^^^^^^^^^^^^^^^^^^^^^^^^^^^^^^^^^^
> 293 |         {/* Logo */}
      | ^^^^^^^^
  294 |         <div style={{ textAlign: 'center', marginBottom: 40 }}>
  295 |           <div style={{
  296 |             width: 48, height: 48, margin: '0 auto 16px',

Parsing ecmascript source code failed

Import traces:
  Client Component Browser:
    ./app/login/page.tsx [Client Component Browser]
    ./app/login/page.tsx [Server Component]

  Client Component SSR:
    ./app/login/page.tsx [Client Component SSR]
    ./app/login/page.tsx [Server Component] @ http://localhost:3000/_next/static/chunks/node_modules_next_dist_0u_w_5s._.js:1945
[   13463ms] [ERROR] ./app/login/page.tsx:292:20
Expected '</', got 'jsx text'
  290 |             background: 'linear-gradient(90deg, transparent, rgba(201,169,110,0.4), trans...
  291 |           }} />
> 292 |       </motion.div>
      |                    ^^^^^^^^^^^^^^^^^^^^^^^^^^^^^^^^^^^^^^^^^^^^^^^^^^^^^^^^^^^^^^^^^^^^^^^^^
> 293 |         {/* Logo */}
      | ^^^^^^^^
  294 |         <div style={{ textAlign: 'center', marginBottom: 40 }}>
  295 |           <div style={{
  296 |             width: 48, height: 48, margin: '0 auto 16px',

Parsing ecmascript source code failed

Import traces:
  Client Component Browser:
    ./app/login/page.tsx [Client Component Browser]
    ./app/login/page.tsx [Server Component]

  Client Component SSR:
    ./app/login/page.tsx [Client Component SSR]
    ./app/login/page.tsx [Server Component] @ http://localhost:3000/_next/static/chunks/node_modules_next_dist_0u_w_5s._.js:1945
[   13518ms] [ERROR] ./app/login/page.tsx:292:20
Expected '</', got 'jsx text'
  290 |             background: 'linear-gradient(90deg, transparent, rgba(201,169,110,0.4), trans...
  291 |           }} />
> 292 |       </motion.div>
      |                    ^^^^^^^^^^^^^^^^^^^^^^^^^^^^^^^^^^^^^^^^^^^^^^^^^^^^^^^^^^^^^^^^^^^^^^^^^
> 293 |         {/* Logo */}
      | ^^^^^^^^
  294 |         <div style={{ textAlign: 'center', marginBottom: 40 }}>
  295 |           <div style={{
  296 |             width: 48, height: 48, margin: '0 auto 16px',

Parsing ecmascript source code failed

Import traces:
  Client Component Browser:
    ./app/login/page.tsx [Client Component Browser]
    ./app/login/page.tsx [Server Component]

  Client Component SSR:
    ./app/login/page.tsx [Client Component SSR]
    ./app/login/page.tsx [Server Component] @ http://localhost:3000/_next/static/chunks/node_modules_next_dist_0u_w_5s._.js:1945
[   13576ms] [ERROR] ./app/login/page.tsx:292:20
Expected '</', got 'jsx text'
  290 |             background: 'linear-gradient(90deg, transparent, rgba(201,169,110,0.4), trans...
  291 |           }} />
> 292 |       </motion.div>
      |                    ^^^^^^^^^^^^^^^^^^^^^^^^^^^^^^^^^^^^^^^^^^^^^^^^^^^^^^^^^^^^^^^^^^^^^^^^^
> 293 |         {/* Logo */}
      | ^^^^^^^^
  294 |         <div style={{ textAlign: 'center', marginBottom: 40 }}>
  295 |           <div style={{
  296 |             width: 48, height: 48, margin: '0 auto 16px',

Parsing ecmascript source code failed

Import traces:
  Client Component Browser:
    ./app/login/page.tsx [Client Component Browser]
    ./app/login/page.tsx [Server Component]

  Client Component SSR:
    ./app/login/page.tsx [Client Component SSR]
    ./app/login/page.tsx [Server Component] @ http://localhost:3000/_next/static/chunks/node_modules_next_dist_0u_w_5s._.js:1945
[   13626ms] [ERROR] ./app/login/page.tsx:292:20
Expected '</', got 'jsx text'
  290 |             background: 'linear-gradient(90deg, transparent, rgba(201,169,110,0.4), trans...
  291 |           }} />
> 292 |       </motion.div>
      |                    ^^^^^^^^^^^^^^^^^^^^^^^^^^^^^^^^^^^^^^^^^^^^^^^^^^^^^^^^^^^^^^^^^^^^^^^^^
> 293 |         {/* Logo */}
      | ^^^^^^^^
  294 |         <div style={{ textAlign: 'center', marginBottom: 40 }}>
  295 |           <div style={{
  296 |             width: 48, height: 48, margin: '0 auto 16px',

Parsing ecmascript source code failed

Import traces:
  Client Component Browser:
    ./app/login/page.tsx [Client Component Browser]
    ./app/login/page.tsx [Server Component]

  Client Component SSR:
    ./app/login/page.tsx [Client Component SSR]
    ./app/login/page.tsx [Server Component] @ http://localhost:3000/_next/static/chunks/node_modules_next_dist_0u_w_5s._.js:1945
[   13689ms] [ERROR] ./app/login/page.tsx:292:20
Expected '</', got 'jsx text'
  290 |             background: 'linear-gradient(90deg, transparent, rgba(201,169,110,0.4), trans...
  291 |           }} />
> 292 |       </motion.div>
      |                    ^^^^^^^^^^^^^^^^^^^^^^^^^^^^^^^^^^^^^^^^^^^^^^^^^^^^^^^^^^^^^^^^^^^^^^^^^
> 293 |         {/* Logo */}
      | ^^^^^^^^
  294 |         <div style={{ textAlign: 'center', marginBottom: 40 }}>
  295 |           <div style={{
  296 |             width: 48, height: 48, margin: '0 auto 16px',

Parsing ecmascript source code failed

Import traces:
  Client Component Browser:
    ./app/login/page.tsx [Client Component Browser]
    ./app/login/page.tsx [Server Component]

  Client Component SSR:
    ./app/login/page.tsx [Client Component SSR]
    ./app/login/page.tsx [Server Component] @ http://localhost:3000/_next/static/chunks/node_modules_next_dist_0u_w_5s._.js:1945
[   13747ms] [ERROR] ./app/login/page.tsx:292:20
Expected '</', got 'jsx text'
  290 |             background: 'linear-gradient(90deg, transparent, rgba(201,169,110,0.4), trans...
  291 |           }} />
> 292 |       </motion.div>
      |                    ^^^^^^^^^^^^^^^^^^^^^^^^^^^^^^^^^^^^^^^^^^^^^^^^^^^^^^^^^^^^^^^^^^^^^^^^^
> 293 |         {/* Logo */}
      | ^^^^^^^^
  294 |         <div style={{ textAlign: 'center', marginBottom: 40 }}>
  295 |           <div style={{
  296 |             width: 48, height: 48, margin: '0 auto 16px',

Parsing ecmascript source code failed

Import traces:
  Client Component Browser:
    ./app/login/page.tsx [Client Component Browser]
    ./app/login/page.tsx [Server Component]

  Client Component SSR:
    ./app/login/page.tsx [Client Component SSR]
    ./app/login/page.tsx [Server Component] @ http://localhost:3000/_next/static/chunks/node_modules_next_dist_0u_w_5s._.js:1945
[   13805ms] [ERROR] ./app/login/page.tsx:292:20
Expected '</', got 'jsx text'
  290 |             background: 'linear-gradient(90deg, transparent, rgba(201,169,110,0.4), trans...
  291 |           }} />
> 292 |       </motion.div>
      |                    ^^^^^^^^^^^^^^^^^^^^^^^^^^^^^^^^^^^^^^^^^^^^^^^^^^^^^^^^^^^^^^^^^^^^^^^^^
> 293 |         {/* Logo */}
      | ^^^^^^^^
  294 |         <div style={{ textAlign: 'center', marginBottom: 40 }}>
  295 |           <div style={{
  296 |             width: 48, height: 48, margin: '0 auto 16px',

Parsing ecmascript source code failed

Import traces:
  Client Component Browser:
    ./app/login/page.tsx [Client Component Browser]
    ./app/login/page.tsx [Server Component]

  Client Component SSR:
    ./app/login/page.tsx [Client Component SSR]
    ./app/login/page.tsx [Server Component] @ http://localhost:3000/_next/static/chunks/node_modules_next_dist_0u_w_5s._.js:1945
[   13863ms] [ERROR] ./app/login/page.tsx:292:20
Expected '</', got 'jsx text'
  290 |             background: 'linear-gradient(90deg, transparent, rgba(201,169,110,0.4), trans...
  291 |           }} />
> 292 |       </motion.div>
      |                    ^^^^^^^^^^^^^^^^^^^^^^^^^^^^^^^^^^^^^^^^^^^^^^^^^^^^^^^^^^^^^^^^^^^^^^^^^
> 293 |         {/* Logo */}
      | ^^^^^^^^
  294 |         <div style={{ textAlign: 'center', marginBottom: 40 }}>
  295 |           <div style={{
  296 |             width: 48, height: 48, margin: '0 auto 16px',

Parsing ecmascript source code failed

Import traces:
  Client Component Browser:
    ./app/login/page.tsx [Client Component Browser]
    ./app/login/page.tsx [Server Component]

  Client Component SSR:
    ./app/login/page.tsx [Client Component SSR]
    ./app/login/page.tsx [Server Component] @ http://localhost:3000/_next/static/chunks/node_modules_next_dist_0u_w_5s._.js:1945
[   13921ms] [ERROR] ./app/login/page.tsx:292:20
Expected '</', got 'jsx text'
  290 |             background: 'linear-gradient(90deg, transparent, rgba(201,169,110,0.4), trans...
  291 |           }} />
> 292 |       </motion.div>
      |                    ^^^^^^^^^^^^^^^^^^^^^^^^^^^^^^^^^^^^^^^^^^^^^^^^^^^^^^^^^^^^^^^^^^^^^^^^^
> 293 |         {/* Logo */}
      | ^^^^^^^^
  294 |         <div style={{ textAlign: 'center', marginBottom: 40 }}>
  295 |           <div style={{
  296 |             width: 48, height: 48, margin: '0 auto 16px',

Parsing ecmascript source code failed

Import traces:
  Client Component Browser:
    ./app/login/page.tsx [Client Component Browser]
    ./app/login/page.tsx [Server Component]

  Client Component SSR:
    ./app/login/page.tsx [Client Component SSR]
    ./app/login/page.tsx [Server Component] @ http://localhost:3000/_next/static/chunks/node_modules_next_dist_0u_w_5s._.js:1945
[   13980ms] [ERROR] ./app/login/page.tsx:292:20
Expected '</', got 'jsx text'
  290 |             background: 'linear-gradient(90deg, transparent, rgba(201,169,110,0.4), trans...
  291 |           }} />
> 292 |       </motion.div>
      |                    ^^^^^^^^^^^^^^^^^^^^^^^^^^^^^^^^^^^^^^^^^^^^^^^^^^^^^^^^^^^^^^^^^^^^^^^^^
> 293 |         {/* Logo */}
      | ^^^^^^^^
  294 |         <div style={{ textAlign: 'center', marginBottom: 40 }}>
  295 |           <div style={{
  296 |             width: 48, height: 48, margin: '0 auto 16px',

Parsing ecmascript source code failed

Import traces:
  Client Component Browser:
    ./app/login/page.tsx [Client Component Browser]
    ./app/login/page.tsx [Server Component]

  Client Component SSR:
    ./app/login/page.tsx [Client Component SSR]
    ./app/login/page.tsx [Server Component] @ http://localhost:3000/_next/static/chunks/node_modules_next_dist_0u_w_5s._.js:1945
[   14042ms] [ERROR] ./app/login/page.tsx:292:20
Expected '</', got 'jsx text'
  290 |             background: 'linear-gradient(90deg, transparent, rgba(201,169,110,0.4), trans...
  291 |           }} />
> 292 |       </motion.div>
      |                    ^^^^^^^^^^^^^^^^^^^^^^^^^^^^^^^^^^^^^^^^^^^^^^^^^^^^^^^^^^^^^^^^^^^^^^^^^
> 293 |         {/* Logo */}
      | ^^^^^^^^
  294 |         <div style={{ textAlign: 'center', marginBottom: 40 }}>
  295 |           <div style={{
  296 |             width: 48, height: 48, margin: '0 auto 16px',

Parsing ecmascript source code failed

Import traces:
  Client Component Browser:
    ./app/login/page.tsx [Client Component Browser]
    ./app/login/page.tsx [Server Component]

  Client Component SSR:
    ./app/login/page.tsx [Client Component SSR]
    ./app/login/page.tsx [Server Component] @ http://localhost:3000/_next/static/chunks/node_modules_next_dist_0u_w_5s._.js:1945
[   14102ms] [ERROR] ./app/login/page.tsx:292:20
Expected '</', got 'jsx text'
  290 |             background: 'linear-gradient(90deg, transparent, rgba(201,169,110,0.4), trans...
  291 |           }} />
> 292 |       </motion.div>
      |                    ^^^^^^^^^^^^^^^^^^^^^^^^^^^^^^^^^^^^^^^^^^^^^^^^^^^^^^^^^^^^^^^^^^^^^^^^^
> 293 |         {/* Logo */}
      | ^^^^^^^^
  294 |         <div style={{ textAlign: 'center', marginBottom: 40 }}>
  295 |           <div style={{
  296 |             width: 48, height: 48, margin: '0 auto 16px',

Parsing ecmascript source code failed

Import traces:
  Client Component Browser:
    ./app/login/page.tsx [Client Component Browser]
    ./app/login/page.tsx [Server Component]

  Client Component SSR:
    ./app/login/page.tsx [Client Component SSR]
    ./app/login/page.tsx [Server Component] @ http://localhost:3000/_next/static/chunks/node_modules_next_dist_0u_w_5s._.js:1945
[   14161ms] [ERROR] ./app/login/page.tsx:292:20
Expected '</', got 'jsx text'
  290 |             background: 'linear-gradient(90deg, transparent, rgba(201,169,110,0.4), trans...
  291 |           }} />
> 292 |       </motion.div>
      |                    ^^^^^^^^^^^^^^^^^^^^^^^^^^^^^^^^^^^^^^^^^^^^^^^^^^^^^^^^^^^^^^^^^^^^^^^^^
> 293 |         {/* Logo */}
      | ^^^^^^^^
  294 |         <div style={{ textAlign: 'center', marginBottom: 40 }}>
  295 |           <div style={{
  296 |             width: 48, height: 48, margin: '0 auto 16px',

Parsing ecmascript source code failed

Import traces:
  Client Component Browser:
    ./app/login/page.tsx [Client Component Browser]
    ./app/login/page.tsx [Server Component]

  Client Component SSR:
    ./app/login/page.tsx [Client Component SSR]
    ./app/login/page.tsx [Server Component] @ http://localhost:3000/_next/static/chunks/node_modules_next_dist_0u_w_5s._.js:1945
[   14218ms] [ERROR] ./app/login/page.tsx:292:20
Expected '</', got 'jsx text'
  290 |             background: 'linear-gradient(90deg, transparent, rgba(201,169,110,0.4), trans...
  291 |           }} />
> 292 |       </motion.div>
      |                    ^^^^^^^^^^^^^^^^^^^^^^^^^^^^^^^^^^^^^^^^^^^^^^^^^^^^^^^^^^^^^^^^^^^^^^^^^
> 293 |         {/* Logo */}
      | ^^^^^^^^
  294 |         <div style={{ textAlign: 'center', marginBottom: 40 }}>
  295 |           <div style={{
  296 |             width: 48, height: 48, margin: '0 auto 16px',

Parsing ecmascript source code failed

Import traces:
  Client Component Browser:
    ./app/login/page.tsx [Client Component Browser]
    ./app/login/page.tsx [Server Component]

  Client Component SSR:
    ./app/login/page.tsx [Client Component SSR]
    ./app/login/page.tsx [Server Component] @ http://localhost:3000/_next/static/chunks/node_modules_next_dist_0u_w_5s._.js:1945
[   14276ms] [ERROR] ./app/login/page.tsx:292:20
Expected '</', got 'jsx text'
  290 |             background: 'linear-gradient(90deg, transparent, rgba(201,169,110,0.4), trans...
  291 |           }} />
> 292 |       </motion.div>
      |                    ^^^^^^^^^^^^^^^^^^^^^^^^^^^^^^^^^^^^^^^^^^^^^^^^^^^^^^^^^^^^^^^^^^^^^^^^^
> 293 |         {/* Logo */}
      | ^^^^^^^^
  294 |         <div style={{ textAlign: 'center', marginBottom: 40 }}>
  295 |           <div style={{
  296 |             width: 48, height: 48, margin: '0 auto 16px',

Parsing ecmascript source code failed

Import traces:
  Client Component Browser:
    ./app/login/page.tsx [Client Component Browser]
    ./app/login/page.tsx [Server Component]

  Client Component SSR:
    ./app/login/page.tsx [Client Component SSR]
    ./app/login/page.tsx [Server Component] @ http://localhost:3000/_next/static/chunks/node_modules_next_dist_0u_w_5s._.js:1945
[   14330ms] [ERROR] ./app/login/page.tsx:292:20
Expected '</', got 'jsx text'
  290 |             background: 'linear-gradient(90deg, transparent, rgba(201,169,110,0.4), trans...
  291 |           }} />
> 292 |       </motion.div>
      |                    ^^^^^^^^^^^^^^^^^^^^^^^^^^^^^^^^^^^^^^^^^^^^^^^^^^^^^^^^^^^^^^^^^^^^^^^^^
> 293 |         {/* Logo */}
      | ^^^^^^^^
  294 |         <div style={{ textAlign: 'center', marginBottom: 40 }}>
  295 |           <div style={{
  296 |             width: 48, height: 48, margin: '0 auto 16px',

Parsing ecmascript source code failed

Import traces:
  Client Component Browser:
    ./app/login/page.tsx [Client Component Browser]
    ./app/login/page.tsx [Server Component]

  Client Component SSR:
    ./app/login/page.tsx [Client Component SSR]
    ./app/login/page.tsx [Server Component] @ http://localhost:3000/_next/static/chunks/node_modules_next_dist_0u_w_5s._.js:1945
[   14388ms] [ERROR] ./app/login/page.tsx:292:20
Expected '</', got 'jsx text'
  290 |             background: 'linear-gradient(90deg, transparent, rgba(201,169,110,0.4), trans...
  291 |           }} />
> 292 |       </motion.div>
      |                    ^^^^^^^^^^^^^^^^^^^^^^^^^^^^^^^^^^^^^^^^^^^^^^^^^^^^^^^^^^^^^^^^^^^^^^^^^
> 293 |         {/* Logo */}
      | ^^^^^^^^
  294 |         <div style={{ textAlign: 'center', marginBottom: 40 }}>
  295 |           <div style={{
  296 |             width: 48, height: 48, margin: '0 auto 16px',

Parsing ecmascript source code failed

Import traces:
  Client Component Browser:
    ./app/login/page.tsx [Client Component Browser]
    ./app/login/page.tsx [Server Component]

  Client Component SSR:
    ./app/login/page.tsx [Client Component SSR]
    ./app/login/page.tsx [Server Component] @ http://localhost:3000/_next/static/chunks/node_modules_next_dist_0u_w_5s._.js:1945
[   14446ms] [ERROR] ./app/login/page.tsx:292:20
Expected '</', got 'jsx text'
  290 |             background: 'linear-gradient(90deg, transparent, rgba(201,169,110,0.4), trans...
  291 |           }} />
> 292 |       </motion.div>
      |                    ^^^^^^^^^^^^^^^^^^^^^^^^^^^^^^^^^^^^^^^^^^^^^^^^^^^^^^^^^^^^^^^^^^^^^^^^^
> 293 |         {/* Logo */}
      | ^^^^^^^^
  294 |         <div style={{ textAlign: 'center', marginBottom: 40 }}>
  295 |           <div style={{
  296 |             width: 48, height: 48, margin: '0 auto 16px',

Parsing ecmascript source code failed

Import traces:
  Client Component Browser:
    ./app/login/page.tsx [Client Component Browser]
    ./app/login/page.tsx [Server Component]

  Client Component SSR:
    ./app/login/page.tsx [Client Component SSR]
    ./app/login/page.tsx [Server Component] @ http://localhost:3000/_next/static/chunks/node_modules_next_dist_0u_w_5s._.js:1945
[   14508ms] [ERROR] ./app/login/page.tsx:292:20
Expected '</', got 'jsx text'
  290 |             background: 'linear-gradient(90deg, transparent, rgba(201,169,110,0.4), trans...
  291 |           }} />
> 292 |       </motion.div>
      |                    ^^^^^^^^^^^^^^^^^^^^^^^^^^^^^^^^^^^^^^^^^^^^^^^^^^^^^^^^^^^^^^^^^^^^^^^^^
> 293 |         {/* Logo */}
      | ^^^^^^^^
  294 |         <div style={{ textAlign: 'center', marginBottom: 40 }}>
  295 |           <div style={{
  296 |             width: 48, height: 48, margin: '0 auto 16px',

Parsing ecmascript source code failed

Import traces:
  Client Component Browser:
    ./app/login/page.tsx [Client Component Browser]
    ./app/login/page.tsx [Server Component]

  Client Component SSR:
    ./app/login/page.tsx [Client Component SSR]
    ./app/login/page.tsx [Server Component] @ http://localhost:3000/_next/static/chunks/node_modules_next_dist_0u_w_5s._.js:1945
[   14567ms] [ERROR] ./app/login/page.tsx:292:20
Expected '</', got 'jsx text'
  290 |             background: 'linear-gradient(90deg, transparent, rgba(201,169,110,0.4), trans...
  291 |           }} />
> 292 |       </motion.div>
      |                    ^^^^^^^^^^^^^^^^^^^^^^^^^^^^^^^^^^^^^^^^^^^^^^^^^^^^^^^^^^^^^^^^^^^^^^^^^
> 293 |         {/* Logo */}
      | ^^^^^^^^
  294 |         <div style={{ textAlign: 'center', marginBottom: 40 }}>
  295 |           <div style={{
  296 |             width: 48, height: 48, margin: '0 auto 16px',

Parsing ecmascript source code failed

Import traces:
  Client Component Browser:
    ./app/login/page.tsx [Client Component Browser]
    ./app/login/page.tsx [Server Component]

  Client Component SSR:
    ./app/login/page.tsx [Client Component SSR]
    ./app/login/page.tsx [Server Component] @ http://localhost:3000/_next/static/chunks/node_modules_next_dist_0u_w_5s._.js:1945
[   14629ms] [ERROR] ./app/login/page.tsx:292:20
Expected '</', got 'jsx text'
  290 |             background: 'linear-gradient(90deg, transparent, rgba(201,169,110,0.4), trans...
  291 |           }} />
> 292 |       </motion.div>
      |                    ^^^^^^^^^^^^^^^^^^^^^^^^^^^^^^^^^^^^^^^^^^^^^^^^^^^^^^^^^^^^^^^^^^^^^^^^^
> 293 |         {/* Logo */}
      | ^^^^^^^^
  294 |         <div style={{ textAlign: 'center', marginBottom: 40 }}>
  295 |           <div style={{
  296 |             width: 48, height: 48, margin: '0 auto 16px',

Parsing ecmascript source code failed

Import traces:
  Client Component Browser:
    ./app/login/page.tsx [Client Component Browser]
    ./app/login/page.tsx [Server Component]

  Client Component SSR:
    ./app/login/page.tsx [Client Component SSR]
    ./app/login/page.tsx [Server Component] @ http://localhost:3000/_next/static/chunks/node_modules_next_dist_0u_w_5s._.js:1945
[   14691ms] [ERROR] ./app/login/page.tsx:292:20
Expected '</', got 'jsx text'
  290 |             background: 'linear-gradient(90deg, transparent, rgba(201,169,110,0.4), trans...
  291 |           }} />
> 292 |       </motion.div>
      |                    ^^^^^^^^^^^^^^^^^^^^^^^^^^^^^^^^^^^^^^^^^^^^^^^^^^^^^^^^^^^^^^^^^^^^^^^^^
> 293 |         {/* Logo */}
      | ^^^^^^^^
  294 |         <div style={{ textAlign: 'center', marginBottom: 40 }}>
  295 |           <div style={{
  296 |             width: 48, height: 48, margin: '0 auto 16px',

Parsing ecmascript source code failed

Import traces:
  Client Component Browser:
    ./app/login/page.tsx [Client Component Browser]
    ./app/login/page.tsx [Server Component]

  Client Component SSR:
    ./app/login/page.tsx [Client Component SSR]
    ./app/login/page.tsx [Server Component] @ http://localhost:3000/_next/static/chunks/node_modules_next_dist_0u_w_5s._.js:1945
[   14751ms] [ERROR] ./app/login/page.tsx:292:20
Expected '</', got 'jsx text'
  290 |             background: 'linear-gradient(90deg, transparent, rgba(201,169,110,0.4), trans...
  291 |           }} />
> 292 |       </motion.div>
      |                    ^^^^^^^^^^^^^^^^^^^^^^^^^^^^^^^^^^^^^^^^^^^^^^^^^^^^^^^^^^^^^^^^^^^^^^^^^
> 293 |         {/* Logo */}
      | ^^^^^^^^
  294 |         <div style={{ textAlign: 'center', marginBottom: 40 }}>
  295 |           <div style={{
  296 |             width: 48, height: 48, margin: '0 auto 16px',

Parsing ecmascript source code failed

Import traces:
  Client Component Browser:
    ./app/login/page.tsx [Client Component Browser]
    ./app/login/page.tsx [Server Component]

  Client Component SSR:
    ./app/login/page.tsx [Client Component SSR]
    ./app/login/page.tsx [Server Component] @ http://localhost:3000/_next/static/chunks/node_modules_next_dist_0u_w_5s._.js:1945
[   14809ms] [ERROR] ./app/login/page.tsx:292:20
Expected '</', got 'jsx text'
  290 |             background: 'linear-gradient(90deg, transparent, rgba(201,169,110,0.4), trans...
  291 |           }} />
> 292 |       </motion.div>
      |                    ^^^^^^^^^^^^^^^^^^^^^^^^^^^^^^^^^^^^^^^^^^^^^^^^^^^^^^^^^^^^^^^^^^^^^^^^^
> 293 |         {/* Logo */}
      | ^^^^^^^^
  294 |         <div style={{ textAlign: 'center', marginBottom: 40 }}>
  295 |           <div style={{
  296 |             width: 48, height: 48, margin: '0 auto 16px',

Parsing ecmascript source code failed

Import traces:
  Client Component Browser:
    ./app/login/page.tsx [Client Component Browser]
    ./app/login/page.tsx [Server Component]

  Client Component SSR:
    ./app/login/page.tsx [Client Component SSR]
    ./app/login/page.tsx [Server Component] @ http://localhost:3000/_next/static/chunks/node_modules_next_dist_0u_w_5s._.js:1945
[   14868ms] [ERROR] ./app/login/page.tsx:292:20
Expected '</', got 'jsx text'
  290 |             background: 'linear-gradient(90deg, transparent, rgba(201,169,110,0.4), trans...
  291 |           }} />
> 292 |       </motion.div>
      |                    ^^^^^^^^^^^^^^^^^^^^^^^^^^^^^^^^^^^^^^^^^^^^^^^^^^^^^^^^^^^^^^^^^^^^^^^^^
> 293 |         {/* Logo */}
      | ^^^^^^^^
  294 |         <div style={{ textAlign: 'center', marginBottom: 40 }}>
  295 |           <div style={{
  296 |             width: 48, height: 48, margin: '0 auto 16px',

Parsing ecmascript source code failed

Import traces:
  Client Component Browser:
    ./app/login/page.tsx [Client Component Browser]
    ./app/login/page.tsx [Server Component]

  Client Component SSR:
    ./app/login/page.tsx [Client Component SSR]
    ./app/login/page.tsx [Server Component] @ http://localhost:3000/_next/static/chunks/node_modules_next_dist_0u_w_5s._.js:1945
[   14932ms] [ERROR] ./app/login/page.tsx:292:20
Expected '</', got 'jsx text'
  290 |             background: 'linear-gradient(90deg, transparent, rgba(201,169,110,0.4), trans...
  291 |           }} />
> 292 |       </motion.div>
      |                    ^^^^^^^^^^^^^^^^^^^^^^^^^^^^^^^^^^^^^^^^^^^^^^^^^^^^^^^^^^^^^^^^^^^^^^^^^
> 293 |         {/* Logo */}
      | ^^^^^^^^
  294 |         <div style={{ textAlign: 'center', marginBottom: 40 }}>
  295 |           <div style={{
  296 |             width: 48, height: 48, margin: '0 auto 16px',

Parsing ecmascript source code failed

Import traces:
  Client Component Browser:
    ./app/login/page.tsx [Client Component Browser]
    ./app/login/page.tsx [Server Component]

  Client Component SSR:
    ./app/login/page.tsx [Client Component SSR]
    ./app/login/page.tsx [Server Component] @ http://localhost:3000/_next/static/chunks/node_modules_next_dist_0u_w_5s._.js:1945
[   14989ms] [ERROR] ./app/login/page.tsx:292:20
Expected '</', got 'jsx text'
  290 |             background: 'linear-gradient(90deg, transparent, rgba(201,169,110,0.4), trans...
  291 |           }} />
> 292 |       </motion.div>
      |                    ^^^^^^^^^^^^^^^^^^^^^^^^^^^^^^^^^^^^^^^^^^^^^^^^^^^^^^^^^^^^^^^^^^^^^^^^^
> 293 |         {/* Logo */}
      | ^^^^^^^^
  294 |         <div style={{ textAlign: 'center', marginBottom: 40 }}>
  295 |           <div style={{
  296 |             width: 48, height: 48, margin: '0 auto 16px',

Parsing ecmascript source code failed

Import traces:
  Client Component Browser:
    ./app/login/page.tsx [Client Component Browser]
    ./app/login/page.tsx [Server Component]

  Client Component SSR:
    ./app/login/page.tsx [Client Component SSR]
    ./app/login/page.tsx [Server Component] @ http://localhost:3000/_next/static/chunks/node_modules_next_dist_0u_w_5s._.js:1945
[   15047ms] [ERROR] ./app/login/page.tsx:292:20
Expected '</', got 'jsx text'
  290 |             background: 'linear-gradient(90deg, transparent, rgba(201,169,110,0.4), trans...
  291 |           }} />
> 292 |       </motion.div>
      |                    ^^^^^^^^^^^^^^^^^^^^^^^^^^^^^^^^^^^^^^^^^^^^^^^^^^^^^^^^^^^^^^^^^^^^^^^^^
> 293 |         {/* Logo */}
      | ^^^^^^^^
  294 |         <div style={{ textAlign: 'center', marginBottom: 40 }}>
  295 |           <div style={{
  296 |             width: 48, height: 48, margin: '0 auto 16px',

Parsing ecmascript source code failed

Import traces:
  Client Component Browser:
    ./app/login/page.tsx [Client Component Browser]
    ./app/login/page.tsx [Server Component]

  Client Component SSR:
    ./app/login/page.tsx [Client Component SSR]
    ./app/login/page.tsx [Server Component] @ http://localhost:3000/_next/static/chunks/node_modules_next_dist_0u_w_5s._.js:1945
[   15107ms] [ERROR] ./app/login/page.tsx:292:20
Expected '</', got 'jsx text'
  290 |             background: 'linear-gradient(90deg, transparent, rgba(201,169,110,0.4), trans...
  291 |           }} />
> 292 |       </motion.div>
      |                    ^^^^^^^^^^^^^^^^^^^^^^^^^^^^^^^^^^^^^^^^^^^^^^^^^^^^^^^^^^^^^^^^^^^^^^^^^
> 293 |         {/* Logo */}
      | ^^^^^^^^
  294 |         <div style={{ textAlign: 'center', marginBottom: 40 }}>
  295 |           <div style={{
  296 |             width: 48, height: 48, margin: '0 auto 16px',

Parsing ecmascript source code failed

Import traces:
  Client Component Browser:
    ./app/login/page.tsx [Client Component Browser]
    ./app/login/page.tsx [Server Component]

  Client Component SSR:
    ./app/login/page.tsx [Client Component SSR]
    ./app/login/page.tsx [Server Component] @ http://localhost:3000/_next/static/chunks/node_modules_next_dist_0u_w_5s._.js:1945
[   15172ms] [ERROR] ./app/login/page.tsx:292:20
Expected '</', got 'jsx text'
  290 |             background: 'linear-gradient(90deg, transparent, rgba(201,169,110,0.4), trans...
  291 |           }} />
> 292 |       </motion.div>
      |                    ^^^^^^^^^^^^^^^^^^^^^^^^^^^^^^^^^^^^^^^^^^^^^^^^^^^^^^^^^^^^^^^^^^^^^^^^^
> 293 |         {/* Logo */}
      | ^^^^^^^^
  294 |         <div style={{ textAlign: 'center', marginBottom: 40 }}>
  295 |           <div style={{
  296 |             width: 48, height: 48, margin: '0 auto 16px',

Parsing ecmascript source code failed

Import traces:
  Client Component Browser:
    ./app/login/page.tsx [Client Component Browser]
    ./app/login/page.tsx [Server Component]

  Client Component SSR:
    ./app/login/page.tsx [Client Component SSR]
    ./app/login/page.tsx [Server Component] @ http://localhost:3000/_next/static/chunks/node_modules_next_dist_0u_w_5s._.js:1945
[   15226ms] [ERROR] ./app/login/page.tsx:292:20
Expected '</', got 'jsx text'
  290 |             background: 'linear-gradient(90deg, transparent, rgba(201,169,110,0.4), trans...
  291 |           }} />
> 292 |       </motion.div>
      |                    ^^^^^^^^^^^^^^^^^^^^^^^^^^^^^^^^^^^^^^^^^^^^^^^^^^^^^^^^^^^^^^^^^^^^^^^^^
> 293 |         {/* Logo */}
      | ^^^^^^^^
  294 |         <div style={{ textAlign: 'center', marginBottom: 40 }}>
  295 |           <div style={{
  296 |             width: 48, height: 48, margin: '0 auto 16px',

Parsing ecmascript source code failed

Import traces:
  Client Component Browser:
    ./app/login/page.tsx [Client Component Browser]
    ./app/login/page.tsx [Server Component]

  Client Component SSR:
    ./app/login/page.tsx [Client Component SSR]
    ./app/login/page.tsx [Server Component] @ http://localhost:3000/_next/static/chunks/node_modules_next_dist_0u_w_5s._.js:1945
[   15287ms] [ERROR] ./app/login/page.tsx:292:20
Expected '</', got 'jsx text'
  290 |             background: 'linear-gradient(90deg, transparent, rgba(201,169,110,0.4), trans...
  291 |           }} />
> 292 |       </motion.div>
      |                    ^^^^^^^^^^^^^^^^^^^^^^^^^^^^^^^^^^^^^^^^^^^^^^^^^^^^^^^^^^^^^^^^^^^^^^^^^
> 293 |         {/* Logo */}
      | ^^^^^^^^
  294 |         <div style={{ textAlign: 'center', marginBottom: 40 }}>
  295 |           <div style={{
  296 |             width: 48, height: 48, margin: '0 auto 16px',

Parsing ecmascript source code failed

Import traces:
  Client Component Browser:
    ./app/login/page.tsx [Client Component Browser]
    ./app/login/page.tsx [Server Component]

  Client Component SSR:
    ./app/login/page.tsx [Client Component SSR]
    ./app/login/page.tsx [Server Component] @ http://localhost:3000/_next/static/chunks/node_modules_next_dist_0u_w_5s._.js:1945
[   15348ms] [ERROR] ./app/login/page.tsx:292:20
Expected '</', got 'jsx text'
  290 |             background: 'linear-gradient(90deg, transparent, rgba(201,169,110,0.4), trans...
  291 |           }} />
> 292 |       </motion.div>
      |                    ^^^^^^^^^^^^^^^^^^^^^^^^^^^^^^^^^^^^^^^^^^^^^^^^^^^^^^^^^^^^^^^^^^^^^^^^^
> 293 |         {/* Logo */}
      | ^^^^^^^^
  294 |         <div style={{ textAlign: 'center', marginBottom: 40 }}>
  295 |           <div style={{
  296 |             width: 48, height: 48, margin: '0 auto 16px',

Parsing ecmascript source code failed

Import traces:
  Client Component Browser:
    ./app/login/page.tsx [Client Component Browser]
    ./app/login/page.tsx [Server Component]

  Client Component SSR:
    ./app/login/page.tsx [Client Component SSR]
    ./app/login/page.tsx [Server Component] @ http://localhost:3000/_next/static/chunks/node_modules_next_dist_0u_w_5s._.js:1945
[   15406ms] [ERROR] ./app/login/page.tsx:292:20
Expected '</', got 'jsx text'
  290 |             background: 'linear-gradient(90deg, transparent, rgba(201,169,110,0.4), trans...
  291 |           }} />
> 292 |       </motion.div>
      |                    ^^^^^^^^^^^^^^^^^^^^^^^^^^^^^^^^^^^^^^^^^^^^^^^^^^^^^^^^^^^^^^^^^^^^^^^^^
> 293 |         {/* Logo */}
      | ^^^^^^^^
  294 |         <div style={{ textAlign: 'center', marginBottom: 40 }}>
  295 |           <div style={{
  296 |             width: 48, height: 48, margin: '0 auto 16px',

Parsing ecmascript source code failed

Import traces:
  Client Component Browser:
    ./app/login/page.tsx [Client Component Browser]
    ./app/login/page.tsx [Server Component]

  Client Component SSR:
    ./app/login/page.tsx [Client Component SSR]
    ./app/login/page.tsx [Server Component] @ http://localhost:3000/_next/static/chunks/node_modules_next_dist_0u_w_5s._.js:1945
[   15465ms] [ERROR] ./app/login/page.tsx:292:20
Expected '</', got 'jsx text'
  290 |             background: 'linear-gradient(90deg, transparent, rgba(201,169,110,0.4), trans...
  291 |           }} />
> 292 |       </motion.div>
      |                    ^^^^^^^^^^^^^^^^^^^^^^^^^^^^^^^^^^^^^^^^^^^^^^^^^^^^^^^^^^^^^^^^^^^^^^^^^
> 293 |         {/* Logo */}
      | ^^^^^^^^
  294 |         <div style={{ textAlign: 'center', marginBottom: 40 }}>
  295 |           <div style={{
  296 |             width: 48, height: 48, margin: '0 auto 16px',

Parsing ecmascript source code failed

Import traces:
  Client Component Browser:
    ./app/login/page.tsx [Client Component Browser]
    ./app/login/page.tsx [Server Component]

  Client Component SSR:
    ./app/login/page.tsx [Client Component SSR]
    ./app/login/page.tsx [Server Component] @ http://localhost:3000/_next/static/chunks/node_modules_next_dist_0u_w_5s._.js:1945
[   15522ms] [ERROR] ./app/login/page.tsx:292:20
Expected '</', got 'jsx text'
  290 |             background: 'linear-gradient(90deg, transparent, rgba(201,169,110,0.4), trans...
  291 |           }} />
> 292 |       </motion.div>
      |                    ^^^^^^^^^^^^^^^^^^^^^^^^^^^^^^^^^^^^^^^^^^^^^^^^^^^^^^^^^^^^^^^^^^^^^^^^^
> 293 |         {/* Logo */}
      | ^^^^^^^^
  294 |         <div style={{ textAlign: 'center', marginBottom: 40 }}>
  295 |           <div style={{
  296 |             width: 48, height: 48, margin: '0 auto 16px',

Parsing ecmascript source code failed

Import traces:
  Client Component Browser:
    ./app/login/page.tsx [Client Component Browser]
    ./app/login/page.tsx [Server Component]

  Client Component SSR:
    ./app/login/page.tsx [Client Component SSR]
    ./app/login/page.tsx [Server Component] @ http://localhost:3000/_next/static/chunks/node_modules_next_dist_0u_w_5s._.js:1945
[   15582ms] [ERROR] ./app/login/page.tsx:292:20
Expected '</', got 'jsx text'
  290 |             background: 'linear-gradient(90deg, transparent, rgba(201,169,110,0.4), trans...
  291 |           }} />
> 292 |       </motion.div>
      |                    ^^^^^^^^^^^^^^^^^^^^^^^^^^^^^^^^^^^^^^^^^^^^^^^^^^^^^^^^^^^^^^^^^^^^^^^^^
> 293 |         {/* Logo */}
      | ^^^^^^^^
  294 |         <div style={{ textAlign: 'center', marginBottom: 40 }}>
  295 |           <div style={{
  296 |             width: 48, height: 48, margin: '0 auto 16px',

Parsing ecmascript source code failed

Import traces:
  Client Component Browser:
    ./app/login/page.tsx [Client Component Browser]
    ./app/login/page.tsx [Server Component]

  Client Component SSR:
    ./app/login/page.tsx [Client Component SSR]
    ./app/login/page.tsx [Server Component] @ http://localhost:3000/_next/static/chunks/node_modules_next_dist_0u_w_5s._.js:1945
[   15641ms] [ERROR] ./app/login/page.tsx:292:20
Expected '</', got 'jsx text'
  290 |             background: 'linear-gradient(90deg, transparent, rgba(201,169,110,0.4), trans...
  291 |           }} />
> 292 |       </motion.div>
      |                    ^^^^^^^^^^^^^^^^^^^^^^^^^^^^^^^^^^^^^^^^^^^^^^^^^^^^^^^^^^^^^^^^^^^^^^^^^
> 293 |         {/* Logo */}
      | ^^^^^^^^
  294 |         <div style={{ textAlign: 'center', marginBottom: 40 }}>
  295 |           <div style={{
  296 |             width: 48, height: 48, margin: '0 auto 16px',

Parsing ecmascript source code failed

Import traces:
  Client Component Browser:
    ./app/login/page.tsx [Client Component Browser]
    ./app/login/page.tsx [Server Component]

  Client Component SSR:
    ./app/login/page.tsx [Client Component SSR]
    ./app/login/page.tsx [Server Component] @ http://localhost:3000/_next/static/chunks/node_modules_next_dist_0u_w_5s._.js:1945
[   15701ms] [ERROR] ./app/login/page.tsx:292:20
Expected '</', got 'jsx text'
  290 |             background: 'linear-gradient(90deg, transparent, rgba(201,169,110,0.4), trans...
  291 |           }} />
> 292 |       </motion.div>
      |                    ^^^^^^^^^^^^^^^^^^^^^^^^^^^^^^^^^^^^^^^^^^^^^^^^^^^^^^^^^^^^^^^^^^^^^^^^^
> 293 |         {/* Logo */}
      | ^^^^^^^^
  294 |         <div style={{ textAlign: 'center', marginBottom: 40 }}>
  295 |           <div style={{
  296 |             width: 48, height: 48, margin: '0 auto 16px',

Parsing ecmascript source code failed

Import traces:
  Client Component Browser:
    ./app/login/page.tsx [Client Component Browser]
    ./app/login/page.tsx [Server Component]

  Client Component SSR:
    ./app/login/page.tsx [Client Component SSR]
    ./app/login/page.tsx [Server Component] @ http://localhost:3000/_next/static/chunks/node_modules_next_dist_0u_w_5s._.js:1945
[   15757ms] [ERROR] ./app/login/page.tsx:292:20
Expected '</', got 'jsx text'
  290 |             background: 'linear-gradient(90deg, transparent, rgba(201,169,110,0.4), trans...
  291 |           }} />
> 292 |       </motion.div>
      |                    ^^^^^^^^^^^^^^^^^^^^^^^^^^^^^^^^^^^^^^^^^^^^^^^^^^^^^^^^^^^^^^^^^^^^^^^^^
> 293 |         {/* Logo */}
      | ^^^^^^^^
  294 |         <div style={{ textAlign: 'center', marginBottom: 40 }}>
  295 |           <div style={{
  296 |             width: 48, height: 48, margin: '0 auto 16px',

Parsing ecmascript source code failed

Import traces:
  Client Component Browser:
    ./app/login/page.tsx [Client Component Browser]
    ./app/login/page.tsx [Server Component]

  Client Component SSR:
    ./app/login/page.tsx [Client Component SSR]
    ./app/login/page.tsx [Server Component] @ http://localhost:3000/_next/static/chunks/node_modules_next_dist_0u_w_5s._.js:1945
[   15816ms] [ERROR] ./app/login/page.tsx:292:20
Expected '</', got 'jsx text'
  290 |             background: 'linear-gradient(90deg, transparent, rgba(201,169,110,0.4), trans...
  291 |           }} />
> 292 |       </motion.div>
      |                    ^^^^^^^^^^^^^^^^^^^^^^^^^^^^^^^^^^^^^^^^^^^^^^^^^^^^^^^^^^^^^^^^^^^^^^^^^
> 293 |         {/* Logo */}
      | ^^^^^^^^
  294 |         <div style={{ textAlign: 'center', marginBottom: 40 }}>
  295 |           <div style={{
  296 |             width: 48, height: 48, margin: '0 auto 16px',

Parsing ecmascript source code failed

Import traces:
  Client Component Browser:
    ./app/login/page.tsx [Client Component Browser]
    ./app/login/page.tsx [Server Component]

  Client Component SSR:
    ./app/login/page.tsx [Client Component SSR]
    ./app/login/page.tsx [Server Component] @ http://localhost:3000/_next/static/chunks/node_modules_next_dist_0u_w_5s._.js:1945
[   15875ms] [ERROR] ./app/login/page.tsx:292:20
Expected '</', got 'jsx text'
  290 |             background: 'linear-gradient(90deg, transparent, rgba(201,169,110,0.4), trans...
  291 |           }} />
> 292 |       </motion.div>
      |                    ^^^^^^^^^^^^^^^^^^^^^^^^^^^^^^^^^^^^^^^^^^^^^^^^^^^^^^^^^^^^^^^^^^^^^^^^^
> 293 |         {/* Logo */}
      | ^^^^^^^^
  294 |         <div style={{ textAlign: 'center', marginBottom: 40 }}>
  295 |           <div style={{
  296 |             width: 48, height: 48, margin: '0 auto 16px',

Parsing ecmascript source code failed

Import traces:
  Client Component Browser:
    ./app/login/page.tsx [Client Component Browser]
    ./app/login/page.tsx [Server Component]

  Client Component SSR:
    ./app/login/page.tsx [Client Component SSR]
    ./app/login/page.tsx [Server Component] @ http://localhost:3000/_next/static/chunks/node_modules_next_dist_0u_w_5s._.js:1945
[   15938ms] [ERROR] ./app/login/page.tsx:292:20
Expected '</', got 'jsx text'
  290 |             background: 'linear-gradient(90deg, transparent, rgba(201,169,110,0.4), trans...
  291 |           }} />
> 292 |       </motion.div>
      |                    ^^^^^^^^^^^^^^^^^^^^^^^^^^^^^^^^^^^^^^^^^^^^^^^^^^^^^^^^^^^^^^^^^^^^^^^^^
> 293 |         {/* Logo */}
      | ^^^^^^^^
  294 |         <div style={{ textAlign: 'center', marginBottom: 40 }}>
  295 |           <div style={{
  296 |             width: 48, height: 48, margin: '0 auto 16px',

Parsing ecmascript source code failed

Import traces:
  Client Component Browser:
    ./app/login/page.tsx [Client Component Browser]
    ./app/login/page.tsx [Server Component]

  Client Component SSR:
    ./app/login/page.tsx [Client Component SSR]
    ./app/login/page.tsx [Server Component] @ http://localhost:3000/_next/static/chunks/node_modules_next_dist_0u_w_5s._.js:1945
[   15998ms] [ERROR] ./app/login/page.tsx:292:20
Expected '</', got 'jsx text'
  290 |             background: 'linear-gradient(90deg, transparent, rgba(201,169,110,0.4), trans...
  291 |           }} />
> 292 |       </motion.div>
      |                    ^^^^^^^^^^^^^^^^^^^^^^^^^^^^^^^^^^^^^^^^^^^^^^^^^^^^^^^^^^^^^^^^^^^^^^^^^
> 293 |         {/* Logo */}
      | ^^^^^^^^
  294 |         <div style={{ textAlign: 'center', marginBottom: 40 }}>
  295 |           <div style={{
  296 |             width: 48, height: 48, margin: '0 auto 16px',

Parsing ecmascript source code failed

Import traces:
  Client Component Browser:
    ./app/login/page.tsx [Client Component Browser]
    ./app/login/page.tsx [Server Component]

  Client Component SSR:
    ./app/login/page.tsx [Client Component SSR]
    ./app/login/page.tsx [Server Component] @ http://localhost:3000/_next/static/chunks/node_modules_next_dist_0u_w_5s._.js:1945
[   16060ms] [ERROR] ./app/login/page.tsx:292:20
Expected '</', got 'jsx text'
  290 |             background: 'linear-gradient(90deg, transparent, rgba(201,169,110,0.4), trans...
  291 |           }} />
> 292 |       </motion.div>
      |                    ^^^^^^^^^^^^^^^^^^^^^^^^^^^^^^^^^^^^^^^^^^^^^^^^^^^^^^^^^^^^^^^^^^^^^^^^^
> 293 |         {/* Logo */}
      | ^^^^^^^^
  294 |         <div style={{ textAlign: 'center', marginBottom: 40 }}>
  295 |           <div style={{
  296 |             width: 48, height: 48, margin: '0 auto 16px',

Parsing ecmascript source code failed

Import traces:
  Client Component Browser:
    ./app/login/page.tsx [Client Component Browser]
    ./app/login/page.tsx [Server Component]

  Client Component SSR:
    ./app/login/page.tsx [Client Component SSR]
    ./app/login/page.tsx [Server Component] @ http://localhost:3000/_next/static/chunks/node_modules_next_dist_0u_w_5s._.js:1945
[   16120ms] [ERROR] ./app/login/page.tsx:292:20
Expected '</', got 'jsx text'
  290 |             background: 'linear-gradient(90deg, transparent, rgba(201,169,110,0.4), trans...
  291 |           }} />
> 292 |       </motion.div>
      |                    ^^^^^^^^^^^^^^^^^^^^^^^^^^^^^^^^^^^^^^^^^^^^^^^^^^^^^^^^^^^^^^^^^^^^^^^^^
> 293 |         {/* Logo */}
      | ^^^^^^^^
  294 |         <div style={{ textAlign: 'center', marginBottom: 40 }}>
  295 |           <div style={{
  296 |             width: 48, height: 48, margin: '0 auto 16px',

Parsing ecmascript source code failed

Import traces:
  Client Component Browser:
    ./app/login/page.tsx [Client Component Browser]
    ./app/login/page.tsx [Server Component]

  Client Component SSR:
    ./app/login/page.tsx [Client Component SSR]
    ./app/login/page.tsx [Server Component] @ http://localhost:3000/_next/static/chunks/node_modules_next_dist_0u_w_5s._.js:1945
[   16169ms] [ERROR] ./app/login/page.tsx:292:20
Expected '</', got 'jsx text'
  290 |             background: 'linear-gradient(90deg, transparent, rgba(201,169,110,0.4), trans...
  291 |           }} />
> 292 |       </motion.div>
      |                    ^^^^^^^^^^^^^^^^^^^^^^^^^^^^^^^^^^^^^^^^^^^^^^^^^^^^^^^^^^^^^^^^^^^^^^^^^
> 293 |         {/* Logo */}
      | ^^^^^^^^
  294 |         <div style={{ textAlign: 'center', marginBottom: 40 }}>
  295 |           <div style={{
  296 |             width: 48, height: 48, margin: '0 auto 16px',

Parsing ecmascript source code failed

Import traces:
  Client Component Browser:
    ./app/login/page.tsx [Client Component Browser]
    ./app/login/page.tsx [Server Component]

  Client Component SSR:
    ./app/login/page.tsx [Client Component SSR]
    ./app/login/page.tsx [Server Component] @ http://localhost:3000/_next/static/chunks/node_modules_next_dist_0u_w_5s._.js:1945
[   16227ms] [ERROR] ./app/login/page.tsx:292:20
Expected '</', got 'jsx text'
  290 |             background: 'linear-gradient(90deg, transparent, rgba(201,169,110,0.4), trans...
  291 |           }} />
> 292 |       </motion.div>
      |                    ^^^^^^^^^^^^^^^^^^^^^^^^^^^^^^^^^^^^^^^^^^^^^^^^^^^^^^^^^^^^^^^^^^^^^^^^^
> 293 |         {/* Logo */}
      | ^^^^^^^^
  294 |         <div style={{ textAlign: 'center', marginBottom: 40 }}>
  295 |           <div style={{
  296 |             width: 48, height: 48, margin: '0 auto 16px',

Parsing ecmascript source code failed

Import traces:
  Client Component Browser:
    ./app/login/page.tsx [Client Component Browser]
    ./app/login/page.tsx [Server Component]

  Client Component SSR:
    ./app/login/page.tsx [Client Component SSR]
    ./app/login/page.tsx [Server Component] @ http://localhost:3000/_next/static/chunks/node_modules_next_dist_0u_w_5s._.js:1945
[   16291ms] [ERROR] ./app/login/page.tsx:292:20
Expected '</', got 'jsx text'
  290 |             background: 'linear-gradient(90deg, transparent, rgba(201,169,110,0.4), trans...
  291 |           }} />
> 292 |       </motion.div>
      |                    ^^^^^^^^^^^^^^^^^^^^^^^^^^^^^^^^^^^^^^^^^^^^^^^^^^^^^^^^^^^^^^^^^^^^^^^^^
> 293 |         {/* Logo */}
      | ^^^^^^^^
  294 |         <div style={{ textAlign: 'center', marginBottom: 40 }}>
  295 |           <div style={{
  296 |             width: 48, height: 48, margin: '0 auto 16px',

Parsing ecmascript source code failed

Import traces:
  Client Component Browser:
    ./app/login/page.tsx [Client Component Browser]
    ./app/login/page.tsx [Server Component]

  Client Component SSR:
    ./app/login/page.tsx [Client Component SSR]
    ./app/login/page.tsx [Server Component] @ http://localhost:3000/_next/static/chunks/node_modules_next_dist_0u_w_5s._.js:1945
[   16346ms] [ERROR] ./app/login/page.tsx:292:20
Expected '</', got 'jsx text'
  290 |             background: 'linear-gradient(90deg, transparent, rgba(201,169,110,0.4), trans...
  291 |           }} />
> 292 |       </motion.div>
      |                    ^^^^^^^^^^^^^^^^^^^^^^^^^^^^^^^^^^^^^^^^^^^^^^^^^^^^^^^^^^^^^^^^^^^^^^^^^
> 293 |         {/* Logo */}
      | ^^^^^^^^
  294 |         <div style={{ textAlign: 'center', marginBottom: 40 }}>
  295 |           <div style={{
  296 |             width: 48, height: 48, margin: '0 auto 16px',

Parsing ecmascript source code failed

Import traces:
  Client Component Browser:
    ./app/login/page.tsx [Client Component Browser]
    ./app/login/page.tsx [Server Component]

  Client Component SSR:
    ./app/login/page.tsx [Client Component SSR]
    ./app/login/page.tsx [Server Component] @ http://localhost:3000/_next/static/chunks/node_modules_next_dist_0u_w_5s._.js:1945
[   16408ms] [ERROR] ./app/login/page.tsx:292:20
Expected '</', got 'jsx text'
  290 |             background: 'linear-gradient(90deg, transparent, rgba(201,169,110,0.4), trans...
  291 |           }} />
> 292 |       </motion.div>
      |                    ^^^^^^^^^^^^^^^^^^^^^^^^^^^^^^^^^^^^^^^^^^^^^^^^^^^^^^^^^^^^^^^^^^^^^^^^^
> 293 |         {/* Logo */}
      | ^^^^^^^^
  294 |         <div style={{ textAlign: 'center', marginBottom: 40 }}>
  295 |           <div style={{
  296 |             width: 48, height: 48, margin: '0 auto 16px',

Parsing ecmascript source code failed

Import traces:
  Client Component Browser:
    ./app/login/page.tsx [Client Component Browser]
    ./app/login/page.tsx [Server Component]

  Client Component SSR:
    ./app/login/page.tsx [Client Component SSR]
    ./app/login/page.tsx [Server Component] @ http://localhost:3000/_next/static/chunks/node_modules_next_dist_0u_w_5s._.js:1945
[   16470ms] [ERROR] ./app/login/page.tsx:292:20
Expected '</', got 'jsx text'
  290 |             background: 'linear-gradient(90deg, transparent, rgba(201,169,110,0.4), trans...
  291 |           }} />
> 292 |       </motion.div>
      |                    ^^^^^^^^^^^^^^^^^^^^^^^^^^^^^^^^^^^^^^^^^^^^^^^^^^^^^^^^^^^^^^^^^^^^^^^^^
> 293 |         {/* Logo */}
      | ^^^^^^^^
  294 |         <div style={{ textAlign: 'center', marginBottom: 40 }}>
  295 |           <div style={{
  296 |             width: 48, height: 48, margin: '0 auto 16px',

Parsing ecmascript source code failed

Import traces:
  Client Component Browser:
    ./app/login/page.tsx [Client Component Browser]
    ./app/login/page.tsx [Server Component]

  Client Component SSR:
    ./app/login/page.tsx [Client Component SSR]
    ./app/login/page.tsx [Server Component] @ http://localhost:3000/_next/static/chunks/node_modules_next_dist_0u_w_5s._.js:1945
[   16524ms] [ERROR] ./app/login/page.tsx:292:20
Expected '</', got 'jsx text'
  290 |             background: 'linear-gradient(90deg, transparent, rgba(201,169,110,0.4), trans...
  291 |           }} />
> 292 |       </motion.div>
      |                    ^^^^^^^^^^^^^^^^^^^^^^^^^^^^^^^^^^^^^^^^^^^^^^^^^^^^^^^^^^^^^^^^^^^^^^^^^
> 293 |         {/* Logo */}
      | ^^^^^^^^
  294 |         <div style={{ textAlign: 'center', marginBottom: 40 }}>
  295 |           <div style={{
  296 |             width: 48, height: 48, margin: '0 auto 16px',

Parsing ecmascript source code failed

Import traces:
  Client Component Browser:
    ./app/login/page.tsx [Client Component Browser]
    ./app/login/page.tsx [Server Component]

  Client Component SSR:
    ./app/login/page.tsx [Client Component SSR]
    ./app/login/page.tsx [Server Component] @ http://localhost:3000/_next/static/chunks/node_modules_next_dist_0u_w_5s._.js:1945
[   16589ms] [ERROR] ./app/login/page.tsx:292:20
Expected '</', got 'jsx text'
  290 |             background: 'linear-gradient(90deg, transparent, rgba(201,169,110,0.4), trans...
  291 |           }} />
> 292 |       </motion.div>
      |                    ^^^^^^^^^^^^^^^^^^^^^^^^^^^^^^^^^^^^^^^^^^^^^^^^^^^^^^^^^^^^^^^^^^^^^^^^^
> 293 |         {/* Logo */}
      | ^^^^^^^^
  294 |         <div style={{ textAlign: 'center', marginBottom: 40 }}>
  295 |           <div style={{
  296 |             width: 48, height: 48, margin: '0 auto 16px',

Parsing ecmascript source code failed

Import traces:
  Client Component Browser:
    ./app/login/page.tsx [Client Component Browser]
    ./app/login/page.tsx [Server Component]

  Client Component SSR:
    ./app/login/page.tsx [Client Component SSR]
    ./app/login/page.tsx [Server Component] @ http://localhost:3000/_next/static/chunks/node_modules_next_dist_0u_w_5s._.js:1945
[   16648ms] [ERROR] ./app/login/page.tsx:292:20
Expected '</', got 'jsx text'
  290 |             background: 'linear-gradient(90deg, transparent, rgba(201,169,110,0.4), trans...
  291 |           }} />
> 292 |       </motion.div>
      |                    ^^^^^^^^^^^^^^^^^^^^^^^^^^^^^^^^^^^^^^^^^^^^^^^^^^^^^^^^^^^^^^^^^^^^^^^^^
> 293 |         {/* Logo */}
      | ^^^^^^^^
  294 |         <div style={{ textAlign: 'center', marginBottom: 40 }}>
  295 |           <div style={{
  296 |             width: 48, height: 48, margin: '0 auto 16px',

Parsing ecmascript source code failed

Import traces:
  Client Component Browser:
    ./app/login/page.tsx [Client Component Browser]
    ./app/login/page.tsx [Server Component]

  Client Component SSR:
    ./app/login/page.tsx [Client Component SSR]
    ./app/login/page.tsx [Server Component] @ http://localhost:3000/_next/static/chunks/node_modules_next_dist_0u_w_5s._.js:1945
[   16707ms] [ERROR] ./app/login/page.tsx:292:20
Expected '</', got 'jsx text'
  290 |             background: 'linear-gradient(90deg, transparent, rgba(201,169,110,0.4), trans...
  291 |           }} />
> 292 |       </motion.div>
      |                    ^^^^^^^^^^^^^^^^^^^^^^^^^^^^^^^^^^^^^^^^^^^^^^^^^^^^^^^^^^^^^^^^^^^^^^^^^
> 293 |         {/* Logo */}
      | ^^^^^^^^
  294 |         <div style={{ textAlign: 'center', marginBottom: 40 }}>
  295 |           <div style={{
  296 |             width: 48, height: 48, margin: '0 auto 16px',

Parsing ecmascript source code failed

Import traces:
  Client Component Browser:
    ./app/login/page.tsx [Client Component Browser]
    ./app/login/page.tsx [Server Component]

  Client Component SSR:
    ./app/login/page.tsx [Client Component SSR]
    ./app/login/page.tsx [Server Component] @ http://localhost:3000/_next/static/chunks/node_modules_next_dist_0u_w_5s._.js:1945
[   16768ms] [ERROR] ./app/login/page.tsx:292:20
Expected '</', got 'jsx text'
  290 |             background: 'linear-gradient(90deg, transparent, rgba(201,169,110,0.4), trans...
  291 |           }} />
> 292 |       </motion.div>
      |                    ^^^^^^^^^^^^^^^^^^^^^^^^^^^^^^^^^^^^^^^^^^^^^^^^^^^^^^^^^^^^^^^^^^^^^^^^^
> 293 |         {/* Logo */}
      | ^^^^^^^^
  294 |         <div style={{ textAlign: 'center', marginBottom: 40 }}>
  295 |           <div style={{
  296 |             width: 48, height: 48, margin: '0 auto 16px',

Parsing ecmascript source code failed

Import traces:
  Client Component Browser:
    ./app/login/page.tsx [Client Component Browser]
    ./app/login/page.tsx [Server Component]

  Client Component SSR:
    ./app/login/page.tsx [Client Component SSR]
    ./app/login/page.tsx [Server Component] @ http://localhost:3000/_next/static/chunks/node_modules_next_dist_0u_w_5s._.js:1945
[   16830ms] [ERROR] ./app/login/page.tsx:292:20
Expected '</', got 'jsx text'
  290 |             background: 'linear-gradient(90deg, transparent, rgba(201,169,110,0.4), trans...
  291 |           }} />
> 292 |       </motion.div>
      |                    ^^^^^^^^^^^^^^^^^^^^^^^^^^^^^^^^^^^^^^^^^^^^^^^^^^^^^^^^^^^^^^^^^^^^^^^^^
> 293 |         {/* Logo */}
      | ^^^^^^^^
  294 |         <div style={{ textAlign: 'center', marginBottom: 40 }}>
  295 |           <div style={{
  296 |             width: 48, height: 48, margin: '0 auto 16px',

Parsing ecmascript source code failed

Import traces:
  Client Component Browser:
    ./app/login/page.tsx [Client Component Browser]
    ./app/login/page.tsx [Server Component]

  Client Component SSR:
    ./app/login/page.tsx [Client Component SSR]
    ./app/login/page.tsx [Server Component] @ http://localhost:3000/_next/static/chunks/node_modules_next_dist_0u_w_5s._.js:1945
[   16890ms] [ERROR] ./app/login/page.tsx:292:20
Expected '</', got 'jsx text'
  290 |             background: 'linear-gradient(90deg, transparent, rgba(201,169,110,0.4), trans...
  291 |           }} />
> 292 |       </motion.div>
      |                    ^^^^^^^^^^^^^^^^^^^^^^^^^^^^^^^^^^^^^^^^^^^^^^^^^^^^^^^^^^^^^^^^^^^^^^^^^
> 293 |         {/* Logo */}
      | ^^^^^^^^
  294 |         <div style={{ textAlign: 'center', marginBottom: 40 }}>
  295 |           <div style={{
  296 |             width: 48, height: 48, margin: '0 auto 16px',

Parsing ecmascript source code failed

Import traces:
  Client Component Browser:
    ./app/login/page.tsx [Client Component Browser]
    ./app/login/page.tsx [Server Component]

  Client Component SSR:
    ./app/login/page.tsx [Client Component SSR]
    ./app/login/page.tsx [Server Component] @ http://localhost:3000/_next/static/chunks/node_modules_next_dist_0u_w_5s._.js:1945
[   16951ms] [ERROR] ./app/login/page.tsx:292:20
Expected '</', got 'jsx text'
  290 |             background: 'linear-gradient(90deg, transparent, rgba(201,169,110,0.4), trans...
  291 |           }} />
> 292 |       </motion.div>
      |                    ^^^^^^^^^^^^^^^^^^^^^^^^^^^^^^^^^^^^^^^^^^^^^^^^^^^^^^^^^^^^^^^^^^^^^^^^^
> 293 |         {/* Logo */}
      | ^^^^^^^^
  294 |         <div style={{ textAlign: 'center', marginBottom: 40 }}>
  295 |           <div style={{
  296 |             width: 48, height: 48, margin: '0 auto 16px',

Parsing ecmascript source code failed

Import traces:
  Client Component Browser:
    ./app/login/page.tsx [Client Component Browser]
    ./app/login/page.tsx [Server Component]

  Client Component SSR:
    ./app/login/page.tsx [Client Component SSR]
    ./app/login/page.tsx [Server Component] @ http://localhost:3000/_next/static/chunks/node_modules_next_dist_0u_w_5s._.js:1945
[   17011ms] [ERROR] ./app/login/page.tsx:292:20
Expected '</', got 'jsx text'
  290 |             background: 'linear-gradient(90deg, transparent, rgba(201,169,110,0.4), trans...
  291 |           }} />
> 292 |       </motion.div>
      |                    ^^^^^^^^^^^^^^^^^^^^^^^^^^^^^^^^^^^^^^^^^^^^^^^^^^^^^^^^^^^^^^^^^^^^^^^^^
> 293 |         {/* Logo */}
      | ^^^^^^^^
  294 |         <div style={{ textAlign: 'center', marginBottom: 40 }}>
  295 |           <div style={{
  296 |             width: 48, height: 48, margin: '0 auto 16px',

Parsing ecmascript source code failed

Import traces:
  Client Component Browser:
    ./app/login/page.tsx [Client Component Browser]
    ./app/login/page.tsx [Server Component]

  Client Component SSR:
    ./app/login/page.tsx [Client Component SSR]
    ./app/login/page.tsx [Server Component] @ http://localhost:3000/_next/static/chunks/node_modules_next_dist_0u_w_5s._.js:1945
[   17069ms] [ERROR] ./app/login/page.tsx:292:20
Expected '</', got 'jsx text'
  290 |             background: 'linear-gradient(90deg, transparent, rgba(201,169,110,0.4), trans...
  291 |           }} />
> 292 |       </motion.div>
      |                    ^^^^^^^^^^^^^^^^^^^^^^^^^^^^^^^^^^^^^^^^^^^^^^^^^^^^^^^^^^^^^^^^^^^^^^^^^
> 293 |         {/* Logo */}
      | ^^^^^^^^
  294 |         <div style={{ textAlign: 'center', marginBottom: 40 }}>
  295 |           <div style={{
  296 |             width: 48, height: 48, margin: '0 auto 16px',

Parsing ecmascript source code failed

Import traces:
  Client Component Browser:
    ./app/login/page.tsx [Client Component Browser]
    ./app/login/page.tsx [Server Component]

  Client Component SSR:
    ./app/login/page.tsx [Client Component SSR]
    ./app/login/page.tsx [Server Component] @ http://localhost:3000/_next/static/chunks/node_modules_next_dist_0u_w_5s._.js:1945
[   17123ms] [ERROR] ./app/login/page.tsx:292:20
Expected '</', got 'jsx text'
  290 |             background: 'linear-gradient(90deg, transparent, rgba(201,169,110,0.4), trans...
  291 |           }} />
> 292 |       </motion.div>
      |                    ^^^^^^^^^^^^^^^^^^^^^^^^^^^^^^^^^^^^^^^^^^^^^^^^^^^^^^^^^^^^^^^^^^^^^^^^^
> 293 |         {/* Logo */}
      | ^^^^^^^^
  294 |         <div style={{ textAlign: 'center', marginBottom: 40 }}>
  295 |           <div style={{
  296 |             width: 48, height: 48, margin: '0 auto 16px',

Parsing ecmascript source code failed

Import traces:
  Client Component Browser:
    ./app/login/page.tsx [Client Component Browser]
    ./app/login/page.tsx [Server Component]

  Client Component SSR:
    ./app/login/page.tsx [Client Component SSR]
    ./app/login/page.tsx [Server Component] @ http://localhost:3000/_next/static/chunks/node_modules_next_dist_0u_w_5s._.js:1945
[   17182ms] [ERROR] ./app/login/page.tsx:292:20
Expected '</', got 'jsx text'
  290 |             background: 'linear-gradient(90deg, transparent, rgba(201,169,110,0.4), trans...
  291 |           }} />
> 292 |       </motion.div>
      |                    ^^^^^^^^^^^^^^^^^^^^^^^^^^^^^^^^^^^^^^^^^^^^^^^^^^^^^^^^^^^^^^^^^^^^^^^^^
> 293 |         {/* Logo */}
      | ^^^^^^^^
  294 |         <div style={{ textAlign: 'center', marginBottom: 40 }}>
  295 |           <div style={{
  296 |             width: 48, height: 48, margin: '0 auto 16px',

Parsing ecmascript source code failed

Import traces:
  Client Component Browser:
    ./app/login/page.tsx [Client Component Browser]
    ./app/login/page.tsx [Server Component]

  Client Component SSR:
    ./app/login/page.tsx [Client Component SSR]
    ./app/login/page.tsx [Server Component] @ http://localhost:3000/_next/static/chunks/node_modules_next_dist_0u_w_5s._.js:1945
[   17242ms] [ERROR] ./app/login/page.tsx:292:20
Expected '</', got 'jsx text'
  290 |             background: 'linear-gradient(90deg, transparent, rgba(201,169,110,0.4), trans...
  291 |           }} />
> 292 |       </motion.div>
      |                    ^^^^^^^^^^^^^^^^^^^^^^^^^^^^^^^^^^^^^^^^^^^^^^^^^^^^^^^^^^^^^^^^^^^^^^^^^
> 293 |         {/* Logo */}
      | ^^^^^^^^
  294 |         <div style={{ textAlign: 'center', marginBottom: 40 }}>
  295 |           <div style={{
  296 |             width: 48, height: 48, margin: '0 auto 16px',

Parsing ecmascript source code failed

Import traces:
  Client Component Browser:
    ./app/login/page.tsx [Client Component Browser]
    ./app/login/page.tsx [Server Component]

  Client Component SSR:
    ./app/login/page.tsx [Client Component SSR]
    ./app/login/page.tsx [Server Component] @ http://localhost:3000/_next/static/chunks/node_modules_next_dist_0u_w_5s._.js:1945
[   17301ms] [ERROR] ./app/login/page.tsx:292:20
Expected '</', got 'jsx text'
  290 |             background: 'linear-gradient(90deg, transparent, rgba(201,169,110,0.4), trans...
  291 |           }} />
> 292 |       </motion.div>
      |                    ^^^^^^^^^^^^^^^^^^^^^^^^^^^^^^^^^^^^^^^^^^^^^^^^^^^^^^^^^^^^^^^^^^^^^^^^^
> 293 |         {/* Logo */}
      | ^^^^^^^^
  294 |         <div style={{ textAlign: 'center', marginBottom: 40 }}>
  295 |           <div style={{
  296 |             width: 48, height: 48, margin: '0 auto 16px',

Parsing ecmascript source code failed

Import traces:
  Client Component Browser:
    ./app/login/page.tsx [Client Component Browser]
    ./app/login/page.tsx [Server Component]

  Client Component SSR:
    ./app/login/page.tsx [Client Component SSR]
    ./app/login/page.tsx [Server Component] @ http://localhost:3000/_next/static/chunks/node_modules_next_dist_0u_w_5s._.js:1945
[   17375ms] [ERROR] ./app/login/page.tsx:292:20
Expected '</', got 'jsx text'
  290 |             background: 'linear-gradient(90deg, transparent, rgba(201,169,110,0.4), trans...
  291 |           }} />
> 292 |       </motion.div>
      |                    ^^^^^^^^^^^^^^^^^^^^^^^^^^^^^^^^^^^^^^^^^^^^^^^^^^^^^^^^^^^^^^^^^^^^^^^^^
> 293 |         {/* Logo */}
      | ^^^^^^^^
  294 |         <div style={{ textAlign: 'center', marginBottom: 40 }}>
  295 |           <div style={{
  296 |             width: 48, height: 48, margin: '0 auto 16px',

Parsing ecmascript source code failed

Import traces:
  Client Component Browser:
    ./app/login/page.tsx [Client Component Browser]
    ./app/login/page.tsx [Server Component]

  Client Component SSR:
    ./app/login/page.tsx [Client Component SSR]
    ./app/login/page.tsx [Server Component] @ http://localhost:3000/_next/static/chunks/node_modules_next_dist_0u_w_5s._.js:1945
[   17423ms] [ERROR] ./app/login/page.tsx:292:20
Expected '</', got 'jsx text'
  290 |             background: 'linear-gradient(90deg, transparent, rgba(201,169,110,0.4), trans...
  291 |           }} />
> 292 |       </motion.div>
      |                    ^^^^^^^^^^^^^^^^^^^^^^^^^^^^^^^^^^^^^^^^^^^^^^^^^^^^^^^^^^^^^^^^^^^^^^^^^
> 293 |         {/* Logo */}
      | ^^^^^^^^
  294 |         <div style={{ textAlign: 'center', marginBottom: 40 }}>
  295 |           <div style={{
  296 |             width: 48, height: 48, margin: '0 auto 16px',

Parsing ecmascript source code failed

Import traces:
  Client Component Browser:
    ./app/login/page.tsx [Client Component Browser]
    ./app/login/page.tsx [Server Component]

  Client Component SSR:
    ./app/login/page.tsx [Client Component SSR]
    ./app/login/page.tsx [Server Component] @ http://localhost:3000/_next/static/chunks/node_modules_next_dist_0u_w_5s._.js:1945
[   17487ms] [ERROR] ./app/login/page.tsx:292:20
Expected '</', got 'jsx text'
  290 |             background: 'linear-gradient(90deg, transparent, rgba(201,169,110,0.4), trans...
  291 |           }} />
> 292 |       </motion.div>
      |                    ^^^^^^^^^^^^^^^^^^^^^^^^^^^^^^^^^^^^^^^^^^^^^^^^^^^^^^^^^^^^^^^^^^^^^^^^^
> 293 |         {/* Logo */}
      | ^^^^^^^^
  294 |         <div style={{ textAlign: 'center', marginBottom: 40 }}>
  295 |           <div style={{
  296 |             width: 48, height: 48, margin: '0 auto 16px',

Parsing ecmascript source code failed

Import traces:
  Client Component Browser:
    ./app/login/page.tsx [Client Component Browser]
    ./app/login/page.tsx [Server Component]

  Client Component SSR:
    ./app/login/page.tsx [Client Component SSR]
    ./app/login/page.tsx [Server Component] @ http://localhost:3000/_next/static/chunks/node_modules_next_dist_0u_w_5s._.js:1945
[   17546ms] [ERROR] ./app/login/page.tsx:292:20
Expected '</', got 'jsx text'
  290 |             background: 'linear-gradient(90deg, transparent, rgba(201,169,110,0.4), trans...
  291 |           }} />
> 292 |       </motion.div>
      |                    ^^^^^^^^^^^^^^^^^^^^^^^^^^^^^^^^^^^^^^^^^^^^^^^^^^^^^^^^^^^^^^^^^^^^^^^^^
> 293 |         {/* Logo */}
      | ^^^^^^^^
  294 |         <div style={{ textAlign: 'center', marginBottom: 40 }}>
  295 |           <div style={{
  296 |             width: 48, height: 48, margin: '0 auto 16px',

Parsing ecmascript source code failed

Import traces:
  Client Component Browser:
    ./app/login/page.tsx [Client Component Browser]
    ./app/login/page.tsx [Server Component]

  Client Component SSR:
    ./app/login/page.tsx [Client Component SSR]
    ./app/login/page.tsx [Server Component] @ http://localhost:3000/_next/static/chunks/node_modules_next_dist_0u_w_5s._.js:1945
[   17603ms] [ERROR] ./app/login/page.tsx:292:20
Expected '</', got 'jsx text'
  290 |             background: 'linear-gradient(90deg, transparent, rgba(201,169,110,0.4), trans...
  291 |           }} />
> 292 |       </motion.div>
      |                    ^^^^^^^^^^^^^^^^^^^^^^^^^^^^^^^^^^^^^^^^^^^^^^^^^^^^^^^^^^^^^^^^^^^^^^^^^
> 293 |         {/* Logo */}
      | ^^^^^^^^
  294 |         <div style={{ textAlign: 'center', marginBottom: 40 }}>
  295 |           <div style={{
  296 |             width: 48, height: 48, margin: '0 auto 16px',

Parsing ecmascript source code failed

Import traces:
  Client Component Browser:
    ./app/login/page.tsx [Client Component Browser]
    ./app/login/page.tsx [Server Component]

  Client Component SSR:
    ./app/login/page.tsx [Client Component SSR]
    ./app/login/page.tsx [Server Component] @ http://localhost:3000/_next/static/chunks/node_modules_next_dist_0u_w_5s._.js:1945
[   17658ms] [ERROR] ./app/login/page.tsx:292:20
Expected '</', got 'jsx text'
  290 |             background: 'linear-gradient(90deg, transparent, rgba(201,169,110,0.4), trans...
  291 |           }} />
> 292 |       </motion.div>
      |                    ^^^^^^^^^^^^^^^^^^^^^^^^^^^^^^^^^^^^^^^^^^^^^^^^^^^^^^^^^^^^^^^^^^^^^^^^^
> 293 |         {/* Logo */}
      | ^^^^^^^^
  294 |         <div style={{ textAlign: 'center', marginBottom: 40 }}>
  295 |           <div style={{
  296 |             width: 48, height: 48, margin: '0 auto 16px',

Parsing ecmascript source code failed

Import traces:
  Client Component Browser:
    ./app/login/page.tsx [Client Component Browser]
    ./app/login/page.tsx [Server Component]

  Client Component SSR:
    ./app/login/page.tsx [Client Component SSR]
    ./app/login/page.tsx [Server Component] @ http://localhost:3000/_next/static/chunks/node_modules_next_dist_0u_w_5s._.js:1945
[   17719ms] [ERROR] ./app/login/page.tsx:292:20
Expected '</', got 'jsx text'
  290 |             background: 'linear-gradient(90deg, transparent, rgba(201,169,110,0.4), trans...
  291 |           }} />
> 292 |       </motion.div>
      |                    ^^^^^^^^^^^^^^^^^^^^^^^^^^^^^^^^^^^^^^^^^^^^^^^^^^^^^^^^^^^^^^^^^^^^^^^^^
> 293 |         {/* Logo */}
      | ^^^^^^^^
  294 |         <div style={{ textAlign: 'center', marginBottom: 40 }}>
  295 |           <div style={{
  296 |             width: 48, height: 48, margin: '0 auto 16px',

Parsing ecmascript source code failed

Import traces:
  Client Component Browser:
    ./app/login/page.tsx [Client Component Browser]
    ./app/login/page.tsx [Server Component]

  Client Component SSR:
    ./app/login/page.tsx [Client Component SSR]
    ./app/login/page.tsx [Server Component] @ http://localhost:3000/_next/static/chunks/node_modules_next_dist_0u_w_5s._.js:1945
[   17782ms] [ERROR] ./app/login/page.tsx:292:20
Expected '</', got 'jsx text'
  290 |             background: 'linear-gradient(90deg, transparent, rgba(201,169,110,0.4), trans...
  291 |           }} />
> 292 |       </motion.div>
      |                    ^^^^^^^^^^^^^^^^^^^^^^^^^^^^^^^^^^^^^^^^^^^^^^^^^^^^^^^^^^^^^^^^^^^^^^^^^
> 293 |         {/* Logo */}
      | ^^^^^^^^
  294 |         <div style={{ textAlign: 'center', marginBottom: 40 }}>
  295 |           <div style={{
  296 |             width: 48, height: 48, margin: '0 auto 16px',

Parsing ecmascript source code failed

Import traces:
  Client Component Browser:
    ./app/login/page.tsx [Client Component Browser]
    ./app/login/page.tsx [Server Component]

  Client Component SSR:
    ./app/login/page.tsx [Client Component SSR]
    ./app/login/page.tsx [Server Component] @ http://localhost:3000/_next/static/chunks/node_modules_next_dist_0u_w_5s._.js:1945
[   17835ms] [ERROR] ./app/login/page.tsx:292:20
Expected '</', got 'jsx text'
  290 |             background: 'linear-gradient(90deg, transparent, rgba(201,169,110,0.4), trans...
  291 |           }} />
> 292 |       </motion.div>
      |                    ^^^^^^^^^^^^^^^^^^^^^^^^^^^^^^^^^^^^^^^^^^^^^^^^^^^^^^^^^^^^^^^^^^^^^^^^^
> 293 |         {/* Logo */}
      | ^^^^^^^^
  294 |         <div style={{ textAlign: 'center', marginBottom: 40 }}>
  295 |           <div style={{
  296 |             width: 48, height: 48, margin: '0 auto 16px',

Parsing ecmascript source code failed

Import traces:
  Client Component Browser:
    ./app/login/page.tsx [Client Component Browser]
    ./app/login/page.tsx [Server Component]

  Client Component SSR:
    ./app/login/page.tsx [Client Component SSR]
    ./app/login/page.tsx [Server Component] @ http://localhost:3000/_next/static/chunks/node_modules_next_dist_0u_w_5s._.js:1945
[   17897ms] [ERROR] ./app/login/page.tsx:292:20
Expected '</', got 'jsx text'
  290 |             background: 'linear-gradient(90deg, transparent, rgba(201,169,110,0.4), trans...
  291 |           }} />
> 292 |       </motion.div>
      |                    ^^^^^^^^^^^^^^^^^^^^^^^^^^^^^^^^^^^^^^^^^^^^^^^^^^^^^^^^^^^^^^^^^^^^^^^^^
> 293 |         {/* Logo */}
      | ^^^^^^^^
  294 |         <div style={{ textAlign: 'center', marginBottom: 40 }}>
  295 |           <div style={{
  296 |             width: 48, height: 48, margin: '0 auto 16px',

Parsing ecmascript source code failed

Import traces:
  Client Component Browser:
    ./app/login/page.tsx [Client Component Browser]
    ./app/login/page.tsx [Server Component]

  Client Component SSR:
    ./app/login/page.tsx [Client Component SSR]
    ./app/login/page.tsx [Server Component] @ http://localhost:3000/_next/static/chunks/node_modules_next_dist_0u_w_5s._.js:1945
[   17949ms] [ERROR] ./app/login/page.tsx:292:20
Expected '</', got 'jsx text'
  290 |             background: 'linear-gradient(90deg, transparent, rgba(201,169,110,0.4), trans...
  291 |           }} />
> 292 |       </motion.div>
      |                    ^^^^^^^^^^^^^^^^^^^^^^^^^^^^^^^^^^^^^^^^^^^^^^^^^^^^^^^^^^^^^^^^^^^^^^^^^
> 293 |         {/* Logo */}
      | ^^^^^^^^
  294 |         <div style={{ textAlign: 'center', marginBottom: 40 }}>
  295 |           <div style={{
  296 |             width: 48, height: 48, margin: '0 auto 16px',

Parsing ecmascript source code failed

Import traces:
  Client Component Browser:
    ./app/login/page.tsx [Client Component Browser]
    ./app/login/page.tsx [Server Component]

  Client Component SSR:
    ./app/login/page.tsx [Client Component SSR]
    ./app/login/page.tsx [Server Component] @ http://localhost:3000/_next/static/chunks/node_modules_next_dist_0u_w_5s._.js:1945
[   18011ms] [ERROR] ./app/login/page.tsx:292:20
Expected '</', got 'jsx text'
  290 |             background: 'linear-gradient(90deg, transparent, rgba(201,169,110,0.4), trans...
  291 |           }} />
> 292 |       </motion.div>
      |                    ^^^^^^^^^^^^^^^^^^^^^^^^^^^^^^^^^^^^^^^^^^^^^^^^^^^^^^^^^^^^^^^^^^^^^^^^^
> 293 |         {/* Logo */}
      | ^^^^^^^^
  294 |         <div style={{ textAlign: 'center', marginBottom: 40 }}>
  295 |           <div style={{
  296 |             width: 48, height: 48, margin: '0 auto 16px',

Parsing ecmascript source code failed

Import traces:
  Client Component Browser:
    ./app/login/page.tsx [Client Component Browser]
    ./app/login/page.tsx [Server Component]

  Client Component SSR:
    ./app/login/page.tsx [Client Component SSR]
    ./app/login/page.tsx [Server Component] @ http://localhost:3000/_next/static/chunks/node_modules_next_dist_0u_w_5s._.js:1945
[   18067ms] [ERROR] ./app/login/page.tsx:292:20
Expected '</', got 'jsx text'
  290 |             background: 'linear-gradient(90deg, transparent, rgba(201,169,110,0.4), trans...
  291 |           }} />
> 292 |       </motion.div>
      |                    ^^^^^^^^^^^^^^^^^^^^^^^^^^^^^^^^^^^^^^^^^^^^^^^^^^^^^^^^^^^^^^^^^^^^^^^^^
> 293 |         {/* Logo */}
      | ^^^^^^^^
  294 |         <div style={{ textAlign: 'center', marginBottom: 40 }}>
  295 |           <div style={{
  296 |             width: 48, height: 48, margin: '0 auto 16px',

Parsing ecmascript source code failed

Import traces:
  Client Component Browser:
    ./app/login/page.tsx [Client Component Browser]
    ./app/login/page.tsx [Server Component]

  Client Component SSR:
    ./app/login/page.tsx [Client Component SSR]
    ./app/login/page.tsx [Server Component] @ http://localhost:3000/_next/static/chunks/node_modules_next_dist_0u_w_5s._.js:1945
[   18127ms] [ERROR] ./app/login/page.tsx:292:20
Expected '</', got 'jsx text'
  290 |             background: 'linear-gradient(90deg, transparent, rgba(201,169,110,0.4), trans...
  291 |           }} />
> 292 |       </motion.div>
      |                    ^^^^^^^^^^^^^^^^^^^^^^^^^^^^^^^^^^^^^^^^^^^^^^^^^^^^^^^^^^^^^^^^^^^^^^^^^
> 293 |         {/* Logo */}
      | ^^^^^^^^
  294 |         <div style={{ textAlign: 'center', marginBottom: 40 }}>
  295 |           <div style={{
  296 |             width: 48, height: 48, margin: '0 auto 16px',

Parsing ecmascript source code failed

Import traces:
  Client Component Browser:
    ./app/login/page.tsx [Client Component Browser]
    ./app/login/page.tsx [Server Component]

  Client Component SSR:
    ./app/login/page.tsx [Client Component SSR]
    ./app/login/page.tsx [Server Component] @ http://localhost:3000/_next/static/chunks/node_modules_next_dist_0u_w_5s._.js:1945
[   18189ms] [ERROR] ./app/login/page.tsx:292:20
Expected '</', got 'jsx text'
  290 |             background: 'linear-gradient(90deg, transparent, rgba(201,169,110,0.4), trans...
  291 |           }} />
> 292 |       </motion.div>
      |                    ^^^^^^^^^^^^^^^^^^^^^^^^^^^^^^^^^^^^^^^^^^^^^^^^^^^^^^^^^^^^^^^^^^^^^^^^^
> 293 |         {/* Logo */}
      | ^^^^^^^^
  294 |         <div style={{ textAlign: 'center', marginBottom: 40 }}>
  295 |           <div style={{
  296 |             width: 48, height: 48, margin: '0 auto 16px',

Parsing ecmascript source code failed

Import traces:
  Client Component Browser:
    ./app/login/page.tsx [Client Component Browser]
    ./app/login/page.tsx [Server Component]

  Client Component SSR:
    ./app/login/page.tsx [Client Component SSR]
    ./app/login/page.tsx [Server Component] @ http://localhost:3000/_next/static/chunks/node_modules_next_dist_0u_w_5s._.js:1945
[   18248ms] [ERROR] ./app/login/page.tsx:292:20
Expected '</', got 'jsx text'
  290 |             background: 'linear-gradient(90deg, transparent, rgba(201,169,110,0.4), trans...
  291 |           }} />
> 292 |       </motion.div>
      |                    ^^^^^^^^^^^^^^^^^^^^^^^^^^^^^^^^^^^^^^^^^^^^^^^^^^^^^^^^^^^^^^^^^^^^^^^^^
> 293 |         {/* Logo */}
      | ^^^^^^^^
  294 |         <div style={{ textAlign: 'center', marginBottom: 40 }}>
  295 |           <div style={{
  296 |             width: 48, height: 48, margin: '0 auto 16px',

Parsing ecmascript source code failed

Import traces:
  Client Component Browser:
    ./app/login/page.tsx [Client Component Browser]
    ./app/login/page.tsx [Server Component]

  Client Component SSR:
    ./app/login/page.tsx [Client Component SSR]
    ./app/login/page.tsx [Server Component] @ http://localhost:3000/_next/static/chunks/node_modules_next_dist_0u_w_5s._.js:1945
[   18306ms] [ERROR] ./app/login/page.tsx:292:20
Expected '</', got 'jsx text'
  290 |             background: 'linear-gradient(90deg, transparent, rgba(201,169,110,0.4), trans...
  291 |           }} />
> 292 |       </motion.div>
      |                    ^^^^^^^^^^^^^^^^^^^^^^^^^^^^^^^^^^^^^^^^^^^^^^^^^^^^^^^^^^^^^^^^^^^^^^^^^
> 293 |         {/* Logo */}
      | ^^^^^^^^
  294 |         <div style={{ textAlign: 'center', marginBottom: 40 }}>
  295 |           <div style={{
  296 |             width: 48, height: 48, margin: '0 auto 16px',

Parsing ecmascript source code failed

Import traces:
  Client Component Browser:
    ./app/login/page.tsx [Client Component Browser]
    ./app/login/page.tsx [Server Component]

  Client Component SSR:
    ./app/login/page.tsx [Client Component SSR]
    ./app/login/page.tsx [Server Component] @ http://localhost:3000/_next/static/chunks/node_modules_next_dist_0u_w_5s._.js:1945
[   18364ms] [ERROR] ./app/login/page.tsx:292:20
Expected '</', got 'jsx text'
  290 |             background: 'linear-gradient(90deg, transparent, rgba(201,169,110,0.4), trans...
  291 |           }} />
> 292 |       </motion.div>
      |                    ^^^^^^^^^^^^^^^^^^^^^^^^^^^^^^^^^^^^^^^^^^^^^^^^^^^^^^^^^^^^^^^^^^^^^^^^^
> 293 |         {/* Logo */}
      | ^^^^^^^^
  294 |         <div style={{ textAlign: 'center', marginBottom: 40 }}>
  295 |           <div style={{
  296 |             width: 48, height: 48, margin: '0 auto 16px',

Parsing ecmascript source code failed

Import traces:
  Client Component Browser:
    ./app/login/page.tsx [Client Component Browser]
    ./app/login/page.tsx [Server Component]

  Client Component SSR:
    ./app/login/page.tsx [Client Component SSR]
    ./app/login/page.tsx [Server Component] @ http://localhost:3000/_next/static/chunks/node_modules_next_dist_0u_w_5s._.js:1945
[   18420ms] [ERROR] ./app/login/page.tsx:292:20
Expected '</', got 'jsx text'
  290 |             background: 'linear-gradient(90deg, transparent, rgba(201,169,110,0.4), trans...
  291 |           }} />
> 292 |       </motion.div>
      |                    ^^^^^^^^^^^^^^^^^^^^^^^^^^^^^^^^^^^^^^^^^^^^^^^^^^^^^^^^^^^^^^^^^^^^^^^^^
> 293 |         {/* Logo */}
      | ^^^^^^^^
  294 |         <div style={{ textAlign: 'center', marginBottom: 40 }}>
  295 |           <div style={{
  296 |             width: 48, height: 48, margin: '0 auto 16px',

Parsing ecmascript source code failed

Import traces:
  Client Component Browser:
    ./app/login/page.tsx [Client Component Browser]
    ./app/login/page.tsx [Server Component]

  Client Component SSR:
    ./app/login/page.tsx [Client Component SSR]
    ./app/login/page.tsx [Server Component] @ http://localhost:3000/_next/static/chunks/node_modules_next_dist_0u_w_5s._.js:1945
[   18474ms] [ERROR] ./app/login/page.tsx:292:20
Expected '</', got 'jsx text'
  290 |             background: 'linear-gradient(90deg, transparent, rgba(201,169,110,0.4), trans...
  291 |           }} />
> 292 |       </motion.div>
      |                    ^^^^^^^^^^^^^^^^^^^^^^^^^^^^^^^^^^^^^^^^^^^^^^^^^^^^^^^^^^^^^^^^^^^^^^^^^
> 293 |         {/* Logo */}
      | ^^^^^^^^
  294 |         <div style={{ textAlign: 'center', marginBottom: 40 }}>
  295 |           <div style={{
  296 |             width: 48, height: 48, margin: '0 auto 16px',

Parsing ecmascript source code failed

Import traces:
  Client Component Browser:
    ./app/login/page.tsx [Client Component Browser]
    ./app/login/page.tsx [Server Component]

  Client Component SSR:
    ./app/login/page.tsx [Client Component SSR]
    ./app/login/page.tsx [Server Component] @ http://localhost:3000/_next/static/chunks/node_modules_next_dist_0u_w_5s._.js:1945
[   18532ms] [ERROR] ./app/login/page.tsx:292:20
Expected '</', got 'jsx text'
  290 |             background: 'linear-gradient(90deg, transparent, rgba(201,169,110,0.4), trans...
  291 |           }} />
> 292 |       </motion.div>
      |                    ^^^^^^^^^^^^^^^^^^^^^^^^^^^^^^^^^^^^^^^^^^^^^^^^^^^^^^^^^^^^^^^^^^^^^^^^^
> 293 |         {/* Logo */}
      | ^^^^^^^^
  294 |         <div style={{ textAlign: 'center', marginBottom: 40 }}>
  295 |           <div style={{
  296 |             width: 48, height: 48, margin: '0 auto 16px',

Parsing ecmascript source code failed

Import traces:
  Client Component Browser:
    ./app/login/page.tsx [Client Component Browser]
    ./app/login/page.tsx [Server Component]

  Client Component SSR:
    ./app/login/page.tsx [Client Component SSR]
    ./app/login/page.tsx [Server Component] @ http://localhost:3000/_next/static/chunks/node_modules_next_dist_0u_w_5s._.js:1945
[   18587ms] [ERROR] ./app/login/page.tsx:292:20
Expected '</', got 'jsx text'
  290 |             background: 'linear-gradient(90deg, transparent, rgba(201,169,110,0.4), trans...
  291 |           }} />
> 292 |       </motion.div>
      |                    ^^^^^^^^^^^^^^^^^^^^^^^^^^^^^^^^^^^^^^^^^^^^^^^^^^^^^^^^^^^^^^^^^^^^^^^^^
> 293 |         {/* Logo */}
      | ^^^^^^^^
  294 |         <div style={{ textAlign: 'center', marginBottom: 40 }}>
  295 |           <div style={{
  296 |             width: 48, height: 48, margin: '0 auto 16px',

Parsing ecmascript source code failed

Import traces:
  Client Component Browser:
    ./app/login/page.tsx [Client Component Browser]
    ./app/login/page.tsx [Server Component]

  Client Component SSR:
    ./app/login/page.tsx [Client Component SSR]
    ./app/login/page.tsx [Server Component] @ http://localhost:3000/_next/static/chunks/node_modules_next_dist_0u_w_5s._.js:1945
[   18647ms] [ERROR] ./app/login/page.tsx:292:20
Expected '</', got 'jsx text'
  290 |             background: 'linear-gradient(90deg, transparent, rgba(201,169,110,0.4), trans...
  291 |           }} />
> 292 |       </motion.div>
      |                    ^^^^^^^^^^^^^^^^^^^^^^^^^^^^^^^^^^^^^^^^^^^^^^^^^^^^^^^^^^^^^^^^^^^^^^^^^
> 293 |         {/* Logo */}
      | ^^^^^^^^
  294 |         <div style={{ textAlign: 'center', marginBottom: 40 }}>
  295 |           <div style={{
  296 |             width: 48, height: 48, margin: '0 auto 16px',

Parsing ecmascript source code failed

Import traces:
  Client Component Browser:
    ./app/login/page.tsx [Client Component Browser]
    ./app/login/page.tsx [Server Component]

  Client Component SSR:
    ./app/login/page.tsx [Client Component SSR]
    ./app/login/page.tsx [Server Component] @ http://localhost:3000/_next/static/chunks/node_modules_next_dist_0u_w_5s._.js:1945
[   18706ms] [ERROR] ./app/login/page.tsx:292:20
Expected '</', got 'jsx text'
  290 |             background: 'linear-gradient(90deg, transparent, rgba(201,169,110,0.4), trans...
  291 |           }} />
> 292 |       </motion.div>
      |                    ^^^^^^^^^^^^^^^^^^^^^^^^^^^^^^^^^^^^^^^^^^^^^^^^^^^^^^^^^^^^^^^^^^^^^^^^^
> 293 |         {/* Logo */}
      | ^^^^^^^^
  294 |         <div style={{ textAlign: 'center', marginBottom: 40 }}>
  295 |           <div style={{
  296 |             width: 48, height: 48, margin: '0 auto 16px',

Parsing ecmascript source code failed

Import traces:
  Client Component Browser:
    ./app/login/page.tsx [Client Component Browser]
    ./app/login/page.tsx [Server Component]

  Client Component SSR:
    ./app/login/page.tsx [Client Component SSR]
    ./app/login/page.tsx [Server Component] @ http://localhost:3000/_next/static/chunks/node_modules_next_dist_0u_w_5s._.js:1945
[   18769ms] [ERROR] ./app/login/page.tsx:292:20
Expected '</', got 'jsx text'
  290 |             background: 'linear-gradient(90deg, transparent, rgba(201,169,110,0.4), trans...
  291 |           }} />
> 292 |       </motion.div>
      |                    ^^^^^^^^^^^^^^^^^^^^^^^^^^^^^^^^^^^^^^^^^^^^^^^^^^^^^^^^^^^^^^^^^^^^^^^^^
> 293 |         {/* Logo */}
      | ^^^^^^^^
  294 |         <div style={{ textAlign: 'center', marginBottom: 40 }}>
  295 |           <div style={{
  296 |             width: 48, height: 48, margin: '0 auto 16px',

Parsing ecmascript source code failed

Import traces:
  Client Component Browser:
    ./app/login/page.tsx [Client Component Browser]
    ./app/login/page.tsx [Server Component]

  Client Component SSR:
    ./app/login/page.tsx [Client Component SSR]
    ./app/login/page.tsx [Server Component] @ http://localhost:3000/_next/static/chunks/node_modules_next_dist_0u_w_5s._.js:1945
[   18834ms] [ERROR] ./app/login/page.tsx:292:20
Expected '</', got 'jsx text'
  290 |             background: 'linear-gradient(90deg, transparent, rgba(201,169,110,0.4), trans...
  291 |           }} />
> 292 |       </motion.div>
      |                    ^^^^^^^^^^^^^^^^^^^^^^^^^^^^^^^^^^^^^^^^^^^^^^^^^^^^^^^^^^^^^^^^^^^^^^^^^
> 293 |         {/* Logo */}
      | ^^^^^^^^
  294 |         <div style={{ textAlign: 'center', marginBottom: 40 }}>
  295 |           <div style={{
  296 |             width: 48, height: 48, margin: '0 auto 16px',

Parsing ecmascript source code failed

Import traces:
  Client Component Browser:
    ./app/login/page.tsx [Client Component Browser]
    ./app/login/page.tsx [Server Component]

  Client Component SSR:
    ./app/login/page.tsx [Client Component SSR]
    ./app/login/page.tsx [Server Component] @ http://localhost:3000/_next/static/chunks/node_modules_next_dist_0u_w_5s._.js:1945
[   18895ms] [ERROR] ./app/login/page.tsx:292:20
Expected '</', got 'jsx text'
  290 |             background: 'linear-gradient(90deg, transparent, rgba(201,169,110,0.4), trans...
  291 |           }} />
> 292 |       </motion.div>
      |                    ^^^^^^^^^^^^^^^^^^^^^^^^^^^^^^^^^^^^^^^^^^^^^^^^^^^^^^^^^^^^^^^^^^^^^^^^^
> 293 |         {/* Logo */}
      | ^^^^^^^^
  294 |         <div style={{ textAlign: 'center', marginBottom: 40 }}>
  295 |           <div style={{
  296 |             width: 48, height: 48, margin: '0 auto 16px',

Parsing ecmascript source code failed

Import traces:
  Client Component Browser:
    ./app/login/page.tsx [Client Component Browser]
    ./app/login/page.tsx [Server Component]

  Client Component SSR:
    ./app/login/page.tsx [Client Component SSR]
    ./app/login/page.tsx [Server Component] @ http://localhost:3000/_next/static/chunks/node_modules_next_dist_0u_w_5s._.js:1945
[   18954ms] [ERROR] ./app/login/page.tsx:292:20
Expected '</', got 'jsx text'
  290 |             background: 'linear-gradient(90deg, transparent, rgba(201,169,110,0.4), trans...
  291 |           }} />
> 292 |       </motion.div>
      |                    ^^^^^^^^^^^^^^^^^^^^^^^^^^^^^^^^^^^^^^^^^^^^^^^^^^^^^^^^^^^^^^^^^^^^^^^^^
> 293 |         {/* Logo */}
      | ^^^^^^^^
  294 |         <div style={{ textAlign: 'center', marginBottom: 40 }}>
  295 |           <div style={{
  296 |             width: 48, height: 48, margin: '0 auto 16px',

Parsing ecmascript source code failed

Import traces:
  Client Component Browser:
    ./app/login/page.tsx [Client Component Browser]
    ./app/login/page.tsx [Server Component]

  Client Component SSR:
    ./app/login/page.tsx [Client Component SSR]
    ./app/login/page.tsx [Server Component] @ http://localhost:3000/_next/static/chunks/node_modules_next_dist_0u_w_5s._.js:1945
[   19009ms] [ERROR] ./app/login/page.tsx:292:20
Expected '</', got 'jsx text'
  290 |             background: 'linear-gradient(90deg, transparent, rgba(201,169,110,0.4), trans...
  291 |           }} />
> 292 |       </motion.div>
      |                    ^^^^^^^^^^^^^^^^^^^^^^^^^^^^^^^^^^^^^^^^^^^^^^^^^^^^^^^^^^^^^^^^^^^^^^^^^
> 293 |         {/* Logo */}
      | ^^^^^^^^
  294 |         <div style={{ textAlign: 'center', marginBottom: 40 }}>
  295 |           <div style={{
  296 |             width: 48, height: 48, margin: '0 auto 16px',

Parsing ecmascript source code failed

Import traces:
  Client Component Browser:
    ./app/login/page.tsx [Client Component Browser]
    ./app/login/page.tsx [Server Component]

  Client Component SSR:
    ./app/login/page.tsx [Client Component SSR]
    ./app/login/page.tsx [Server Component] @ http://localhost:3000/_next/static/chunks/node_modules_next_dist_0u_w_5s._.js:1945
[   19059ms] [ERROR] ./app/login/page.tsx:292:20
Expected '</', got 'jsx text'
  290 |             background: 'linear-gradient(90deg, transparent, rgba(201,169,110,0.4), trans...
  291 |           }} />
> 292 |       </motion.div>
      |                    ^^^^^^^^^^^^^^^^^^^^^^^^^^^^^^^^^^^^^^^^^^^^^^^^^^^^^^^^^^^^^^^^^^^^^^^^^
> 293 |         {/* Logo */}
      | ^^^^^^^^
  294 |         <div style={{ textAlign: 'center', marginBottom: 40 }}>
  295 |           <div style={{
  296 |             width: 48, height: 48, margin: '0 auto 16px',

Parsing ecmascript source code failed

Import traces:
  Client Component Browser:
    ./app/login/page.tsx [Client Component Browser]
    ./app/login/page.tsx [Server Component]

  Client Component SSR:
    ./app/login/page.tsx [Client Component SSR]
    ./app/login/page.tsx [Server Component] @ http://localhost:3000/_next/static/chunks/node_modules_next_dist_0u_w_5s._.js:1945
[   19121ms] [ERROR] ./app/login/page.tsx:292:20
Expected '</', got 'jsx text'
  290 |             background: 'linear-gradient(90deg, transparent, rgba(201,169,110,0.4), trans...
  291 |           }} />
> 292 |       </motion.div>
      |                    ^^^^^^^^^^^^^^^^^^^^^^^^^^^^^^^^^^^^^^^^^^^^^^^^^^^^^^^^^^^^^^^^^^^^^^^^^
> 293 |         {/* Logo */}
      | ^^^^^^^^
  294 |         <div style={{ textAlign: 'center', marginBottom: 40 }}>
  295 |           <div style={{
  296 |             width: 48, height: 48, margin: '0 auto 16px',

Parsing ecmascript source code failed

Import traces:
  Client Component Browser:
    ./app/login/page.tsx [Client Component Browser]
    ./app/login/page.tsx [Server Component]

  Client Component SSR:
    ./app/login/page.tsx [Client Component SSR]
    ./app/login/page.tsx [Server Component] @ http://localhost:3000/_next/static/chunks/node_modules_next_dist_0u_w_5s._.js:1945
[   19182ms] [ERROR] ./app/login/page.tsx:292:20
Expected '</', got 'jsx text'
  290 |             background: 'linear-gradient(90deg, transparent, rgba(201,169,110,0.4), trans...
  291 |           }} />
> 292 |       </motion.div>
      |                    ^^^^^^^^^^^^^^^^^^^^^^^^^^^^^^^^^^^^^^^^^^^^^^^^^^^^^^^^^^^^^^^^^^^^^^^^^
> 293 |         {/* Logo */}
      | ^^^^^^^^
  294 |         <div style={{ textAlign: 'center', marginBottom: 40 }}>
  295 |           <div style={{
  296 |             width: 48, height: 48, margin: '0 auto 16px',

Parsing ecmascript source code failed

Import traces:
  Client Component Browser:
    ./app/login/page.tsx [Client Component Browser]
    ./app/login/page.tsx [Server Component]

  Client Component SSR:
    ./app/login/page.tsx [Client Component SSR]
    ./app/login/page.tsx [Server Component] @ http://localhost:3000/_next/static/chunks/node_modules_next_dist_0u_w_5s._.js:1945
[   19237ms] [ERROR] ./app/login/page.tsx:292:20
Expected '</', got 'jsx text'
  290 |             background: 'linear-gradient(90deg, transparent, rgba(201,169,110,0.4), trans...
  291 |           }} />
> 292 |       </motion.div>
      |                    ^^^^^^^^^^^^^^^^^^^^^^^^^^^^^^^^^^^^^^^^^^^^^^^^^^^^^^^^^^^^^^^^^^^^^^^^^
> 293 |         {/* Logo */}
      | ^^^^^^^^
  294 |         <div style={{ textAlign: 'center', marginBottom: 40 }}>
  295 |           <div style={{
  296 |             width: 48, height: 48, margin: '0 auto 16px',

Parsing ecmascript source code failed

Import traces:
  Client Component Browser:
    ./app/login/page.tsx [Client Component Browser]
    ./app/login/page.tsx [Server Component]

  Client Component SSR:
    ./app/login/page.tsx [Client Component SSR]
    ./app/login/page.tsx [Server Component] @ http://localhost:3000/_next/static/chunks/node_modules_next_dist_0u_w_5s._.js:1945
[   19294ms] [ERROR] ./app/login/page.tsx:292:20
Expected '</', got 'jsx text'
  290 |             background: 'linear-gradient(90deg, transparent, rgba(201,169,110,0.4), trans...
  291 |           }} />
> 292 |       </motion.div>
      |                    ^^^^^^^^^^^^^^^^^^^^^^^^^^^^^^^^^^^^^^^^^^^^^^^^^^^^^^^^^^^^^^^^^^^^^^^^^
> 293 |         {/* Logo */}
      | ^^^^^^^^
  294 |         <div style={{ textAlign: 'center', marginBottom: 40 }}>
  295 |           <div style={{
  296 |             width: 48, height: 48, margin: '0 auto 16px',

Parsing ecmascript source code failed

Import traces:
  Client Component Browser:
    ./app/login/page.tsx [Client Component Browser]
    ./app/login/page.tsx [Server Component]

  Client Component SSR:
    ./app/login/page.tsx [Client Component SSR]
    ./app/login/page.tsx [Server Component] @ http://localhost:3000/_next/static/chunks/node_modules_next_dist_0u_w_5s._.js:1945
[   19354ms] [ERROR] ./app/login/page.tsx:292:20
Expected '</', got 'jsx text'
  290 |             background: 'linear-gradient(90deg, transparent, rgba(201,169,110,0.4), trans...
  291 |           }} />
> 292 |       </motion.div>
      |                    ^^^^^^^^^^^^^^^^^^^^^^^^^^^^^^^^^^^^^^^^^^^^^^^^^^^^^^^^^^^^^^^^^^^^^^^^^
> 293 |         {/* Logo */}
      | ^^^^^^^^
  294 |         <div style={{ textAlign: 'center', marginBottom: 40 }}>
  295 |           <div style={{
  296 |             width: 48, height: 48, margin: '0 auto 16px',

Parsing ecmascript source code failed

Import traces:
  Client Component Browser:
    ./app/login/page.tsx [Client Component Browser]
    ./app/login/page.tsx [Server Component]

  Client Component SSR:
    ./app/login/page.tsx [Client Component SSR]
    ./app/login/page.tsx [Server Component] @ http://localhost:3000/_next/static/chunks/node_modules_next_dist_0u_w_5s._.js:1945
[   19414ms] [ERROR] ./app/login/page.tsx:292:20
Expected '</', got 'jsx text'
  290 |             background: 'linear-gradient(90deg, transparent, rgba(201,169,110,0.4), trans...
  291 |           }} />
> 292 |       </motion.div>
      |                    ^^^^^^^^^^^^^^^^^^^^^^^^^^^^^^^^^^^^^^^^^^^^^^^^^^^^^^^^^^^^^^^^^^^^^^^^^
> 293 |         {/* Logo */}
      | ^^^^^^^^
  294 |         <div style={{ textAlign: 'center', marginBottom: 40 }}>
  295 |           <div style={{
  296 |             width: 48, height: 48, margin: '0 auto 16px',

Parsing ecmascript source code failed

Import traces:
  Client Component Browser:
    ./app/login/page.tsx [Client Component Browser]
    ./app/login/page.tsx [Server Component]

  Client Component SSR:
    ./app/login/page.tsx [Client Component SSR]
    ./app/login/page.tsx [Server Component] @ http://localhost:3000/_next/static/chunks/node_modules_next_dist_0u_w_5s._.js:1945
[   19480ms] [ERROR] ./app/login/page.tsx:292:20
Expected '</', got 'jsx text'
  290 |             background: 'linear-gradient(90deg, transparent, rgba(201,169,110,0.4), trans...
  291 |           }} />
> 292 |       </motion.div>
      |                    ^^^^^^^^^^^^^^^^^^^^^^^^^^^^^^^^^^^^^^^^^^^^^^^^^^^^^^^^^^^^^^^^^^^^^^^^^
> 293 |         {/* Logo */}
      | ^^^^^^^^
  294 |         <div style={{ textAlign: 'center', marginBottom: 40 }}>
  295 |           <div style={{
  296 |             width: 48, height: 48, margin: '0 auto 16px',

Parsing ecmascript source code failed

Import traces:
  Client Component Browser:
    ./app/login/page.tsx [Client Component Browser]
    ./app/login/page.tsx [Server Component]

  Client Component SSR:
    ./app/login/page.tsx [Client Component SSR]
    ./app/login/page.tsx [Server Component] @ http://localhost:3000/_next/static/chunks/node_modules_next_dist_0u_w_5s._.js:1945
[   19532ms] [ERROR] ./app/login/page.tsx:292:20
Expected '</', got 'jsx text'
  290 |             background: 'linear-gradient(90deg, transparent, rgba(201,169,110,0.4), trans...
  291 |           }} />
> 292 |       </motion.div>
      |                    ^^^^^^^^^^^^^^^^^^^^^^^^^^^^^^^^^^^^^^^^^^^^^^^^^^^^^^^^^^^^^^^^^^^^^^^^^
> 293 |         {/* Logo */}
      | ^^^^^^^^
  294 |         <div style={{ textAlign: 'center', marginBottom: 40 }}>
  295 |           <div style={{
  296 |             width: 48, height: 48, margin: '0 auto 16px',

Parsing ecmascript source code failed

Import traces:
  Client Component Browser:
    ./app/login/page.tsx [Client Component Browser]
    ./app/login/page.tsx [Server Component]

  Client Component SSR:
    ./app/login/page.tsx [Client Component SSR]
    ./app/login/page.tsx [Server Component] @ http://localhost:3000/_next/static/chunks/node_modules_next_dist_0u_w_5s._.js:1945
[   19588ms] [ERROR] ./app/login/page.tsx:292:20
Expected '</', got 'jsx text'
  290 |             background: 'linear-gradient(90deg, transparent, rgba(201,169,110,0.4), trans...
  291 |           }} />
> 292 |       </motion.div>
      |                    ^^^^^^^^^^^^^^^^^^^^^^^^^^^^^^^^^^^^^^^^^^^^^^^^^^^^^^^^^^^^^^^^^^^^^^^^^
> 293 |         {/* Logo */}
      | ^^^^^^^^
  294 |         <div style={{ textAlign: 'center', marginBottom: 40 }}>
  295 |           <div style={{
  296 |             width: 48, height: 48, margin: '0 auto 16px',

Parsing ecmascript source code failed

Import traces:
  Client Component Browser:
    ./app/login/page.tsx [Client Component Browser]
    ./app/login/page.tsx [Server Component]

  Client Component SSR:
    ./app/login/page.tsx [Client Component SSR]
    ./app/login/page.tsx [Server Component] @ http://localhost:3000/_next/static/chunks/node_modules_next_dist_0u_w_5s._.js:1945
[   19646ms] [ERROR] ./app/login/page.tsx:292:20
Expected '</', got 'jsx text'
  290 |             background: 'linear-gradient(90deg, transparent, rgba(201,169,110,0.4), trans...
  291 |           }} />
> 292 |       </motion.div>
      |                    ^^^^^^^^^^^^^^^^^^^^^^^^^^^^^^^^^^^^^^^^^^^^^^^^^^^^^^^^^^^^^^^^^^^^^^^^^
> 293 |         {/* Logo */}
      | ^^^^^^^^
  294 |         <div style={{ textAlign: 'center', marginBottom: 40 }}>
  295 |           <div style={{
  296 |             width: 48, height: 48, margin: '0 auto 16px',

Parsing ecmascript source code failed

Import traces:
  Client Component Browser:
    ./app/login/page.tsx [Client Component Browser]
    ./app/login/page.tsx [Server Component]

  Client Component SSR:
    ./app/login/page.tsx [Client Component SSR]
    ./app/login/page.tsx [Server Component] @ http://localhost:3000/_next/static/chunks/node_modules_next_dist_0u_w_5s._.js:1945
[   19707ms] [ERROR] ./app/login/page.tsx:292:20
Expected '</', got 'jsx text'
  290 |             background: 'linear-gradient(90deg, transparent, rgba(201,169,110,0.4), trans...
  291 |           }} />
> 292 |       </motion.div>
      |                    ^^^^^^^^^^^^^^^^^^^^^^^^^^^^^^^^^^^^^^^^^^^^^^^^^^^^^^^^^^^^^^^^^^^^^^^^^
> 293 |         {/* Logo */}
      | ^^^^^^^^
  294 |         <div style={{ textAlign: 'center', marginBottom: 40 }}>
  295 |           <div style={{
  296 |             width: 48, height: 48, margin: '0 auto 16px',

Parsing ecmascript source code failed

Import traces:
  Client Component Browser:
    ./app/login/page.tsx [Client Component Browser]
    ./app/login/page.tsx [Server Component]

  Client Component SSR:
    ./app/login/page.tsx [Client Component SSR]
    ./app/login/page.tsx [Server Component] @ http://localhost:3000/_next/static/chunks/node_modules_next_dist_0u_w_5s._.js:1945
[   19765ms] [ERROR] ./app/login/page.tsx:292:20
Expected '</', got 'jsx text'
  290 |             background: 'linear-gradient(90deg, transparent, rgba(201,169,110,0.4), trans...
  291 |           }} />
> 292 |       </motion.div>
      |                    ^^^^^^^^^^^^^^^^^^^^^^^^^^^^^^^^^^^^^^^^^^^^^^^^^^^^^^^^^^^^^^^^^^^^^^^^^
> 293 |         {/* Logo */}
      | ^^^^^^^^
  294 |         <div style={{ textAlign: 'center', marginBottom: 40 }}>
  295 |           <div style={{
  296 |             width: 48, height: 48, margin: '0 auto 16px',

Parsing ecmascript source code failed

Import traces:
  Client Component Browser:
    ./app/login/page.tsx [Client Component Browser]
    ./app/login/page.tsx [Server Component]

  Client Component SSR:
    ./app/login/page.tsx [Client Component SSR]
    ./app/login/page.tsx [Server Component] @ http://localhost:3000/_next/static/chunks/node_modules_next_dist_0u_w_5s._.js:1945
[   19825ms] [ERROR] ./app/login/page.tsx:292:20
Expected '</', got 'jsx text'
  290 |             background: 'linear-gradient(90deg, transparent, rgba(201,169,110,0.4), trans...
  291 |           }} />
> 292 |       </motion.div>
      |                    ^^^^^^^^^^^^^^^^^^^^^^^^^^^^^^^^^^^^^^^^^^^^^^^^^^^^^^^^^^^^^^^^^^^^^^^^^
> 293 |         {/* Logo */}
      | ^^^^^^^^
  294 |         <div style={{ textAlign: 'center', marginBottom: 40 }}>
  295 |           <div style={{
  296 |             width: 48, height: 48, margin: '0 auto 16px',

Parsing ecmascript source code failed

Import traces:
  Client Component Browser:
    ./app/login/page.tsx [Client Component Browser]
    ./app/login/page.tsx [Server Component]

  Client Component SSR:
    ./app/login/page.tsx [Client Component SSR]
    ./app/login/page.tsx [Server Component] @ http://localhost:3000/_next/static/chunks/node_modules_next_dist_0u_w_5s._.js:1945
[   19890ms] [ERROR] ./app/login/page.tsx:292:20
Expected '</', got 'jsx text'
  290 |             background: 'linear-gradient(90deg, transparent, rgba(201,169,110,0.4), trans...
  291 |           }} />
> 292 |       </motion.div>
      |                    ^^^^^^^^^^^^^^^^^^^^^^^^^^^^^^^^^^^^^^^^^^^^^^^^^^^^^^^^^^^^^^^^^^^^^^^^^
> 293 |         {/* Logo */}
      | ^^^^^^^^
  294 |         <div style={{ textAlign: 'center', marginBottom: 40 }}>
  295 |           <div style={{
  296 |             width: 48, height: 48, margin: '0 auto 16px',

Parsing ecmascript source code failed

Import traces:
  Client Component Browser:
    ./app/login/page.tsx [Client Component Browser]
    ./app/login/page.tsx [Server Component]

  Client Component SSR:
    ./app/login/page.tsx [Client Component SSR]
    ./app/login/page.tsx [Server Component] @ http://localhost:3000/_next/static/chunks/node_modules_next_dist_0u_w_5s._.js:1945
[   19951ms] [ERROR] ./app/login/page.tsx:292:20
Expected '</', got 'jsx text'
  290 |             background: 'linear-gradient(90deg, transparent, rgba(201,169,110,0.4), trans...
  291 |           }} />
> 292 |       </motion.div>
      |                    ^^^^^^^^^^^^^^^^^^^^^^^^^^^^^^^^^^^^^^^^^^^^^^^^^^^^^^^^^^^^^^^^^^^^^^^^^
> 293 |         {/* Logo */}
      | ^^^^^^^^
  294 |         <div style={{ textAlign: 'center', marginBottom: 40 }}>
  295 |           <div style={{
  296 |             width: 48, height: 48, margin: '0 auto 16px',

Parsing ecmascript source code failed

Import traces:
  Client Component Browser:
    ./app/login/page.tsx [Client Component Browser]
    ./app/login/page.tsx [Server Component]

  Client Component SSR:
    ./app/login/page.tsx [Client Component SSR]
    ./app/login/page.tsx [Server Component] @ http://localhost:3000/_next/static/chunks/node_modules_next_dist_0u_w_5s._.js:1945
[   20011ms] [ERROR] ./app/login/page.tsx:292:20
Expected '</', got 'jsx text'
  290 |             background: 'linear-gradient(90deg, transparent, rgba(201,169,110,0.4), trans...
  291 |           }} />
> 292 |       </motion.div>
      |                    ^^^^^^^^^^^^^^^^^^^^^^^^^^^^^^^^^^^^^^^^^^^^^^^^^^^^^^^^^^^^^^^^^^^^^^^^^
> 293 |         {/* Logo */}
      | ^^^^^^^^
  294 |         <div style={{ textAlign: 'center', marginBottom: 40 }}>
  295 |           <div style={{
  296 |             width: 48, height: 48, margin: '0 auto 16px',

Parsing ecmascript source code failed

Import traces:
  Client Component Browser:
    ./app/login/page.tsx [Client Component Browser]
    ./app/login/page.tsx [Server Component]

  Client Component SSR:
    ./app/login/page.tsx [Client Component SSR]
    ./app/login/page.tsx [Server Component] @ http://localhost:3000/_next/static/chunks/node_modules_next_dist_0u_w_5s._.js:1945
[   20077ms] [ERROR] ./app/login/page.tsx:292:20
Expected '</', got 'jsx text'
  290 |             background: 'linear-gradient(90deg, transparent, rgba(201,169,110,0.4), trans...
  291 |           }} />
> 292 |       </motion.div>
      |                    ^^^^^^^^^^^^^^^^^^^^^^^^^^^^^^^^^^^^^^^^^^^^^^^^^^^^^^^^^^^^^^^^^^^^^^^^^
> 293 |         {/* Logo */}
      | ^^^^^^^^
  294 |         <div style={{ textAlign: 'center', marginBottom: 40 }}>
  295 |           <div style={{
  296 |             width: 48, height: 48, margin: '0 auto 16px',

Parsing ecmascript source code failed

Import traces:
  Client Component Browser:
    ./app/login/page.tsx [Client Component Browser]
    ./app/login/page.tsx [Server Component]

  Client Component SSR:
    ./app/login/page.tsx [Client Component SSR]
    ./app/login/page.tsx [Server Component] @ http://localhost:3000/_next/static/chunks/node_modules_next_dist_0u_w_5s._.js:1945
[   20135ms] [ERROR] ./app/login/page.tsx:292:20
Expected '</', got 'jsx text'
  290 |             background: 'linear-gradient(90deg, transparent, rgba(201,169,110,0.4), trans...
  291 |           }} />
> 292 |       </motion.div>
      |                    ^^^^^^^^^^^^^^^^^^^^^^^^^^^^^^^^^^^^^^^^^^^^^^^^^^^^^^^^^^^^^^^^^^^^^^^^^
> 293 |         {/* Logo */}
      | ^^^^^^^^
  294 |         <div style={{ textAlign: 'center', marginBottom: 40 }}>
  295 |           <div style={{
  296 |             width: 48, height: 48, margin: '0 auto 16px',

Parsing ecmascript source code failed

Import traces:
  Client Component Browser:
    ./app/login/page.tsx [Client Component Browser]
    ./app/login/page.tsx [Server Component]

  Client Component SSR:
    ./app/login/page.tsx [Client Component SSR]
    ./app/login/page.tsx [Server Component] @ http://localhost:3000/_next/static/chunks/node_modules_next_dist_0u_w_5s._.js:1945
[   20188ms] [ERROR] ./app/login/page.tsx:292:20
Expected '</', got 'jsx text'
  290 |             background: 'linear-gradient(90deg, transparent, rgba(201,169,110,0.4), trans...
  291 |           }} />
> 292 |       </motion.div>
      |                    ^^^^^^^^^^^^^^^^^^^^^^^^^^^^^^^^^^^^^^^^^^^^^^^^^^^^^^^^^^^^^^^^^^^^^^^^^
> 293 |         {/* Logo */}
      | ^^^^^^^^
  294 |         <div style={{ textAlign: 'center', marginBottom: 40 }}>
  295 |           <div style={{
  296 |             width: 48, height: 48, margin: '0 auto 16px',

Parsing ecmascript source code failed

Import traces:
  Client Component Browser:
    ./app/login/page.tsx [Client Component Browser]
    ./app/login/page.tsx [Server Component]

  Client Component SSR:
    ./app/login/page.tsx [Client Component SSR]
    ./app/login/page.tsx [Server Component] @ http://localhost:3000/_next/static/chunks/node_modules_next_dist_0u_w_5s._.js:1945
[   20251ms] [ERROR] ./app/login/page.tsx:292:20
Expected '</', got 'jsx text'
  290 |             background: 'linear-gradient(90deg, transparent, rgba(201,169,110,0.4), trans...
  291 |           }} />
> 292 |       </motion.div>
      |                    ^^^^^^^^^^^^^^^^^^^^^^^^^^^^^^^^^^^^^^^^^^^^^^^^^^^^^^^^^^^^^^^^^^^^^^^^^
> 293 |         {/* Logo */}
      | ^^^^^^^^
  294 |         <div style={{ textAlign: 'center', marginBottom: 40 }}>
  295 |           <div style={{
  296 |             width: 48, height: 48, margin: '0 auto 16px',

Parsing ecmascript source code failed

Import traces:
  Client Component Browser:
    ./app/login/page.tsx [Client Component Browser]
    ./app/login/page.tsx [Server Component]

  Client Component SSR:
    ./app/login/page.tsx [Client Component SSR]
    ./app/login/page.tsx [Server Component] @ http://localhost:3000/_next/static/chunks/node_modules_next_dist_0u_w_5s._.js:1945
[   20313ms] [ERROR] ./app/login/page.tsx:292:20
Expected '</', got 'jsx text'
  290 |             background: 'linear-gradient(90deg, transparent, rgba(201,169,110,0.4), trans...
  291 |           }} />
> 292 |       </motion.div>
      |                    ^^^^^^^^^^^^^^^^^^^^^^^^^^^^^^^^^^^^^^^^^^^^^^^^^^^^^^^^^^^^^^^^^^^^^^^^^
> 293 |         {/* Logo */}
      | ^^^^^^^^
  294 |         <div style={{ textAlign: 'center', marginBottom: 40 }}>
  295 |           <div style={{
  296 |             width: 48, height: 48, margin: '0 auto 16px',

Parsing ecmascript source code failed

Import traces:
  Client Component Browser:
    ./app/login/page.tsx [Client Component Browser]
    ./app/login/page.tsx [Server Component]

  Client Component SSR:
    ./app/login/page.tsx [Client Component SSR]
    ./app/login/page.tsx [Server Component] @ http://localhost:3000/_next/static/chunks/node_modules_next_dist_0u_w_5s._.js:1945
[   20368ms] [ERROR] ./app/login/page.tsx:292:20
Expected '</', got 'jsx text'
  290 |             background: 'linear-gradient(90deg, transparent, rgba(201,169,110,0.4), trans...
  291 |           }} />
> 292 |       </motion.div>
      |                    ^^^^^^^^^^^^^^^^^^^^^^^^^^^^^^^^^^^^^^^^^^^^^^^^^^^^^^^^^^^^^^^^^^^^^^^^^
> 293 |         {/* Logo */}
      | ^^^^^^^^
  294 |         <div style={{ textAlign: 'center', marginBottom: 40 }}>
  295 |           <div style={{
  296 |             width: 48, height: 48, margin: '0 auto 16px',

Parsing ecmascript source code failed

Import traces:
  Client Component Browser:
    ./app/login/page.tsx [Client Component Browser]
    ./app/login/page.tsx [Server Component]

  Client Component SSR:
    ./app/login/page.tsx [Client Component SSR]
    ./app/login/page.tsx [Server Component] @ http://localhost:3000/_next/static/chunks/node_modules_next_dist_0u_w_5s._.js:1945
[   20422ms] [ERROR] ./app/login/page.tsx:292:20
Expected '</', got 'jsx text'
  290 |             background: 'linear-gradient(90deg, transparent, rgba(201,169,110,0.4), trans...
  291 |           }} />
> 292 |       </motion.div>
      |                    ^^^^^^^^^^^^^^^^^^^^^^^^^^^^^^^^^^^^^^^^^^^^^^^^^^^^^^^^^^^^^^^^^^^^^^^^^
> 293 |         {/* Logo */}
      | ^^^^^^^^
  294 |         <div style={{ textAlign: 'center', marginBottom: 40 }}>
  295 |           <div style={{
  296 |             width: 48, height: 48, margin: '0 auto 16px',

Parsing ecmascript source code failed

Import traces:
  Client Component Browser:
    ./app/login/page.tsx [Client Component Browser]
    ./app/login/page.tsx [Server Component]

  Client Component SSR:
    ./app/login/page.tsx [Client Component SSR]
    ./app/login/page.tsx [Server Component] @ http://localhost:3000/_next/static/chunks/node_modules_next_dist_0u_w_5s._.js:1945
[   20477ms] [ERROR] ./app/login/page.tsx:292:20
Expected '</', got 'jsx text'
  290 |             background: 'linear-gradient(90deg, transparent, rgba(201,169,110,0.4), trans...
  291 |           }} />
> 292 |       </motion.div>
      |                    ^^^^^^^^^^^^^^^^^^^^^^^^^^^^^^^^^^^^^^^^^^^^^^^^^^^^^^^^^^^^^^^^^^^^^^^^^
> 293 |         {/* Logo */}
      | ^^^^^^^^
  294 |         <div style={{ textAlign: 'center', marginBottom: 40 }}>
  295 |           <div style={{
  296 |             width: 48, height: 48, margin: '0 auto 16px',

Parsing ecmascript source code failed

Import traces:
  Client Component Browser:
    ./app/login/page.tsx [Client Component Browser]
    ./app/login/page.tsx [Server Component]

  Client Component SSR:
    ./app/login/page.tsx [Client Component SSR]
    ./app/login/page.tsx [Server Component] @ http://localhost:3000/_next/static/chunks/node_modules_next_dist_0u_w_5s._.js:1945
[   20536ms] [ERROR] ./app/login/page.tsx:292:20
Expected '</', got 'jsx text'
  290 |             background: 'linear-gradient(90deg, transparent, rgba(201,169,110,0.4), trans...
  291 |           }} />
> 292 |       </motion.div>
      |                    ^^^^^^^^^^^^^^^^^^^^^^^^^^^^^^^^^^^^^^^^^^^^^^^^^^^^^^^^^^^^^^^^^^^^^^^^^
> 293 |         {/* Logo */}
      | ^^^^^^^^
  294 |         <div style={{ textAlign: 'center', marginBottom: 40 }}>
  295 |           <div style={{
  296 |             width: 48, height: 48, margin: '0 auto 16px',

Parsing ecmascript source code failed

Import traces:
  Client Component Browser:
    ./app/login/page.tsx [Client Component Browser]
    ./app/login/page.tsx [Server Component]

  Client Component SSR:
    ./app/login/page.tsx [Client Component SSR]
    ./app/login/page.tsx [Server Component] @ http://localhost:3000/_next/static/chunks/node_modules_next_dist_0u_w_5s._.js:1945
[   20598ms] [ERROR] ./app/login/page.tsx:292:20
Expected '</', got 'jsx text'
  290 |             background: 'linear-gradient(90deg, transparent, rgba(201,169,110,0.4), trans...
  291 |           }} />
> 292 |       </motion.div>
      |                    ^^^^^^^^^^^^^^^^^^^^^^^^^^^^^^^^^^^^^^^^^^^^^^^^^^^^^^^^^^^^^^^^^^^^^^^^^
> 293 |         {/* Logo */}
      | ^^^^^^^^
  294 |         <div style={{ textAlign: 'center', marginBottom: 40 }}>
  295 |           <div style={{
  296 |             width: 48, height: 48, margin: '0 auto 16px',

Parsing ecmascript source code failed

Import traces:
  Client Component Browser:
    ./app/login/page.tsx [Client Component Browser]
    ./app/login/page.tsx [Server Component]

  Client Component SSR:
    ./app/login/page.tsx [Client Component SSR]
    ./app/login/page.tsx [Server Component] @ http://localhost:3000/_next/static/chunks/node_modules_next_dist_0u_w_5s._.js:1945
[   20656ms] [ERROR] ./app/login/page.tsx:292:20
Expected '</', got 'jsx text'
  290 |             background: 'linear-gradient(90deg, transparent, rgba(201,169,110,0.4), trans...
  291 |           }} />
> 292 |       </motion.div>
      |                    ^^^^^^^^^^^^^^^^^^^^^^^^^^^^^^^^^^^^^^^^^^^^^^^^^^^^^^^^^^^^^^^^^^^^^^^^^
> 293 |         {/* Logo */}
      | ^^^^^^^^
  294 |         <div style={{ textAlign: 'center', marginBottom: 40 }}>
  295 |           <div style={{
  296 |             width: 48, height: 48, margin: '0 auto 16px',

Parsing ecmascript source code failed

Import traces:
  Client Component Browser:
    ./app/login/page.tsx [Client Component Browser]
    ./app/login/page.tsx [Server Component]

  Client Component SSR:
    ./app/login/page.tsx [Client Component SSR]
    ./app/login/page.tsx [Server Component] @ http://localhost:3000/_next/static/chunks/node_modules_next_dist_0u_w_5s._.js:1945
[   20703ms] [ERROR] ./app/login/page.tsx:292:20
Expected '</', got 'jsx text'
  290 |             background: 'linear-gradient(90deg, transparent, rgba(201,169,110,0.4), trans...
  291 |           }} />
> 292 |       </motion.div>
      |                    ^^^^^^^^^^^^^^^^^^^^^^^^^^^^^^^^^^^^^^^^^^^^^^^^^^^^^^^^^^^^^^^^^^^^^^^^^
> 293 |         {/* Logo */}
      | ^^^^^^^^
  294 |         <div style={{ textAlign: 'center', marginBottom: 40 }}>
  295 |           <div style={{
  296 |             width: 48, height: 48, margin: '0 auto 16px',

Parsing ecmascript source code failed

Import traces:
  Client Component Browser:
    ./app/login/page.tsx [Client Component Browser]
    ./app/login/page.tsx [Server Component]

  Client Component SSR:
    ./app/login/page.tsx [Client Component SSR]
    ./app/login/page.tsx [Server Component] @ http://localhost:3000/_next/static/chunks/node_modules_next_dist_0u_w_5s._.js:1945
[   20767ms] [ERROR] ./app/login/page.tsx:292:20
Expected '</', got 'jsx text'
  290 |             background: 'linear-gradient(90deg, transparent, rgba(201,169,110,0.4), trans...
  291 |           }} />
> 292 |       </motion.div>
      |                    ^^^^^^^^^^^^^^^^^^^^^^^^^^^^^^^^^^^^^^^^^^^^^^^^^^^^^^^^^^^^^^^^^^^^^^^^^
> 293 |         {/* Logo */}
      | ^^^^^^^^
  294 |         <div style={{ textAlign: 'center', marginBottom: 40 }}>
  295 |           <div style={{
  296 |             width: 48, height: 48, margin: '0 auto 16px',

Parsing ecmascript source code failed

Import traces:
  Client Component Browser:
    ./app/login/page.tsx [Client Component Browser]
    ./app/login/page.tsx [Server Component]

  Client Component SSR:
    ./app/login/page.tsx [Client Component SSR]
    ./app/login/page.tsx [Server Component] @ http://localhost:3000/_next/static/chunks/node_modules_next_dist_0u_w_5s._.js:1945
[   20824ms] [ERROR] ./app/login/page.tsx:292:20
Expected '</', got 'jsx text'
  290 |             background: 'linear-gradient(90deg, transparent, rgba(201,169,110,0.4), trans...
  291 |           }} />
> 292 |       </motion.div>
      |                    ^^^^^^^^^^^^^^^^^^^^^^^^^^^^^^^^^^^^^^^^^^^^^^^^^^^^^^^^^^^^^^^^^^^^^^^^^
> 293 |         {/* Logo */}
      | ^^^^^^^^
  294 |         <div style={{ textAlign: 'center', marginBottom: 40 }}>
  295 |           <div style={{
  296 |             width: 48, height: 48, margin: '0 auto 16px',

Parsing ecmascript source code failed

Import traces:
  Client Component Browser:
    ./app/login/page.tsx [Client Component Browser]
    ./app/login/page.tsx [Server Component]

  Client Component SSR:
    ./app/login/page.tsx [Client Component SSR]
    ./app/login/page.tsx [Server Component] @ http://localhost:3000/_next/static/chunks/node_modules_next_dist_0u_w_5s._.js:1945
[   20887ms] [ERROR] ./app/login/page.tsx:292:20
Expected '</', got 'jsx text'
  290 |             background: 'linear-gradient(90deg, transparent, rgba(201,169,110,0.4), trans...
  291 |           }} />
> 292 |       </motion.div>
      |                    ^^^^^^^^^^^^^^^^^^^^^^^^^^^^^^^^^^^^^^^^^^^^^^^^^^^^^^^^^^^^^^^^^^^^^^^^^
> 293 |         {/* Logo */}
      | ^^^^^^^^
  294 |         <div style={{ textAlign: 'center', marginBottom: 40 }}>
  295 |           <div style={{
  296 |             width: 48, height: 48, margin: '0 auto 16px',

Parsing ecmascript source code failed

Import traces:
  Client Component Browser:
    ./app/login/page.tsx [Client Component Browser]
    ./app/login/page.tsx [Server Component]

  Client Component SSR:
    ./app/login/page.tsx [Client Component SSR]
    ./app/login/page.tsx [Server Component] @ http://localhost:3000/_next/static/chunks/node_modules_next_dist_0u_w_5s._.js:1945
[   20947ms] [ERROR] ./app/login/page.tsx:292:20
Expected '</', got 'jsx text'
  290 |             background: 'linear-gradient(90deg, transparent, rgba(201,169,110,0.4), trans...
  291 |           }} />
> 292 |       </motion.div>
      |                    ^^^^^^^^^^^^^^^^^^^^^^^^^^^^^^^^^^^^^^^^^^^^^^^^^^^^^^^^^^^^^^^^^^^^^^^^^
> 293 |         {/* Logo */}
      | ^^^^^^^^
  294 |         <div style={{ textAlign: 'center', marginBottom: 40 }}>
  295 |           <div style={{
  296 |             width: 48, height: 48, margin: '0 auto 16px',

Parsing ecmascript source code failed

Import traces:
  Client Component Browser:
    ./app/login/page.tsx [Client Component Browser]
    ./app/login/page.tsx [Server Component]

  Client Component SSR:
    ./app/login/page.tsx [Client Component SSR]
    ./app/login/page.tsx [Server Component] @ http://localhost:3000/_next/static/chunks/node_modules_next_dist_0u_w_5s._.js:1945
[   21005ms] [ERROR] ./app/login/page.tsx:292:20
Expected '</', got 'jsx text'
  290 |             background: 'linear-gradient(90deg, transparent, rgba(201,169,110,0.4), trans...
  291 |           }} />
> 292 |       </motion.div>
      |                    ^^^^^^^^^^^^^^^^^^^^^^^^^^^^^^^^^^^^^^^^^^^^^^^^^^^^^^^^^^^^^^^^^^^^^^^^^
> 293 |         {/* Logo */}
      | ^^^^^^^^
  294 |         <div style={{ textAlign: 'center', marginBottom: 40 }}>
  295 |           <div style={{
  296 |             width: 48, height: 48, margin: '0 auto 16px',

Parsing ecmascript source code failed

Import traces:
  Client Component Browser:
    ./app/login/page.tsx [Client Component Browser]
    ./app/login/page.tsx [Server Component]

  Client Component SSR:
    ./app/login/page.tsx [Client Component SSR]
    ./app/login/page.tsx [Server Component] @ http://localhost:3000/_next/static/chunks/node_modules_next_dist_0u_w_5s._.js:1945
[   21067ms] [ERROR] ./app/login/page.tsx:292:20
Expected '</', got 'jsx text'
  290 |             background: 'linear-gradient(90deg, transparent, rgba(201,169,110,0.4), trans...
  291 |           }} />
> 292 |       </motion.div>
      |                    ^^^^^^^^^^^^^^^^^^^^^^^^^^^^^^^^^^^^^^^^^^^^^^^^^^^^^^^^^^^^^^^^^^^^^^^^^
> 293 |         {/* Logo */}
      | ^^^^^^^^
  294 |         <div style={{ textAlign: 'center', marginBottom: 40 }}>
  295 |           <div style={{
  296 |             width: 48, height: 48, margin: '0 auto 16px',

Parsing ecmascript source code failed

Import traces:
  Client Component Browser:
    ./app/login/page.tsx [Client Component Browser]
    ./app/login/page.tsx [Server Component]

  Client Component SSR:
    ./app/login/page.tsx [Client Component SSR]
    ./app/login/page.tsx [Server Component] @ http://localhost:3000/_next/static/chunks/node_modules_next_dist_0u_w_5s._.js:1945
[   21130ms] [ERROR] ./app/login/page.tsx:292:20
Expected '</', got 'jsx text'
  290 |             background: 'linear-gradient(90deg, transparent, rgba(201,169,110,0.4), trans...
  291 |           }} />
> 292 |       </motion.div>
      |                    ^^^^^^^^^^^^^^^^^^^^^^^^^^^^^^^^^^^^^^^^^^^^^^^^^^^^^^^^^^^^^^^^^^^^^^^^^
> 293 |         {/* Logo */}
      | ^^^^^^^^
  294 |         <div style={{ textAlign: 'center', marginBottom: 40 }}>
  295 |           <div style={{
  296 |             width: 48, height: 48, margin: '0 auto 16px',

Parsing ecmascript source code failed

Import traces:
  Client Component Browser:
    ./app/login/page.tsx [Client Component Browser]
    ./app/login/page.tsx [Server Component]

  Client Component SSR:
    ./app/login/page.tsx [Client Component SSR]
    ./app/login/page.tsx [Server Component] @ http://localhost:3000/_next/static/chunks/node_modules_next_dist_0u_w_5s._.js:1945
[   21193ms] [ERROR] ./app/login/page.tsx:292:20
Expected '</', got 'jsx text'
  290 |             background: 'linear-gradient(90deg, transparent, rgba(201,169,110,0.4), trans...
  291 |           }} />
> 292 |       </motion.div>
      |                    ^^^^^^^^^^^^^^^^^^^^^^^^^^^^^^^^^^^^^^^^^^^^^^^^^^^^^^^^^^^^^^^^^^^^^^^^^
> 293 |         {/* Logo */}
      | ^^^^^^^^
  294 |         <div style={{ textAlign: 'center', marginBottom: 40 }}>
  295 |           <div style={{
  296 |             width: 48, height: 48, margin: '0 auto 16px',

Parsing ecmascript source code failed

Import traces:
  Client Component Browser:
    ./app/login/page.tsx [Client Component Browser]
    ./app/login/page.tsx [Server Component]

  Client Component SSR:
    ./app/login/page.tsx [Client Component SSR]
    ./app/login/page.tsx [Server Component] @ http://localhost:3000/_next/static/chunks/node_modules_next_dist_0u_w_5s._.js:1945
[   21266ms] [ERROR] ./app/login/page.tsx:292:20
Expected '</', got 'jsx text'
  290 |             background: 'linear-gradient(90deg, transparent, rgba(201,169,110,0.4), trans...
  291 |           }} />
> 292 |       </motion.div>
      |                    ^^^^^^^^^^^^^^^^^^^^^^^^^^^^^^^^^^^^^^^^^^^^^^^^^^^^^^^^^^^^^^^^^^^^^^^^^
> 293 |         {/* Logo */}
      | ^^^^^^^^
  294 |         <div style={{ textAlign: 'center', marginBottom: 40 }}>
  295 |           <div style={{
  296 |             width: 48, height: 48, margin: '0 auto 16px',

Parsing ecmascript source code failed

Import traces:
  Client Component Browser:
    ./app/login/page.tsx [Client Component Browser]
    ./app/login/page.tsx [Server Component]

  Client Component SSR:
    ./app/login/page.tsx [Client Component SSR]
    ./app/login/page.tsx [Server Component] @ http://localhost:3000/_next/static/chunks/node_modules_next_dist_0u_w_5s._.js:1945
[   21324ms] [ERROR] ./app/login/page.tsx:292:20
Expected '</', got 'jsx text'
  290 |             background: 'linear-gradient(90deg, transparent, rgba(201,169,110,0.4), trans...
  291 |           }} />
> 292 |       </motion.div>
      |                    ^^^^^^^^^^^^^^^^^^^^^^^^^^^^^^^^^^^^^^^^^^^^^^^^^^^^^^^^^^^^^^^^^^^^^^^^^
> 293 |         {/* Logo */}
      | ^^^^^^^^
  294 |         <div style={{ textAlign: 'center', marginBottom: 40 }}>
  295 |           <div style={{
  296 |             width: 48, height: 48, margin: '0 auto 16px',

Parsing ecmascript source code failed

Import traces:
  Client Component Browser:
    ./app/login/page.tsx [Client Component Browser]
    ./app/login/page.tsx [Server Component]

  Client Component SSR:
    ./app/login/page.tsx [Client Component SSR]
    ./app/login/page.tsx [Server Component] @ http://localhost:3000/_next/static/chunks/node_modules_next_dist_0u_w_5s._.js:1945
[   21387ms] [ERROR] ./app/login/page.tsx:292:20
Expected '</', got 'jsx text'
  290 |             background: 'linear-gradient(90deg, transparent, rgba(201,169,110,0.4), trans...
  291 |           }} />
> 292 |       </motion.div>
      |                    ^^^^^^^^^^^^^^^^^^^^^^^^^^^^^^^^^^^^^^^^^^^^^^^^^^^^^^^^^^^^^^^^^^^^^^^^^
> 293 |         {/* Logo */}
      | ^^^^^^^^
  294 |         <div style={{ textAlign: 'center', marginBottom: 40 }}>
  295 |           <div style={{
  296 |             width: 48, height: 48, margin: '0 auto 16px',

Parsing ecmascript source code failed

Import traces:
  Client Component Browser:
    ./app/login/page.tsx [Client Component Browser]
    ./app/login/page.tsx [Server Component]

  Client Component SSR:
    ./app/login/page.tsx [Client Component SSR]
    ./app/login/page.tsx [Server Component] @ http://localhost:3000/_next/static/chunks/node_modules_next_dist_0u_w_5s._.js:1945
[   21444ms] [ERROR] ./app/login/page.tsx:292:20
Expected '</', got 'jsx text'
  290 |             background: 'linear-gradient(90deg, transparent, rgba(201,169,110,0.4), trans...
  291 |           }} />
> 292 |       </motion.div>
      |                    ^^^^^^^^^^^^^^^^^^^^^^^^^^^^^^^^^^^^^^^^^^^^^^^^^^^^^^^^^^^^^^^^^^^^^^^^^
> 293 |         {/* Logo */}
      | ^^^^^^^^
  294 |         <div style={{ textAlign: 'center', marginBottom: 40 }}>
  295 |           <div style={{
  296 |             width: 48, height: 48, margin: '0 auto 16px',

Parsing ecmascript source code failed

Import traces:
  Client Component Browser:
    ./app/login/page.tsx [Client Component Browser]
    ./app/login/page.tsx [Server Component]

  Client Component SSR:
    ./app/login/page.tsx [Client Component SSR]
    ./app/login/page.tsx [Server Component] @ http://localhost:3000/_next/static/chunks/node_modules_next_dist_0u_w_5s._.js:1945
[   21505ms] [ERROR] ./app/login/page.tsx:292:20
Expected '</', got 'jsx text'
  290 |             background: 'linear-gradient(90deg, transparent, rgba(201,169,110,0.4), trans...
  291 |           }} />
> 292 |       </motion.div>
      |                    ^^^^^^^^^^^^^^^^^^^^^^^^^^^^^^^^^^^^^^^^^^^^^^^^^^^^^^^^^^^^^^^^^^^^^^^^^
> 293 |         {/* Logo */}
      | ^^^^^^^^
  294 |         <div style={{ textAlign: 'center', marginBottom: 40 }}>
  295 |           <div style={{
  296 |             width: 48, height: 48, margin: '0 auto 16px',

Parsing ecmascript source code failed

Import traces:
  Client Component Browser:
    ./app/login/page.tsx [Client Component Browser]
    ./app/login/page.tsx [Server Component]

  Client Component SSR:
    ./app/login/page.tsx [Client Component SSR]
    ./app/login/page.tsx [Server Component] @ http://localhost:3000/_next/static/chunks/node_modules_next_dist_0u_w_5s._.js:1945
[   21564ms] [ERROR] ./app/login/page.tsx:292:20
Expected '</', got 'jsx text'
  290 |             background: 'linear-gradient(90deg, transparent, rgba(201,169,110,0.4), trans...
  291 |           }} />
> 292 |       </motion.div>
      |                    ^^^^^^^^^^^^^^^^^^^^^^^^^^^^^^^^^^^^^^^^^^^^^^^^^^^^^^^^^^^^^^^^^^^^^^^^^
> 293 |         {/* Logo */}
      | ^^^^^^^^
  294 |         <div style={{ textAlign: 'center', marginBottom: 40 }}>
  295 |           <div style={{
  296 |             width: 48, height: 48, margin: '0 auto 16px',

Parsing ecmascript source code failed

Import traces:
  Client Component Browser:
    ./app/login/page.tsx [Client Component Browser]
    ./app/login/page.tsx [Server Component]

  Client Component SSR:
    ./app/login/page.tsx [Client Component SSR]
    ./app/login/page.tsx [Server Component] @ http://localhost:3000/_next/static/chunks/node_modules_next_dist_0u_w_5s._.js:1945
[   21621ms] [ERROR] ./app/login/page.tsx:292:20
Expected '</', got 'jsx text'
  290 |             background: 'linear-gradient(90deg, transparent, rgba(201,169,110,0.4), trans...
  291 |           }} />
> 292 |       </motion.div>
      |                    ^^^^^^^^^^^^^^^^^^^^^^^^^^^^^^^^^^^^^^^^^^^^^^^^^^^^^^^^^^^^^^^^^^^^^^^^^
> 293 |         {/* Logo */}
      | ^^^^^^^^
  294 |         <div style={{ textAlign: 'center', marginBottom: 40 }}>
  295 |           <div style={{
  296 |             width: 48, height: 48, margin: '0 auto 16px',

Parsing ecmascript source code failed

Import traces:
  Client Component Browser:
    ./app/login/page.tsx [Client Component Browser]
    ./app/login/page.tsx [Server Component]

  Client Component SSR:
    ./app/login/page.tsx [Client Component SSR]
    ./app/login/page.tsx [Server Component] @ http://localhost:3000/_next/static/chunks/node_modules_next_dist_0u_w_5s._.js:1945
[   21683ms] [ERROR] ./app/login/page.tsx:292:20
Expected '</', got 'jsx text'
  290 |             background: 'linear-gradient(90deg, transparent, rgba(201,169,110,0.4), trans...
  291 |           }} />
> 292 |       </motion.div>
      |                    ^^^^^^^^^^^^^^^^^^^^^^^^^^^^^^^^^^^^^^^^^^^^^^^^^^^^^^^^^^^^^^^^^^^^^^^^^
> 293 |         {/* Logo */}
      | ^^^^^^^^
  294 |         <div style={{ textAlign: 'center', marginBottom: 40 }}>
  295 |           <div style={{
  296 |             width: 48, height: 48, margin: '0 auto 16px',

Parsing ecmascript source code failed

Import traces:
  Client Component Browser:
    ./app/login/page.tsx [Client Component Browser]
    ./app/login/page.tsx [Server Component]

  Client Component SSR:
    ./app/login/page.tsx [Client Component SSR]
    ./app/login/page.tsx [Server Component] @ http://localhost:3000/_next/static/chunks/node_modules_next_dist_0u_w_5s._.js:1945
[   21742ms] [ERROR] ./app/login/page.tsx:292:20
Expected '</', got 'jsx text'
  290 |             background: 'linear-gradient(90deg, transparent, rgba(201,169,110,0.4), trans...
  291 |           }} />
> 292 |       </motion.div>
      |                    ^^^^^^^^^^^^^^^^^^^^^^^^^^^^^^^^^^^^^^^^^^^^^^^^^^^^^^^^^^^^^^^^^^^^^^^^^
> 293 |         {/* Logo */}
      | ^^^^^^^^
  294 |         <div style={{ textAlign: 'center', marginBottom: 40 }}>
  295 |           <div style={{
  296 |             width: 48, height: 48, margin: '0 auto 16px',

Parsing ecmascript source code failed

Import traces:
  Client Component Browser:
    ./app/login/page.tsx [Client Component Browser]
    ./app/login/page.tsx [Server Component]

  Client Component SSR:
    ./app/login/page.tsx [Client Component SSR]
    ./app/login/page.tsx [Server Component] @ http://localhost:3000/_next/static/chunks/node_modules_next_dist_0u_w_5s._.js:1945
[   21808ms] [ERROR] ./app/login/page.tsx:292:20
Expected '</', got 'jsx text'
  290 |             background: 'linear-gradient(90deg, transparent, rgba(201,169,110,0.4), trans...
  291 |           }} />
> 292 |       </motion.div>
      |                    ^^^^^^^^^^^^^^^^^^^^^^^^^^^^^^^^^^^^^^^^^^^^^^^^^^^^^^^^^^^^^^^^^^^^^^^^^
> 293 |         {/* Logo */}
      | ^^^^^^^^
  294 |         <div style={{ textAlign: 'center', marginBottom: 40 }}>
  295 |           <div style={{
  296 |             width: 48, height: 48, margin: '0 auto 16px',

Parsing ecmascript source code failed

Import traces:
  Client Component Browser:
    ./app/login/page.tsx [Client Component Browser]
    ./app/login/page.tsx [Server Component]

  Client Component SSR:
    ./app/login/page.tsx [Client Component SSR]
    ./app/login/page.tsx [Server Component] @ http://localhost:3000/_next/static/chunks/node_modules_next_dist_0u_w_5s._.js:1945
[   21869ms] [ERROR] ./app/login/page.tsx:292:20
Expected '</', got 'jsx text'
  290 |             background: 'linear-gradient(90deg, transparent, rgba(201,169,110,0.4), trans...
  291 |           }} />
> 292 |       </motion.div>
      |                    ^^^^^^^^^^^^^^^^^^^^^^^^^^^^^^^^^^^^^^^^^^^^^^^^^^^^^^^^^^^^^^^^^^^^^^^^^
> 293 |         {/* Logo */}
      | ^^^^^^^^
  294 |         <div style={{ textAlign: 'center', marginBottom: 40 }}>
  295 |           <div style={{
  296 |             width: 48, height: 48, margin: '0 auto 16px',

Parsing ecmascript source code failed

Import traces:
  Client Component Browser:
    ./app/login/page.tsx [Client Component Browser]
    ./app/login/page.tsx [Server Component]

  Client Component SSR:
    ./app/login/page.tsx [Client Component SSR]
    ./app/login/page.tsx [Server Component] @ http://localhost:3000/_next/static/chunks/node_modules_next_dist_0u_w_5s._.js:1945
[   21927ms] [ERROR] ./app/login/page.tsx:292:20
Expected '</', got 'jsx text'
  290 |             background: 'linear-gradient(90deg, transparent, rgba(201,169,110,0.4), trans...
  291 |           }} />
> 292 |       </motion.div>
      |                    ^^^^^^^^^^^^^^^^^^^^^^^^^^^^^^^^^^^^^^^^^^^^^^^^^^^^^^^^^^^^^^^^^^^^^^^^^
> 293 |         {/* Logo */}
      | ^^^^^^^^
  294 |         <div style={{ textAlign: 'center', marginBottom: 40 }}>
  295 |           <div style={{
  296 |             width: 48, height: 48, margin: '0 auto 16px',

Parsing ecmascript source code failed

Import traces:
  Client Component Browser:
    ./app/login/page.tsx [Client Component Browser]
    ./app/login/page.tsx [Server Component]

  Client Component SSR:
    ./app/login/page.tsx [Client Component SSR]
    ./app/login/page.tsx [Server Component] @ http://localhost:3000/_next/static/chunks/node_modules_next_dist_0u_w_5s._.js:1945
[   21989ms] [ERROR] ./app/login/page.tsx:292:20
Expected '</', got 'jsx text'
  290 |             background: 'linear-gradient(90deg, transparent, rgba(201,169,110,0.4), trans...
  291 |           }} />
> 292 |       </motion.div>
      |                    ^^^^^^^^^^^^^^^^^^^^^^^^^^^^^^^^^^^^^^^^^^^^^^^^^^^^^^^^^^^^^^^^^^^^^^^^^
> 293 |         {/* Logo */}
      | ^^^^^^^^
  294 |         <div style={{ textAlign: 'center', marginBottom: 40 }}>
  295 |           <div style={{
  296 |             width: 48, height: 48, margin: '0 auto 16px',

Parsing ecmascript source code failed

Import traces:
  Client Component Browser:
    ./app/login/page.tsx [Client Component Browser]
    ./app/login/page.tsx [Server Component]

  Client Component SSR:
    ./app/login/page.tsx [Client Component SSR]
    ./app/login/page.tsx [Server Component] @ http://localhost:3000/_next/static/chunks/node_modules_next_dist_0u_w_5s._.js:1945
[   22052ms] [ERROR] ./app/login/page.tsx:292:20
Expected '</', got 'jsx text'
  290 |             background: 'linear-gradient(90deg, transparent, rgba(201,169,110,0.4), trans...
  291 |           }} />
> 292 |       </motion.div>
      |                    ^^^^^^^^^^^^^^^^^^^^^^^^^^^^^^^^^^^^^^^^^^^^^^^^^^^^^^^^^^^^^^^^^^^^^^^^^
> 293 |         {/* Logo */}
      | ^^^^^^^^
  294 |         <div style={{ textAlign: 'center', marginBottom: 40 }}>
  295 |           <div style={{
  296 |             width: 48, height: 48, margin: '0 auto 16px',

Parsing ecmascript source code failed

Import traces:
  Client Component Browser:
    ./app/login/page.tsx [Client Component Browser]
    ./app/login/page.tsx [Server Component]

  Client Component SSR:
    ./app/login/page.tsx [Client Component SSR]
    ./app/login/page.tsx [Server Component] @ http://localhost:3000/_next/static/chunks/node_modules_next_dist_0u_w_5s._.js:1945
[   22115ms] [ERROR] ./app/login/page.tsx:292:20
Expected '</', got 'jsx text'
  290 |             background: 'linear-gradient(90deg, transparent, rgba(201,169,110,0.4), trans...
  291 |           }} />
> 292 |       </motion.div>
      |                    ^^^^^^^^^^^^^^^^^^^^^^^^^^^^^^^^^^^^^^^^^^^^^^^^^^^^^^^^^^^^^^^^^^^^^^^^^
> 293 |         {/* Logo */}
      | ^^^^^^^^
  294 |         <div style={{ textAlign: 'center', marginBottom: 40 }}>
  295 |           <div style={{
  296 |             width: 48, height: 48, margin: '0 auto 16px',

Parsing ecmascript source code failed

Import traces:
  Client Component Browser:
    ./app/login/page.tsx [Client Component Browser]
    ./app/login/page.tsx [Server Component]

  Client Component SSR:
    ./app/login/page.tsx [Client Component SSR]
    ./app/login/page.tsx [Server Component] @ http://localhost:3000/_next/static/chunks/node_modules_next_dist_0u_w_5s._.js:1945
[   22175ms] [ERROR] ./app/login/page.tsx:292:20
Expected '</', got 'jsx text'
  290 |             background: 'linear-gradient(90deg, transparent, rgba(201,169,110,0.4), trans...
  291 |           }} />
> 292 |       </motion.div>
      |                    ^^^^^^^^^^^^^^^^^^^^^^^^^^^^^^^^^^^^^^^^^^^^^^^^^^^^^^^^^^^^^^^^^^^^^^^^^
> 293 |         {/* Logo */}
      | ^^^^^^^^
  294 |         <div style={{ textAlign: 'center', marginBottom: 40 }}>
  295 |           <div style={{
  296 |             width: 48, height: 48, margin: '0 auto 16px',

Parsing ecmascript source code failed

Import traces:
  Client Component Browser:
    ./app/login/page.tsx [Client Component Browser]
    ./app/login/page.tsx [Server Component]

  Client Component SSR:
    ./app/login/page.tsx [Client Component SSR]
    ./app/login/page.tsx [Server Component] @ http://localhost:3000/_next/static/chunks/node_modules_next_dist_0u_w_5s._.js:1945
[   22243ms] [ERROR] ./app/login/page.tsx:292:20
Expected '</', got 'jsx text'
  290 |             background: 'linear-gradient(90deg, transparent, rgba(201,169,110,0.4), trans...
  291 |           }} />
> 292 |       </motion.div>
      |                    ^^^^^^^^^^^^^^^^^^^^^^^^^^^^^^^^^^^^^^^^^^^^^^^^^^^^^^^^^^^^^^^^^^^^^^^^^
> 293 |         {/* Logo */}
      | ^^^^^^^^
  294 |         <div style={{ textAlign: 'center', marginBottom: 40 }}>
  295 |           <div style={{
  296 |             width: 48, height: 48, margin: '0 auto 16px',

Parsing ecmascript source code failed

Import traces:
  Client Component Browser:
    ./app/login/page.tsx [Client Component Browser]
    ./app/login/page.tsx [Server Component]

  Client Component SSR:
    ./app/login/page.tsx [Client Component SSR]
    ./app/login/page.tsx [Server Component] @ http://localhost:3000/_next/static/chunks/node_modules_next_dist_0u_w_5s._.js:1945
[   22309ms] [ERROR] ./app/login/page.tsx:292:20
Expected '</', got 'jsx text'
  290 |             background: 'linear-gradient(90deg, transparent, rgba(201,169,110,0.4), trans...
  291 |           }} />
> 292 |       </motion.div>
      |                    ^^^^^^^^^^^^^^^^^^^^^^^^^^^^^^^^^^^^^^^^^^^^^^^^^^^^^^^^^^^^^^^^^^^^^^^^^
> 293 |         {/* Logo */}
      | ^^^^^^^^
  294 |         <div style={{ textAlign: 'center', marginBottom: 40 }}>
  295 |           <div style={{
  296 |             width: 48, height: 48, margin: '0 auto 16px',

Parsing ecmascript source code failed

Import traces:
  Client Component Browser:
    ./app/login/page.tsx [Client Component Browser]
    ./app/login/page.tsx [Server Component]

  Client Component SSR:
    ./app/login/page.tsx [Client Component SSR]
    ./app/login/page.tsx [Server Component] @ http://localhost:3000/_next/static/chunks/node_modules_next_dist_0u_w_5s._.js:1945
[   22364ms] [ERROR] ./app/login/page.tsx:292:20
Expected '</', got 'jsx text'
  290 |             background: 'linear-gradient(90deg, transparent, rgba(201,169,110,0.4), trans...
  291 |           }} />
> 292 |       </motion.div>
      |                    ^^^^^^^^^^^^^^^^^^^^^^^^^^^^^^^^^^^^^^^^^^^^^^^^^^^^^^^^^^^^^^^^^^^^^^^^^
> 293 |         {/* Logo */}
      | ^^^^^^^^
  294 |         <div style={{ textAlign: 'center', marginBottom: 40 }}>
  295 |           <div style={{
  296 |             width: 48, height: 48, margin: '0 auto 16px',

Parsing ecmascript source code failed

Import traces:
  Client Component Browser:
    ./app/login/page.tsx [Client Component Browser]
    ./app/login/page.tsx [Server Component]

  Client Component SSR:
    ./app/login/page.tsx [Client Component SSR]
    ./app/login/page.tsx [Server Component] @ http://localhost:3000/_next/static/chunks/node_modules_next_dist_0u_w_5s._.js:1945
[   22422ms] [ERROR] ./app/login/page.tsx:292:20
Expected '</', got 'jsx text'
  290 |             background: 'linear-gradient(90deg, transparent, rgba(201,169,110,0.4), trans...
  291 |           }} />
> 292 |       </motion.div>
      |                    ^^^^^^^^^^^^^^^^^^^^^^^^^^^^^^^^^^^^^^^^^^^^^^^^^^^^^^^^^^^^^^^^^^^^^^^^^
> 293 |         {/* Logo */}
      | ^^^^^^^^
  294 |         <div style={{ textAlign: 'center', marginBottom: 40 }}>
  295 |           <div style={{
  296 |             width: 48, height: 48, margin: '0 auto 16px',

Parsing ecmascript source code failed

Import traces:
  Client Component Browser:
    ./app/login/page.tsx [Client Component Browser]
    ./app/login/page.tsx [Server Component]

  Client Component SSR:
    ./app/login/page.tsx [Client Component SSR]
    ./app/login/page.tsx [Server Component] @ http://localhost:3000/_next/static/chunks/node_modules_next_dist_0u_w_5s._.js:1945
[   22480ms] [ERROR] ./app/login/page.tsx:292:20
Expected '</', got 'jsx text'
  290 |             background: 'linear-gradient(90deg, transparent, rgba(201,169,110,0.4), trans...
  291 |           }} />
> 292 |       </motion.div>
      |                    ^^^^^^^^^^^^^^^^^^^^^^^^^^^^^^^^^^^^^^^^^^^^^^^^^^^^^^^^^^^^^^^^^^^^^^^^^
> 293 |         {/* Logo */}
      | ^^^^^^^^
  294 |         <div style={{ textAlign: 'center', marginBottom: 40 }}>
  295 |           <div style={{
  296 |             width: 48, height: 48, margin: '0 auto 16px',

Parsing ecmascript source code failed

Import traces:
  Client Component Browser:
    ./app/login/page.tsx [Client Component Browser]
    ./app/login/page.tsx [Server Component]

  Client Component SSR:
    ./app/login/page.tsx [Client Component SSR]
    ./app/login/page.tsx [Server Component] @ http://localhost:3000/_next/static/chunks/node_modules_next_dist_0u_w_5s._.js:1945
[   22538ms] [ERROR] ./app/login/page.tsx:292:20
Expected '</', got 'jsx text'
  290 |             background: 'linear-gradient(90deg, transparent, rgba(201,169,110,0.4), trans...
  291 |           }} />
> 292 |       </motion.div>
      |                    ^^^^^^^^^^^^^^^^^^^^^^^^^^^^^^^^^^^^^^^^^^^^^^^^^^^^^^^^^^^^^^^^^^^^^^^^^
> 293 |         {/* Logo */}
      | ^^^^^^^^
  294 |         <div style={{ textAlign: 'center', marginBottom: 40 }}>
  295 |           <div style={{
  296 |             width: 48, height: 48, margin: '0 auto 16px',

Parsing ecmascript source code failed

Import traces:
  Client Component Browser:
    ./app/login/page.tsx [Client Component Browser]
    ./app/login/page.tsx [Server Component]

  Client Component SSR:
    ./app/login/page.tsx [Client Component SSR]
    ./app/login/page.tsx [Server Component] @ http://localhost:3000/_next/static/chunks/node_modules_next_dist_0u_w_5s._.js:1945
[   22596ms] [ERROR] ./app/login/page.tsx:292:20
Expected '</', got 'jsx text'
  290 |             background: 'linear-gradient(90deg, transparent, rgba(201,169,110,0.4), trans...
  291 |           }} />
> 292 |       </motion.div>
      |                    ^^^^^^^^^^^^^^^^^^^^^^^^^^^^^^^^^^^^^^^^^^^^^^^^^^^^^^^^^^^^^^^^^^^^^^^^^
> 293 |         {/* Logo */}
      | ^^^^^^^^
  294 |         <div style={{ textAlign: 'center', marginBottom: 40 }}>
  295 |           <div style={{
  296 |             width: 48, height: 48, margin: '0 auto 16px',

Parsing ecmascript source code failed

Import traces:
  Client Component Browser:
    ./app/login/page.tsx [Client Component Browser]
    ./app/login/page.tsx [Server Component]

  Client Component SSR:
    ./app/login/page.tsx [Client Component SSR]
    ./app/login/page.tsx [Server Component] @ http://localhost:3000/_next/static/chunks/node_modules_next_dist_0u_w_5s._.js:1945
[   22659ms] [ERROR] ./app/login/page.tsx:292:20
Expected '</', got 'jsx text'
  290 |             background: 'linear-gradient(90deg, transparent, rgba(201,169,110,0.4), trans...
  291 |           }} />
> 292 |       </motion.div>
      |                    ^^^^^^^^^^^^^^^^^^^^^^^^^^^^^^^^^^^^^^^^^^^^^^^^^^^^^^^^^^^^^^^^^^^^^^^^^
> 293 |         {/* Logo */}
      | ^^^^^^^^
  294 |         <div style={{ textAlign: 'center', marginBottom: 40 }}>
  295 |           <div style={{
  296 |             width: 48, height: 48, margin: '0 auto 16px',

Parsing ecmascript source code failed

Import traces:
  Client Component Browser:
    ./app/login/page.tsx [Client Component Browser]
    ./app/login/page.tsx [Server Component]

  Client Component SSR:
    ./app/login/page.tsx [Client Component SSR]
    ./app/login/page.tsx [Server Component] @ http://localhost:3000/_next/static/chunks/node_modules_next_dist_0u_w_5s._.js:1945
[   22719ms] [ERROR] ./app/login/page.tsx:292:20
Expected '</', got 'jsx text'
  290 |             background: 'linear-gradient(90deg, transparent, rgba(201,169,110,0.4), trans...
  291 |           }} />
> 292 |       </motion.div>
      |                    ^^^^^^^^^^^^^^^^^^^^^^^^^^^^^^^^^^^^^^^^^^^^^^^^^^^^^^^^^^^^^^^^^^^^^^^^^
> 293 |         {/* Logo */}
      | ^^^^^^^^
  294 |         <div style={{ textAlign: 'center', marginBottom: 40 }}>
  295 |           <div style={{
  296 |             width: 48, height: 48, margin: '0 auto 16px',

Parsing ecmascript source code failed

Import traces:
  Client Component Browser:
    ./app/login/page.tsx [Client Component Browser]
    ./app/login/page.tsx [Server Component]

  Client Component SSR:
    ./app/login/page.tsx [Client Component SSR]
    ./app/login/page.tsx [Server Component] @ http://localhost:3000/_next/static/chunks/node_modules_next_dist_0u_w_5s._.js:1945
[   22777ms] [ERROR] ./app/login/page.tsx:292:20
Expected '</', got 'jsx text'
  290 |             background: 'linear-gradient(90deg, transparent, rgba(201,169,110,0.4), trans...
  291 |           }} />
> 292 |       </motion.div>
      |                    ^^^^^^^^^^^^^^^^^^^^^^^^^^^^^^^^^^^^^^^^^^^^^^^^^^^^^^^^^^^^^^^^^^^^^^^^^
> 293 |         {/* Logo */}
      | ^^^^^^^^
  294 |         <div style={{ textAlign: 'center', marginBottom: 40 }}>
  295 |           <div style={{
  296 |             width: 48, height: 48, margin: '0 auto 16px',

Parsing ecmascript source code failed

Import traces:
  Client Component Browser:
    ./app/login/page.tsx [Client Component Browser]
    ./app/login/page.tsx [Server Component]

  Client Component SSR:
    ./app/login/page.tsx [Client Component SSR]
    ./app/login/page.tsx [Server Component] @ http://localhost:3000/_next/static/chunks/node_modules_next_dist_0u_w_5s._.js:1945
[   22835ms] [ERROR] ./app/login/page.tsx:292:20
Expected '</', got 'jsx text'
  290 |             background: 'linear-gradient(90deg, transparent, rgba(201,169,110,0.4), trans...
  291 |           }} />
> 292 |       </motion.div>
      |                    ^^^^^^^^^^^^^^^^^^^^^^^^^^^^^^^^^^^^^^^^^^^^^^^^^^^^^^^^^^^^^^^^^^^^^^^^^
> 293 |         {/* Logo */}
      | ^^^^^^^^
  294 |         <div style={{ textAlign: 'center', marginBottom: 40 }}>
  295 |           <div style={{
  296 |             width: 48, height: 48, margin: '0 auto 16px',

Parsing ecmascript source code failed

Import traces:
  Client Component Browser:
    ./app/login/page.tsx [Client Component Browser]
    ./app/login/page.tsx [Server Component]

  Client Component SSR:
    ./app/login/page.tsx [Client Component SSR]
    ./app/login/page.tsx [Server Component] @ http://localhost:3000/_next/static/chunks/node_modules_next_dist_0u_w_5s._.js:1945
[   22893ms] [ERROR] ./app/login/page.tsx:292:20
Expected '</', got 'jsx text'
  290 |             background: 'linear-gradient(90deg, transparent, rgba(201,169,110,0.4), trans...
  291 |           }} />
> 292 |       </motion.div>
      |                    ^^^^^^^^^^^^^^^^^^^^^^^^^^^^^^^^^^^^^^^^^^^^^^^^^^^^^^^^^^^^^^^^^^^^^^^^^
> 293 |         {/* Logo */}
      | ^^^^^^^^
  294 |         <div style={{ textAlign: 'center', marginBottom: 40 }}>
  295 |           <div style={{
  296 |             width: 48, height: 48, margin: '0 auto 16px',

Parsing ecmascript source code failed

Import traces:
  Client Component Browser:
    ./app/login/page.tsx [Client Component Browser]
    ./app/login/page.tsx [Server Component]

  Client Component SSR:
    ./app/login/page.tsx [Client Component SSR]
    ./app/login/page.tsx [Server Component] @ http://localhost:3000/_next/static/chunks/node_modules_next_dist_0u_w_5s._.js:1945
[   22955ms] [ERROR] ./app/login/page.tsx:292:20
Expected '</', got 'jsx text'
  290 |             background: 'linear-gradient(90deg, transparent, rgba(201,169,110,0.4), trans...
  291 |           }} />
> 292 |       </motion.div>
      |                    ^^^^^^^^^^^^^^^^^^^^^^^^^^^^^^^^^^^^^^^^^^^^^^^^^^^^^^^^^^^^^^^^^^^^^^^^^
> 293 |         {/* Logo */}
      | ^^^^^^^^
  294 |         <div style={{ textAlign: 'center', marginBottom: 40 }}>
  295 |           <div style={{
  296 |             width: 48, height: 48, margin: '0 auto 16px',

Parsing ecmascript source code failed

Import traces:
  Client Component Browser:
    ./app/login/page.tsx [Client Component Browser]
    ./app/login/page.tsx [Server Component]

  Client Component SSR:
    ./app/login/page.tsx [Client Component SSR]
    ./app/login/page.tsx [Server Component] @ http://localhost:3000/_next/static/chunks/node_modules_next_dist_0u_w_5s._.js:1945
[   23013ms] [ERROR] ./app/login/page.tsx:292:20
Expected '</', got 'jsx text'
  290 |             background: 'linear-gradient(90deg, transparent, rgba(201,169,110,0.4), trans...
  291 |           }} />
> 292 |       </motion.div>
      |                    ^^^^^^^^^^^^^^^^^^^^^^^^^^^^^^^^^^^^^^^^^^^^^^^^^^^^^^^^^^^^^^^^^^^^^^^^^
> 293 |         {/* Logo */}
      | ^^^^^^^^
  294 |         <div style={{ textAlign: 'center', marginBottom: 40 }}>
  295 |           <div style={{
  296 |             width: 48, height: 48, margin: '0 auto 16px',

Parsing ecmascript source code failed

Import traces:
  Client Component Browser:
    ./app/login/page.tsx [Client Component Browser]
    ./app/login/page.tsx [Server Component]

  Client Component SSR:
    ./app/login/page.tsx [Client Component SSR]
    ./app/login/page.tsx [Server Component] @ http://localhost:3000/_next/static/chunks/node_modules_next_dist_0u_w_5s._.js:1945
[   23071ms] [ERROR] ./app/login/page.tsx:292:20
Expected '</', got 'jsx text'
  290 |             background: 'linear-gradient(90deg, transparent, rgba(201,169,110,0.4), trans...
  291 |           }} />
> 292 |       </motion.div>
      |                    ^^^^^^^^^^^^^^^^^^^^^^^^^^^^^^^^^^^^^^^^^^^^^^^^^^^^^^^^^^^^^^^^^^^^^^^^^
> 293 |         {/* Logo */}
      | ^^^^^^^^
  294 |         <div style={{ textAlign: 'center', marginBottom: 40 }}>
  295 |           <div style={{
  296 |             width: 48, height: 48, margin: '0 auto 16px',

Parsing ecmascript source code failed

Import traces:
  Client Component Browser:
    ./app/login/page.tsx [Client Component Browser]
    ./app/login/page.tsx [Server Component]

  Client Component SSR:
    ./app/login/page.tsx [Client Component SSR]
    ./app/login/page.tsx [Server Component] @ http://localhost:3000/_next/static/chunks/node_modules_next_dist_0u_w_5s._.js:1945
[   23129ms] [ERROR] ./app/login/page.tsx:292:20
Expected '</', got 'jsx text'
  290 |             background: 'linear-gradient(90deg, transparent, rgba(201,169,110,0.4), trans...
  291 |           }} />
> 292 |       </motion.div>
      |                    ^^^^^^^^^^^^^^^^^^^^^^^^^^^^^^^^^^^^^^^^^^^^^^^^^^^^^^^^^^^^^^^^^^^^^^^^^
> 293 |         {/* Logo */}
      | ^^^^^^^^
  294 |         <div style={{ textAlign: 'center', marginBottom: 40 }}>
  295 |           <div style={{
  296 |             width: 48, height: 48, margin: '0 auto 16px',

Parsing ecmascript source code failed

Import traces:
  Client Component Browser:
    ./app/login/page.tsx [Client Component Browser]
    ./app/login/page.tsx [Server Component]

  Client Component SSR:
    ./app/login/page.tsx [Client Component SSR]
    ./app/login/page.tsx [Server Component] @ http://localhost:3000/_next/static/chunks/node_modules_next_dist_0u_w_5s._.js:1945
[   23183ms] [ERROR] ./app/login/page.tsx:292:20
Expected '</', got 'jsx text'
  290 |             background: 'linear-gradient(90deg, transparent, rgba(201,169,110,0.4), trans...
  291 |           }} />
> 292 |       </motion.div>
      |                    ^^^^^^^^^^^^^^^^^^^^^^^^^^^^^^^^^^^^^^^^^^^^^^^^^^^^^^^^^^^^^^^^^^^^^^^^^
> 293 |         {/* Logo */}
      | ^^^^^^^^
  294 |         <div style={{ textAlign: 'center', marginBottom: 40 }}>
  295 |           <div style={{
  296 |             width: 48, height: 48, margin: '0 auto 16px',

Parsing ecmascript source code failed

Import traces:
  Client Component Browser:
    ./app/login/page.tsx [Client Component Browser]
    ./app/login/page.tsx [Server Component]

  Client Component SSR:
    ./app/login/page.tsx [Client Component SSR]
    ./app/login/page.tsx [Server Component] @ http://localhost:3000/_next/static/chunks/node_modules_next_dist_0u_w_5s._.js:1945
[   23239ms] [ERROR] ./app/login/page.tsx:292:20
Expected '</', got 'jsx text'
  290 |             background: 'linear-gradient(90deg, transparent, rgba(201,169,110,0.4), trans...
  291 |           }} />
> 292 |       </motion.div>
      |                    ^^^^^^^^^^^^^^^^^^^^^^^^^^^^^^^^^^^^^^^^^^^^^^^^^^^^^^^^^^^^^^^^^^^^^^^^^
> 293 |         {/* Logo */}
      | ^^^^^^^^
  294 |         <div style={{ textAlign: 'center', marginBottom: 40 }}>
  295 |           <div style={{
  296 |             width: 48, height: 48, margin: '0 auto 16px',

Parsing ecmascript source code failed

Import traces:
  Client Component Browser:
    ./app/login/page.tsx [Client Component Browser]
    ./app/login/page.tsx [Server Component]

  Client Component SSR:
    ./app/login/page.tsx [Client Component SSR]
    ./app/login/page.tsx [Server Component] @ http://localhost:3000/_next/static/chunks/node_modules_next_dist_0u_w_5s._.js:1945
[   23299ms] [ERROR] ./app/login/page.tsx:292:20
Expected '</', got 'jsx text'
  290 |             background: 'linear-gradient(90deg, transparent, rgba(201,169,110,0.4), trans...
  291 |           }} />
> 292 |       </motion.div>
      |                    ^^^^^^^^^^^^^^^^^^^^^^^^^^^^^^^^^^^^^^^^^^^^^^^^^^^^^^^^^^^^^^^^^^^^^^^^^
> 293 |         {/* Logo */}
      | ^^^^^^^^
  294 |         <div style={{ textAlign: 'center', marginBottom: 40 }}>
  295 |           <div style={{
  296 |             width: 48, height: 48, margin: '0 auto 16px',

Parsing ecmascript source code failed

Import traces:
  Client Component Browser:
    ./app/login/page.tsx [Client Component Browser]
    ./app/login/page.tsx [Server Component]

  Client Component SSR:
    ./app/login/page.tsx [Client Component SSR]
    ./app/login/page.tsx [Server Component] @ http://localhost:3000/_next/static/chunks/node_modules_next_dist_0u_w_5s._.js:1945
[   23354ms] [ERROR] ./app/login/page.tsx:292:20
Expected '</', got 'jsx text'
  290 |             background: 'linear-gradient(90deg, transparent, rgba(201,169,110,0.4), trans...
  291 |           }} />
> 292 |       </motion.div>
      |                    ^^^^^^^^^^^^^^^^^^^^^^^^^^^^^^^^^^^^^^^^^^^^^^^^^^^^^^^^^^^^^^^^^^^^^^^^^
> 293 |         {/* Logo */}
      | ^^^^^^^^
  294 |         <div style={{ textAlign: 'center', marginBottom: 40 }}>
  295 |           <div style={{
  296 |             width: 48, height: 48, margin: '0 auto 16px',

Parsing ecmascript source code failed

Import traces:
  Client Component Browser:
    ./app/login/page.tsx [Client Component Browser]
    ./app/login/page.tsx [Server Component]

  Client Component SSR:
    ./app/login/page.tsx [Client Component SSR]
    ./app/login/page.tsx [Server Component] @ http://localhost:3000/_next/static/chunks/node_modules_next_dist_0u_w_5s._.js:1945
[   23404ms] [ERROR] ./app/login/page.tsx:292:20
Expected '</', got 'jsx text'
  290 |             background: 'linear-gradient(90deg, transparent, rgba(201,169,110,0.4), trans...
  291 |           }} />
> 292 |       </motion.div>
      |                    ^^^^^^^^^^^^^^^^^^^^^^^^^^^^^^^^^^^^^^^^^^^^^^^^^^^^^^^^^^^^^^^^^^^^^^^^^
> 293 |         {/* Logo */}
      | ^^^^^^^^
  294 |         <div style={{ textAlign: 'center', marginBottom: 40 }}>
  295 |           <div style={{
  296 |             width: 48, height: 48, margin: '0 auto 16px',

Parsing ecmascript source code failed

Import traces:
  Client Component Browser:
    ./app/login/page.tsx [Client Component Browser]
    ./app/login/page.tsx [Server Component]

  Client Component SSR:
    ./app/login/page.tsx [Client Component SSR]
    ./app/login/page.tsx [Server Component] @ http://localhost:3000/_next/static/chunks/node_modules_next_dist_0u_w_5s._.js:1945
[   23461ms] [ERROR] ./app/login/page.tsx:292:20
Expected '</', got 'jsx text'
  290 |             background: 'linear-gradient(90deg, transparent, rgba(201,169,110,0.4), trans...
  291 |           }} />
> 292 |       </motion.div>
      |                    ^^^^^^^^^^^^^^^^^^^^^^^^^^^^^^^^^^^^^^^^^^^^^^^^^^^^^^^^^^^^^^^^^^^^^^^^^
> 293 |         {/* Logo */}
      | ^^^^^^^^
  294 |         <div style={{ textAlign: 'center', marginBottom: 40 }}>
  295 |           <div style={{
  296 |             width: 48, height: 48, margin: '0 auto 16px',

Parsing ecmascript source code failed

Import traces:
  Client Component Browser:
    ./app/login/page.tsx [Client Component Browser]
    ./app/login/page.tsx [Server Component]

  Client Component SSR:
    ./app/login/page.tsx [Client Component SSR]
    ./app/login/page.tsx [Server Component] @ http://localhost:3000/_next/static/chunks/node_modules_next_dist_0u_w_5s._.js:1945
[   23521ms] [ERROR] ./app/login/page.tsx:292:20
Expected '</', got 'jsx text'
  290 |             background: 'linear-gradient(90deg, transparent, rgba(201,169,110,0.4), trans...
  291 |           }} />
> 292 |       </motion.div>
      |                    ^^^^^^^^^^^^^^^^^^^^^^^^^^^^^^^^^^^^^^^^^^^^^^^^^^^^^^^^^^^^^^^^^^^^^^^^^
> 293 |         {/* Logo */}
      | ^^^^^^^^
  294 |         <div style={{ textAlign: 'center', marginBottom: 40 }}>
  295 |           <div style={{
  296 |             width: 48, height: 48, margin: '0 auto 16px',

Parsing ecmascript source code failed

Import traces:
  Client Component Browser:
    ./app/login/page.tsx [Client Component Browser]
    ./app/login/page.tsx [Server Component]

  Client Component SSR:
    ./app/login/page.tsx [Client Component SSR]
    ./app/login/page.tsx [Server Component] @ http://localhost:3000/_next/static/chunks/node_modules_next_dist_0u_w_5s._.js:1945
[   23575ms] [ERROR] ./app/login/page.tsx:292:20
Expected '</', got 'jsx text'
  290 |             background: 'linear-gradient(90deg, transparent, rgba(201,169,110,0.4), trans...
  291 |           }} />
> 292 |       </motion.div>
      |                    ^^^^^^^^^^^^^^^^^^^^^^^^^^^^^^^^^^^^^^^^^^^^^^^^^^^^^^^^^^^^^^^^^^^^^^^^^
> 293 |         {/* Logo */}
      | ^^^^^^^^
  294 |         <div style={{ textAlign: 'center', marginBottom: 40 }}>
  295 |           <div style={{
  296 |             width: 48, height: 48, margin: '0 auto 16px',

Parsing ecmascript source code failed

Import traces:
  Client Component Browser:
    ./app/login/page.tsx [Client Component Browser]
    ./app/login/page.tsx [Server Component]

  Client Component SSR:
    ./app/login/page.tsx [Client Component SSR]
    ./app/login/page.tsx [Server Component] @ http://localhost:3000/_next/static/chunks/node_modules_next_dist_0u_w_5s._.js:1945
[   23636ms] [ERROR] ./app/login/page.tsx:292:20
Expected '</', got 'jsx text'
  290 |             background: 'linear-gradient(90deg, transparent, rgba(201,169,110,0.4), trans...
  291 |           }} />
> 292 |       </motion.div>
      |                    ^^^^^^^^^^^^^^^^^^^^^^^^^^^^^^^^^^^^^^^^^^^^^^^^^^^^^^^^^^^^^^^^^^^^^^^^^
> 293 |         {/* Logo */}
      | ^^^^^^^^
  294 |         <div style={{ textAlign: 'center', marginBottom: 40 }}>
  295 |           <div style={{
  296 |             width: 48, height: 48, margin: '0 auto 16px',

Parsing ecmascript source code failed

Import traces:
  Client Component Browser:
    ./app/login/page.tsx [Client Component Browser]
    ./app/login/page.tsx [Server Component]

  Client Component SSR:
    ./app/login/page.tsx [Client Component SSR]
    ./app/login/page.tsx [Server Component] @ http://localhost:3000/_next/static/chunks/node_modules_next_dist_0u_w_5s._.js:1945
[   23697ms] [ERROR] ./app/login/page.tsx:292:20
Expected '</', got 'jsx text'
  290 |             background: 'linear-gradient(90deg, transparent, rgba(201,169,110,0.4), trans...
  291 |           }} />
> 292 |       </motion.div>
      |                    ^^^^^^^^^^^^^^^^^^^^^^^^^^^^^^^^^^^^^^^^^^^^^^^^^^^^^^^^^^^^^^^^^^^^^^^^^
> 293 |         {/* Logo */}
      | ^^^^^^^^
  294 |         <div style={{ textAlign: 'center', marginBottom: 40 }}>
  295 |           <div style={{
  296 |             width: 48, height: 48, margin: '0 auto 16px',

Parsing ecmascript source code failed

Import traces:
  Client Component Browser:
    ./app/login/page.tsx [Client Component Browser]
    ./app/login/page.tsx [Server Component]

  Client Component SSR:
    ./app/login/page.tsx [Client Component SSR]
    ./app/login/page.tsx [Server Component] @ http://localhost:3000/_next/static/chunks/node_modules_next_dist_0u_w_5s._.js:1945
[   23753ms] [ERROR] ./app/login/page.tsx:292:20
Expected '</', got 'jsx text'
  290 |             background: 'linear-gradient(90deg, transparent, rgba(201,169,110,0.4), trans...
  291 |           }} />
> 292 |       </motion.div>
      |                    ^^^^^^^^^^^^^^^^^^^^^^^^^^^^^^^^^^^^^^^^^^^^^^^^^^^^^^^^^^^^^^^^^^^^^^^^^
> 293 |         {/* Logo */}
      | ^^^^^^^^
  294 |         <div style={{ textAlign: 'center', marginBottom: 40 }}>
  295 |           <div style={{
  296 |             width: 48, height: 48, margin: '0 auto 16px',

Parsing ecmascript source code failed

Import traces:
  Client Component Browser:
    ./app/login/page.tsx [Client Component Browser]
    ./app/login/page.tsx [Server Component]

  Client Component SSR:
    ./app/login/page.tsx [Client Component SSR]
    ./app/login/page.tsx [Server Component] @ http://localhost:3000/_next/static/chunks/node_modules_next_dist_0u_w_5s._.js:1945
[   23813ms] [ERROR] ./app/login/page.tsx:292:20
Expected '</', got 'jsx text'
  290 |             background: 'linear-gradient(90deg, transparent, rgba(201,169,110,0.4), trans...
  291 |           }} />
> 292 |       </motion.div>
      |                    ^^^^^^^^^^^^^^^^^^^^^^^^^^^^^^^^^^^^^^^^^^^^^^^^^^^^^^^^^^^^^^^^^^^^^^^^^
> 293 |         {/* Logo */}
      | ^^^^^^^^
  294 |         <div style={{ textAlign: 'center', marginBottom: 40 }}>
  295 |           <div style={{
  296 |             width: 48, height: 48, margin: '0 auto 16px',

Parsing ecmascript source code failed

Import traces:
  Client Component Browser:
    ./app/login/page.tsx [Client Component Browser]
    ./app/login/page.tsx [Server Component]

  Client Component SSR:
    ./app/login/page.tsx [Client Component SSR]
    ./app/login/page.tsx [Server Component] @ http://localhost:3000/_next/static/chunks/node_modules_next_dist_0u_w_5s._.js:1945
[   23871ms] [ERROR] ./app/login/page.tsx:292:20
Expected '</', got 'jsx text'
  290 |             background: 'linear-gradient(90deg, transparent, rgba(201,169,110,0.4), trans...
  291 |           }} />
> 292 |       </motion.div>
      |                    ^^^^^^^^^^^^^^^^^^^^^^^^^^^^^^^^^^^^^^^^^^^^^^^^^^^^^^^^^^^^^^^^^^^^^^^^^
> 293 |         {/* Logo */}
      | ^^^^^^^^
  294 |         <div style={{ textAlign: 'center', marginBottom: 40 }}>
  295 |           <div style={{
  296 |             width: 48, height: 48, margin: '0 auto 16px',

Parsing ecmascript source code failed

Import traces:
  Client Component Browser:
    ./app/login/page.tsx [Client Component Browser]
    ./app/login/page.tsx [Server Component]

  Client Component SSR:
    ./app/login/page.tsx [Client Component SSR]
    ./app/login/page.tsx [Server Component] @ http://localhost:3000/_next/static/chunks/node_modules_next_dist_0u_w_5s._.js:1945
[   23932ms] [ERROR] ./app/login/page.tsx:292:20
Expected '</', got 'jsx text'
  290 |             background: 'linear-gradient(90deg, transparent, rgba(201,169,110,0.4), trans...
  291 |           }} />
> 292 |       </motion.div>
      |                    ^^^^^^^^^^^^^^^^^^^^^^^^^^^^^^^^^^^^^^^^^^^^^^^^^^^^^^^^^^^^^^^^^^^^^^^^^
> 293 |         {/* Logo */}
      | ^^^^^^^^
  294 |         <div style={{ textAlign: 'center', marginBottom: 40 }}>
  295 |           <div style={{
  296 |             width: 48, height: 48, margin: '0 auto 16px',

Parsing ecmascript source code failed

Import traces:
  Client Component Browser:
    ./app/login/page.tsx [Client Component Browser]
    ./app/login/page.tsx [Server Component]

  Client Component SSR:
    ./app/login/page.tsx [Client Component SSR]
    ./app/login/page.tsx [Server Component] @ http://localhost:3000/_next/static/chunks/node_modules_next_dist_0u_w_5s._.js:1945
[   23990ms] [ERROR] ./app/login/page.tsx:292:20
Expected '</', got 'jsx text'
  290 |             background: 'linear-gradient(90deg, transparent, rgba(201,169,110,0.4), trans...
  291 |           }} />
> 292 |       </motion.div>
      |                    ^^^^^^^^^^^^^^^^^^^^^^^^^^^^^^^^^^^^^^^^^^^^^^^^^^^^^^^^^^^^^^^^^^^^^^^^^
> 293 |         {/* Logo */}
      | ^^^^^^^^
  294 |         <div style={{ textAlign: 'center', marginBottom: 40 }}>
  295 |           <div style={{
  296 |             width: 48, height: 48, margin: '0 auto 16px',

Parsing ecmascript source code failed

Import traces:
  Client Component Browser:
    ./app/login/page.tsx [Client Component Browser]
    ./app/login/page.tsx [Server Component]

  Client Component SSR:
    ./app/login/page.tsx [Client Component SSR]
    ./app/login/page.tsx [Server Component] @ http://localhost:3000/_next/static/chunks/node_modules_next_dist_0u_w_5s._.js:1945
[   24047ms] [ERROR] ./app/login/page.tsx:292:20
Expected '</', got 'jsx text'
  290 |             background: 'linear-gradient(90deg, transparent, rgba(201,169,110,0.4), trans...
  291 |           }} />
> 292 |       </motion.div>
      |                    ^^^^^^^^^^^^^^^^^^^^^^^^^^^^^^^^^^^^^^^^^^^^^^^^^^^^^^^^^^^^^^^^^^^^^^^^^
> 293 |         {/* Logo */}
      | ^^^^^^^^
  294 |         <div style={{ textAlign: 'center', marginBottom: 40 }}>
  295 |           <div style={{
  296 |             width: 48, height: 48, margin: '0 auto 16px',

Parsing ecmascript source code failed

Import traces:
  Client Component Browser:
    ./app/login/page.tsx [Client Component Browser]
    ./app/login/page.tsx [Server Component]

  Client Component SSR:
    ./app/login/page.tsx [Client Component SSR]
    ./app/login/page.tsx [Server Component] @ http://localhost:3000/_next/static/chunks/node_modules_next_dist_0u_w_5s._.js:1945
[   24099ms] [ERROR] ./app/login/page.tsx:292:20
Expected '</', got 'jsx text'
  290 |             background: 'linear-gradient(90deg, transparent, rgba(201,169,110,0.4), trans...
  291 |           }} />
> 292 |       </motion.div>
      |                    ^^^^^^^^^^^^^^^^^^^^^^^^^^^^^^^^^^^^^^^^^^^^^^^^^^^^^^^^^^^^^^^^^^^^^^^^^
> 293 |         {/* Logo */}
      | ^^^^^^^^
  294 |         <div style={{ textAlign: 'center', marginBottom: 40 }}>
  295 |           <div style={{
  296 |             width: 48, height: 48, margin: '0 auto 16px',

Parsing ecmascript source code failed

Import traces:
  Client Component Browser:
    ./app/login/page.tsx [Client Component Browser]
    ./app/login/page.tsx [Server Component]

  Client Component SSR:
    ./app/login/page.tsx [Client Component SSR]
    ./app/login/page.tsx [Server Component] @ http://localhost:3000/_next/static/chunks/node_modules_next_dist_0u_w_5s._.js:1945
[   24159ms] [ERROR] ./app/login/page.tsx:292:20
Expected '</', got 'jsx text'
  290 |             background: 'linear-gradient(90deg, transparent, rgba(201,169,110,0.4), trans...
  291 |           }} />
> 292 |       </motion.div>
      |                    ^^^^^^^^^^^^^^^^^^^^^^^^^^^^^^^^^^^^^^^^^^^^^^^^^^^^^^^^^^^^^^^^^^^^^^^^^
> 293 |         {/* Logo */}
      | ^^^^^^^^
  294 |         <div style={{ textAlign: 'center', marginBottom: 40 }}>
  295 |           <div style={{
  296 |             width: 48, height: 48, margin: '0 auto 16px',

Parsing ecmascript source code failed

Import traces:
  Client Component Browser:
    ./app/login/page.tsx [Client Component Browser]
    ./app/login/page.tsx [Server Component]

  Client Component SSR:
    ./app/login/page.tsx [Client Component SSR]
    ./app/login/page.tsx [Server Component] @ http://localhost:3000/_next/static/chunks/node_modules_next_dist_0u_w_5s._.js:1945
[   24215ms] [ERROR] ./app/login/page.tsx:292:20
Expected '</', got 'jsx text'
  290 |             background: 'linear-gradient(90deg, transparent, rgba(201,169,110,0.4), trans...
  291 |           }} />
> 292 |       </motion.div>
      |                    ^^^^^^^^^^^^^^^^^^^^^^^^^^^^^^^^^^^^^^^^^^^^^^^^^^^^^^^^^^^^^^^^^^^^^^^^^
> 293 |         {/* Logo */}
      | ^^^^^^^^
  294 |         <div style={{ textAlign: 'center', marginBottom: 40 }}>
  295 |           <div style={{
  296 |             width: 48, height: 48, margin: '0 auto 16px',

Parsing ecmascript source code failed

Import traces:
  Client Component Browser:
    ./app/login/page.tsx [Client Component Browser]
    ./app/login/page.tsx [Server Component]

  Client Component SSR:
    ./app/login/page.tsx [Client Component SSR]
    ./app/login/page.tsx [Server Component] @ http://localhost:3000/_next/static/chunks/node_modules_next_dist_0u_w_5s._.js:1945
[   24279ms] [ERROR] ./app/login/page.tsx:292:20
Expected '</', got 'jsx text'
  290 |             background: 'linear-gradient(90deg, transparent, rgba(201,169,110,0.4), trans...
  291 |           }} />
> 292 |       </motion.div>
      |                    ^^^^^^^^^^^^^^^^^^^^^^^^^^^^^^^^^^^^^^^^^^^^^^^^^^^^^^^^^^^^^^^^^^^^^^^^^
> 293 |         {/* Logo */}
      | ^^^^^^^^
  294 |         <div style={{ textAlign: 'center', marginBottom: 40 }}>
  295 |           <div style={{
  296 |             width: 48, height: 48, margin: '0 auto 16px',

Parsing ecmascript source code failed

Import traces:
  Client Component Browser:
    ./app/login/page.tsx [Client Component Browser]
    ./app/login/page.tsx [Server Component]

  Client Component SSR:
    ./app/login/page.tsx [Client Component SSR]
    ./app/login/page.tsx [Server Component] @ http://localhost:3000/_next/static/chunks/node_modules_next_dist_0u_w_5s._.js:1945
[   24336ms] [ERROR] ./app/login/page.tsx:292:20
Expected '</', got 'jsx text'
  290 |             background: 'linear-gradient(90deg, transparent, rgba(201,169,110,0.4), trans...
  291 |           }} />
> 292 |       </motion.div>
      |                    ^^^^^^^^^^^^^^^^^^^^^^^^^^^^^^^^^^^^^^^^^^^^^^^^^^^^^^^^^^^^^^^^^^^^^^^^^
> 293 |         {/* Logo */}
      | ^^^^^^^^
  294 |         <div style={{ textAlign: 'center', marginBottom: 40 }}>
  295 |           <div style={{
  296 |             width: 48, height: 48, margin: '0 auto 16px',

Parsing ecmascript source code failed

Import traces:
  Client Component Browser:
    ./app/login/page.tsx [Client Component Browser]
    ./app/login/page.tsx [Server Component]

  Client Component SSR:
    ./app/login/page.tsx [Client Component SSR]
    ./app/login/page.tsx [Server Component] @ http://localhost:3000/_next/static/chunks/node_modules_next_dist_0u_w_5s._.js:1945
[   24393ms] [ERROR] ./app/login/page.tsx:292:20
Expected '</', got 'jsx text'
  290 |             background: 'linear-gradient(90deg, transparent, rgba(201,169,110,0.4), trans...
  291 |           }} />
> 292 |       </motion.div>
      |                    ^^^^^^^^^^^^^^^^^^^^^^^^^^^^^^^^^^^^^^^^^^^^^^^^^^^^^^^^^^^^^^^^^^^^^^^^^
> 293 |         {/* Logo */}
      | ^^^^^^^^
  294 |         <div style={{ textAlign: 'center', marginBottom: 40 }}>
  295 |           <div style={{
  296 |             width: 48, height: 48, margin: '0 auto 16px',

Parsing ecmascript source code failed

Import traces:
  Client Component Browser:
    ./app/login/page.tsx [Client Component Browser]
    ./app/login/page.tsx [Server Component]

  Client Component SSR:
    ./app/login/page.tsx [Client Component SSR]
    ./app/login/page.tsx [Server Component] @ http://localhost:3000/_next/static/chunks/node_modules_next_dist_0u_w_5s._.js:1945
[   24452ms] [ERROR] ./app/login/page.tsx:292:20
Expected '</', got 'jsx text'
  290 |             background: 'linear-gradient(90deg, transparent, rgba(201,169,110,0.4), trans...
  291 |           }} />
> 292 |       </motion.div>
      |                    ^^^^^^^^^^^^^^^^^^^^^^^^^^^^^^^^^^^^^^^^^^^^^^^^^^^^^^^^^^^^^^^^^^^^^^^^^
> 293 |         {/* Logo */}
      | ^^^^^^^^
  294 |         <div style={{ textAlign: 'center', marginBottom: 40 }}>
  295 |           <div style={{
  296 |             width: 48, height: 48, margin: '0 auto 16px',

Parsing ecmascript source code failed

Import traces:
  Client Component Browser:
    ./app/login/page.tsx [Client Component Browser]
    ./app/login/page.tsx [Server Component]

  Client Component SSR:
    ./app/login/page.tsx [Client Component SSR]
    ./app/login/page.tsx [Server Component] @ http://localhost:3000/_next/static/chunks/node_modules_next_dist_0u_w_5s._.js:1945
[   24511ms] [ERROR] ./app/login/page.tsx:292:20
Expected '</', got 'jsx text'
  290 |             background: 'linear-gradient(90deg, transparent, rgba(201,169,110,0.4), trans...
  291 |           }} />
> 292 |       </motion.div>
      |                    ^^^^^^^^^^^^^^^^^^^^^^^^^^^^^^^^^^^^^^^^^^^^^^^^^^^^^^^^^^^^^^^^^^^^^^^^^
> 293 |         {/* Logo */}
      | ^^^^^^^^
  294 |         <div style={{ textAlign: 'center', marginBottom: 40 }}>
  295 |           <div style={{
  296 |             width: 48, height: 48, margin: '0 auto 16px',

Parsing ecmascript source code failed

Import traces:
  Client Component Browser:
    ./app/login/page.tsx [Client Component Browser]
    ./app/login/page.tsx [Server Component]

  Client Component SSR:
    ./app/login/page.tsx [Client Component SSR]
    ./app/login/page.tsx [Server Component] @ http://localhost:3000/_next/static/chunks/node_modules_next_dist_0u_w_5s._.js:1945
[   24570ms] [ERROR] ./app/login/page.tsx:292:20
Expected '</', got 'jsx text'
  290 |             background: 'linear-gradient(90deg, transparent, rgba(201,169,110,0.4), trans...
  291 |           }} />
> 292 |       </motion.div>
      |                    ^^^^^^^^^^^^^^^^^^^^^^^^^^^^^^^^^^^^^^^^^^^^^^^^^^^^^^^^^^^^^^^^^^^^^^^^^
> 293 |         {/* Logo */}
      | ^^^^^^^^
  294 |         <div style={{ textAlign: 'center', marginBottom: 40 }}>
  295 |           <div style={{
  296 |             width: 48, height: 48, margin: '0 auto 16px',

Parsing ecmascript source code failed

Import traces:
  Client Component Browser:
    ./app/login/page.tsx [Client Component Browser]
    ./app/login/page.tsx [Server Component]

  Client Component SSR:
    ./app/login/page.tsx [Client Component SSR]
    ./app/login/page.tsx [Server Component] @ http://localhost:3000/_next/static/chunks/node_modules_next_dist_0u_w_5s._.js:1945
[   24631ms] [ERROR] ./app/login/page.tsx:292:20
Expected '</', got 'jsx text'
  290 |             background: 'linear-gradient(90deg, transparent, rgba(201,169,110,0.4), trans...
  291 |           }} />
> 292 |       </motion.div>
      |                    ^^^^^^^^^^^^^^^^^^^^^^^^^^^^^^^^^^^^^^^^^^^^^^^^^^^^^^^^^^^^^^^^^^^^^^^^^
> 293 |         {/* Logo */}
      | ^^^^^^^^
  294 |         <div style={{ textAlign: 'center', marginBottom: 40 }}>
  295 |           <div style={{
  296 |             width: 48, height: 48, margin: '0 auto 16px',

Parsing ecmascript source code failed

Import traces:
  Client Component Browser:
    ./app/login/page.tsx [Client Component Browser]
    ./app/login/page.tsx [Server Component]

  Client Component SSR:
    ./app/login/page.tsx [Client Component SSR]
    ./app/login/page.tsx [Server Component] @ http://localhost:3000/_next/static/chunks/node_modules_next_dist_0u_w_5s._.js:1945
[   24690ms] [ERROR] ./app/login/page.tsx:292:20
Expected '</', got 'jsx text'
  290 |             background: 'linear-gradient(90deg, transparent, rgba(201,169,110,0.4), trans...
  291 |           }} />
> 292 |       </motion.div>
      |                    ^^^^^^^^^^^^^^^^^^^^^^^^^^^^^^^^^^^^^^^^^^^^^^^^^^^^^^^^^^^^^^^^^^^^^^^^^
> 293 |         {/* Logo */}
      | ^^^^^^^^
  294 |         <div style={{ textAlign: 'center', marginBottom: 40 }}>
  295 |           <div style={{
  296 |             width: 48, height: 48, margin: '0 auto 16px',

Parsing ecmascript source code failed

Import traces:
  Client Component Browser:
    ./app/login/page.tsx [Client Component Browser]
    ./app/login/page.tsx [Server Component]

  Client Component SSR:
    ./app/login/page.tsx [Client Component SSR]
    ./app/login/page.tsx [Server Component] @ http://localhost:3000/_next/static/chunks/node_modules_next_dist_0u_w_5s._.js:1945
[   24753ms] [ERROR] ./app/login/page.tsx:292:20
Expected '</', got 'jsx text'
  290 |             background: 'linear-gradient(90deg, transparent, rgba(201,169,110,0.4), trans...
  291 |           }} />
> 292 |       </motion.div>
      |                    ^^^^^^^^^^^^^^^^^^^^^^^^^^^^^^^^^^^^^^^^^^^^^^^^^^^^^^^^^^^^^^^^^^^^^^^^^
> 293 |         {/* Logo */}
      | ^^^^^^^^
  294 |         <div style={{ textAlign: 'center', marginBottom: 40 }}>
  295 |           <div style={{
  296 |             width: 48, height: 48, margin: '0 auto 16px',

Parsing ecmascript source code failed

Import traces:
  Client Component Browser:
    ./app/login/page.tsx [Client Component Browser]
    ./app/login/page.tsx [Server Component]

  Client Component SSR:
    ./app/login/page.tsx [Client Component SSR]
    ./app/login/page.tsx [Server Component] @ http://localhost:3000/_next/static/chunks/node_modules_next_dist_0u_w_5s._.js:1945
[   24806ms] [ERROR] ./app/login/page.tsx:292:20
Expected '</', got 'jsx text'
  290 |             background: 'linear-gradient(90deg, transparent, rgba(201,169,110,0.4), trans...
  291 |           }} />
> 292 |       </motion.div>
      |                    ^^^^^^^^^^^^^^^^^^^^^^^^^^^^^^^^^^^^^^^^^^^^^^^^^^^^^^^^^^^^^^^^^^^^^^^^^
> 293 |         {/* Logo */}
      | ^^^^^^^^
  294 |         <div style={{ textAlign: 'center', marginBottom: 40 }}>
  295 |           <div style={{
  296 |             width: 48, height: 48, margin: '0 auto 16px',

Parsing ecmascript source code failed

Import traces:
  Client Component Browser:
    ./app/login/page.tsx [Client Component Browser]
    ./app/login/page.tsx [Server Component]

  Client Component SSR:
    ./app/login/page.tsx [Client Component SSR]
    ./app/login/page.tsx [Server Component] @ http://localhost:3000/_next/static/chunks/node_modules_next_dist_0u_w_5s._.js:1945
[   24868ms] [ERROR] ./app/login/page.tsx:292:20
Expected '</', got 'jsx text'
  290 |             background: 'linear-gradient(90deg, transparent, rgba(201,169,110,0.4), trans...
  291 |           }} />
> 292 |       </motion.div>
      |                    ^^^^^^^^^^^^^^^^^^^^^^^^^^^^^^^^^^^^^^^^^^^^^^^^^^^^^^^^^^^^^^^^^^^^^^^^^
> 293 |         {/* Logo */}
      | ^^^^^^^^
  294 |         <div style={{ textAlign: 'center', marginBottom: 40 }}>
  295 |           <div style={{
  296 |             width: 48, height: 48, margin: '0 auto 16px',

Parsing ecmascript source code failed

Import traces:
  Client Component Browser:
    ./app/login/page.tsx [Client Component Browser]
    ./app/login/page.tsx [Server Component]

  Client Component SSR:
    ./app/login/page.tsx [Client Component SSR]
    ./app/login/page.tsx [Server Component] @ http://localhost:3000/_next/static/chunks/node_modules_next_dist_0u_w_5s._.js:1945
[   24928ms] [ERROR] ./app/login/page.tsx:292:20
Expected '</', got 'jsx text'
  290 |             background: 'linear-gradient(90deg, transparent, rgba(201,169,110,0.4), trans...
  291 |           }} />
> 292 |       </motion.div>
      |                    ^^^^^^^^^^^^^^^^^^^^^^^^^^^^^^^^^^^^^^^^^^^^^^^^^^^^^^^^^^^^^^^^^^^^^^^^^
> 293 |         {/* Logo */}
      | ^^^^^^^^
  294 |         <div style={{ textAlign: 'center', marginBottom: 40 }}>
  295 |           <div style={{
  296 |             width: 48, height: 48, margin: '0 auto 16px',

Parsing ecmascript source code failed

Import traces:
  Client Component Browser:
    ./app/login/page.tsx [Client Component Browser]
    ./app/login/page.tsx [Server Component]

  Client Component SSR:
    ./app/login/page.tsx [Client Component SSR]
    ./app/login/page.tsx [Server Component] @ http://localhost:3000/_next/static/chunks/node_modules_next_dist_0u_w_5s._.js:1945
[   24983ms] [ERROR] ./app/login/page.tsx:292:20
Expected '</', got 'jsx text'
  290 |             background: 'linear-gradient(90deg, transparent, rgba(201,169,110,0.4), trans...
  291 |           }} />
> 292 |       </motion.div>
      |                    ^^^^^^^^^^^^^^^^^^^^^^^^^^^^^^^^^^^^^^^^^^^^^^^^^^^^^^^^^^^^^^^^^^^^^^^^^
> 293 |         {/* Logo */}
      | ^^^^^^^^
  294 |         <div style={{ textAlign: 'center', marginBottom: 40 }}>
  295 |           <div style={{
  296 |             width: 48, height: 48, margin: '0 auto 16px',

Parsing ecmascript source code failed

Import traces:
  Client Component Browser:
    ./app/login/page.tsx [Client Component Browser]
    ./app/login/page.tsx [Server Component]

  Client Component SSR:
    ./app/login/page.tsx [Client Component SSR]
    ./app/login/page.tsx [Server Component] @ http://localhost:3000/_next/static/chunks/node_modules_next_dist_0u_w_5s._.js:1945
[   25047ms] [ERROR] ./app/login/page.tsx:292:20
Expected '</', got 'jsx text'
  290 |             background: 'linear-gradient(90deg, transparent, rgba(201,169,110,0.4), trans...
  291 |           }} />
> 292 |       </motion.div>
      |                    ^^^^^^^^^^^^^^^^^^^^^^^^^^^^^^^^^^^^^^^^^^^^^^^^^^^^^^^^^^^^^^^^^^^^^^^^^
> 293 |         {/* Logo */}
      | ^^^^^^^^
  294 |         <div style={{ textAlign: 'center', marginBottom: 40 }}>
  295 |           <div style={{
  296 |             width: 48, height: 48, margin: '0 auto 16px',

Parsing ecmascript source code failed

Import traces:
  Client Component Browser:
    ./app/login/page.tsx [Client Component Browser]
    ./app/login/page.tsx [Server Component]

  Client Component SSR:
    ./app/login/page.tsx [Client Component SSR]
    ./app/login/page.tsx [Server Component] @ http://localhost:3000/_next/static/chunks/node_modules_next_dist_0u_w_5s._.js:1945
[   25109ms] [ERROR] ./app/login/page.tsx:292:20
Expected '</', got 'jsx text'
  290 |             background: 'linear-gradient(90deg, transparent, rgba(201,169,110,0.4), trans...
  291 |           }} />
> 292 |       </motion.div>
      |                    ^^^^^^^^^^^^^^^^^^^^^^^^^^^^^^^^^^^^^^^^^^^^^^^^^^^^^^^^^^^^^^^^^^^^^^^^^
> 293 |         {/* Logo */}
      | ^^^^^^^^
  294 |         <div style={{ textAlign: 'center', marginBottom: 40 }}>
  295 |           <div style={{
  296 |             width: 48, height: 48, margin: '0 auto 16px',

Parsing ecmascript source code failed

Import traces:
  Client Component Browser:
    ./app/login/page.tsx [Client Component Browser]
    ./app/login/page.tsx [Server Component]

  Client Component SSR:
    ./app/login/page.tsx [Client Component SSR]
    ./app/login/page.tsx [Server Component] @ http://localhost:3000/_next/static/chunks/node_modules_next_dist_0u_w_5s._.js:1945
[   25168ms] [ERROR] ./app/login/page.tsx:292:20
Expected '</', got 'jsx text'
  290 |             background: 'linear-gradient(90deg, transparent, rgba(201,169,110,0.4), trans...
  291 |           }} />
> 292 |       </motion.div>
      |                    ^^^^^^^^^^^^^^^^^^^^^^^^^^^^^^^^^^^^^^^^^^^^^^^^^^^^^^^^^^^^^^^^^^^^^^^^^
> 293 |         {/* Logo */}
      | ^^^^^^^^
  294 |         <div style={{ textAlign: 'center', marginBottom: 40 }}>
  295 |           <div style={{
  296 |             width: 48, height: 48, margin: '0 auto 16px',

Parsing ecmascript source code failed

Import traces:
  Client Component Browser:
    ./app/login/page.tsx [Client Component Browser]
    ./app/login/page.tsx [Server Component]

  Client Component SSR:
    ./app/login/page.tsx [Client Component SSR]
    ./app/login/page.tsx [Server Component] @ http://localhost:3000/_next/static/chunks/node_modules_next_dist_0u_w_5s._.js:1945
[   25225ms] [ERROR] ./app/login/page.tsx:292:20
Expected '</', got 'jsx text'
  290 |             background: 'linear-gradient(90deg, transparent, rgba(201,169,110,0.4), trans...
  291 |           }} />
> 292 |       </motion.div>
      |                    ^^^^^^^^^^^^^^^^^^^^^^^^^^^^^^^^^^^^^^^^^^^^^^^^^^^^^^^^^^^^^^^^^^^^^^^^^
> 293 |         {/* Logo */}
      | ^^^^^^^^
  294 |         <div style={{ textAlign: 'center', marginBottom: 40 }}>
  295 |           <div style={{
  296 |             width: 48, height: 48, margin: '0 auto 16px',

Parsing ecmascript source code failed

Import traces:
  Client Component Browser:
    ./app/login/page.tsx [Client Component Browser]
    ./app/login/page.tsx [Server Component]

  Client Component SSR:
    ./app/login/page.tsx [Client Component SSR]
    ./app/login/page.tsx [Server Component] @ http://localhost:3000/_next/static/chunks/node_modules_next_dist_0u_w_5s._.js:1945
[   25288ms] [ERROR] ./app/login/page.tsx:292:20
Expected '</', got 'jsx text'
  290 |             background: 'linear-gradient(90deg, transparent, rgba(201,169,110,0.4), trans...
  291 |           }} />
> 292 |       </motion.div>
      |                    ^^^^^^^^^^^^^^^^^^^^^^^^^^^^^^^^^^^^^^^^^^^^^^^^^^^^^^^^^^^^^^^^^^^^^^^^^
> 293 |         {/* Logo */}
      | ^^^^^^^^
  294 |         <div style={{ textAlign: 'center', marginBottom: 40 }}>
  295 |           <div style={{
  296 |             width: 48, height: 48, margin: '0 auto 16px',

Parsing ecmascript source code failed

Import traces:
  Client Component Browser:
    ./app/login/page.tsx [Client Component Browser]
    ./app/login/page.tsx [Server Component]

  Client Component SSR:
    ./app/login/page.tsx [Client Component SSR]
    ./app/login/page.tsx [Server Component] @ http://localhost:3000/_next/static/chunks/node_modules_next_dist_0u_w_5s._.js:1945
[   25344ms] [ERROR] ./app/login/page.tsx:292:20
Expected '</', got 'jsx text'
  290 |             background: 'linear-gradient(90deg, transparent, rgba(201,169,110,0.4), trans...
  291 |           }} />
> 292 |       </motion.div>
      |                    ^^^^^^^^^^^^^^^^^^^^^^^^^^^^^^^^^^^^^^^^^^^^^^^^^^^^^^^^^^^^^^^^^^^^^^^^^
> 293 |         {/* Logo */}
      | ^^^^^^^^
  294 |         <div style={{ textAlign: 'center', marginBottom: 40 }}>
  295 |           <div style={{
  296 |             width: 48, height: 48, margin: '0 auto 16px',

Parsing ecmascript source code failed

Import traces:
  Client Component Browser:
    ./app/login/page.tsx [Client Component Browser]
    ./app/login/page.tsx [Server Component]

  Client Component SSR:
    ./app/login/page.tsx [Client Component SSR]
    ./app/login/page.tsx [Server Component] @ http://localhost:3000/_next/static/chunks/node_modules_next_dist_0u_w_5s._.js:1945
[   25405ms] [ERROR] ./app/login/page.tsx:292:20
Expected '</', got 'jsx text'
  290 |             background: 'linear-gradient(90deg, transparent, rgba(201,169,110,0.4), trans...
  291 |           }} />
> 292 |       </motion.div>
      |                    ^^^^^^^^^^^^^^^^^^^^^^^^^^^^^^^^^^^^^^^^^^^^^^^^^^^^^^^^^^^^^^^^^^^^^^^^^
> 293 |         {/* Logo */}
      | ^^^^^^^^
  294 |         <div style={{ textAlign: 'center', marginBottom: 40 }}>
  295 |           <div style={{
  296 |             width: 48, height: 48, margin: '0 auto 16px',

Parsing ecmascript source code failed

Import traces:
  Client Component Browser:
    ./app/login/page.tsx [Client Component Browser]
    ./app/login/page.tsx [Server Component]

  Client Component SSR:
    ./app/login/page.tsx [Client Component SSR]
    ./app/login/page.tsx [Server Component] @ http://localhost:3000/_next/static/chunks/node_modules_next_dist_0u_w_5s._.js:1945
[   25464ms] [ERROR] ./app/login/page.tsx:292:20
Expected '</', got 'jsx text'
  290 |             background: 'linear-gradient(90deg, transparent, rgba(201,169,110,0.4), trans...
  291 |           }} />
> 292 |       </motion.div>
      |                    ^^^^^^^^^^^^^^^^^^^^^^^^^^^^^^^^^^^^^^^^^^^^^^^^^^^^^^^^^^^^^^^^^^^^^^^^^
> 293 |         {/* Logo */}
      | ^^^^^^^^
  294 |         <div style={{ textAlign: 'center', marginBottom: 40 }}>
  295 |           <div style={{
  296 |             width: 48, height: 48, margin: '0 auto 16px',

Parsing ecmascript source code failed

Import traces:
  Client Component Browser:
    ./app/login/page.tsx [Client Component Browser]
    ./app/login/page.tsx [Server Component]

  Client Component SSR:
    ./app/login/page.tsx [Client Component SSR]
    ./app/login/page.tsx [Server Component] @ http://localhost:3000/_next/static/chunks/node_modules_next_dist_0u_w_5s._.js:1945
[   25525ms] [ERROR] ./app/login/page.tsx:292:20
Expected '</', got 'jsx text'
  290 |             background: 'linear-gradient(90deg, transparent, rgba(201,169,110,0.4), trans...
  291 |           }} />
> 292 |       </motion.div>
      |                    ^^^^^^^^^^^^^^^^^^^^^^^^^^^^^^^^^^^^^^^^^^^^^^^^^^^^^^^^^^^^^^^^^^^^^^^^^
> 293 |         {/* Logo */}
      | ^^^^^^^^
  294 |         <div style={{ textAlign: 'center', marginBottom: 40 }}>
  295 |           <div style={{
  296 |             width: 48, height: 48, margin: '0 auto 16px',

Parsing ecmascript source code failed

Import traces:
  Client Component Browser:
    ./app/login/page.tsx [Client Component Browser]
    ./app/login/page.tsx [Server Component]

  Client Component SSR:
    ./app/login/page.tsx [Client Component SSR]
    ./app/login/page.tsx [Server Component] @ http://localhost:3000/_next/static/chunks/node_modules_next_dist_0u_w_5s._.js:1945
[   25589ms] [ERROR] ./app/login/page.tsx:292:20
Expected '</', got 'jsx text'
  290 |             background: 'linear-gradient(90deg, transparent, rgba(201,169,110,0.4), trans...
  291 |           }} />
> 292 |       </motion.div>
      |                    ^^^^^^^^^^^^^^^^^^^^^^^^^^^^^^^^^^^^^^^^^^^^^^^^^^^^^^^^^^^^^^^^^^^^^^^^^
> 293 |         {/* Logo */}
      | ^^^^^^^^
  294 |         <div style={{ textAlign: 'center', marginBottom: 40 }}>
  295 |           <div style={{
  296 |             width: 48, height: 48, margin: '0 auto 16px',

Parsing ecmascript source code failed

Import traces:
  Client Component Browser:
    ./app/login/page.tsx [Client Component Browser]
    ./app/login/page.tsx [Server Component]

  Client Component SSR:
    ./app/login/page.tsx [Client Component SSR]
    ./app/login/page.tsx [Server Component] @ http://localhost:3000/_next/static/chunks/node_modules_next_dist_0u_w_5s._.js:1945
[   25648ms] [ERROR] ./app/login/page.tsx:292:20
Expected '</', got 'jsx text'
  290 |             background: 'linear-gradient(90deg, transparent, rgba(201,169,110,0.4), trans...
  291 |           }} />
> 292 |       </motion.div>
      |                    ^^^^^^^^^^^^^^^^^^^^^^^^^^^^^^^^^^^^^^^^^^^^^^^^^^^^^^^^^^^^^^^^^^^^^^^^^
> 293 |         {/* Logo */}
      | ^^^^^^^^
  294 |         <div style={{ textAlign: 'center', marginBottom: 40 }}>
  295 |           <div style={{
  296 |             width: 48, height: 48, margin: '0 auto 16px',

Parsing ecmascript source code failed

Import traces:
  Client Component Browser:
    ./app/login/page.tsx [Client Component Browser]
    ./app/login/page.tsx [Server Component]

  Client Component SSR:
    ./app/login/page.tsx [Client Component SSR]
    ./app/login/page.tsx [Server Component] @ http://localhost:3000/_next/static/chunks/node_modules_next_dist_0u_w_5s._.js:1945
[   25706ms] [ERROR] ./app/login/page.tsx:292:20
Expected '</', got 'jsx text'
  290 |             background: 'linear-gradient(90deg, transparent, rgba(201,169,110,0.4), trans...
  291 |           }} />
> 292 |       </motion.div>
      |                    ^^^^^^^^^^^^^^^^^^^^^^^^^^^^^^^^^^^^^^^^^^^^^^^^^^^^^^^^^^^^^^^^^^^^^^^^^
> 293 |         {/* Logo */}
      | ^^^^^^^^
  294 |         <div style={{ textAlign: 'center', marginBottom: 40 }}>
  295 |           <div style={{
  296 |             width: 48, height: 48, margin: '0 auto 16px',

Parsing ecmascript source code failed

Import traces:
  Client Component Browser:
    ./app/login/page.tsx [Client Component Browser]
    ./app/login/page.tsx [Server Component]

  Client Component SSR:
    ./app/login/page.tsx [Client Component SSR]
    ./app/login/page.tsx [Server Component] @ http://localhost:3000/_next/static/chunks/node_modules_next_dist_0u_w_5s._.js:1945
[   25768ms] [ERROR] ./app/login/page.tsx:292:20
Expected '</', got 'jsx text'
  290 |             background: 'linear-gradient(90deg, transparent, rgba(201,169,110,0.4), trans...
  291 |           }} />
> 292 |       </motion.div>
      |                    ^^^^^^^^^^^^^^^^^^^^^^^^^^^^^^^^^^^^^^^^^^^^^^^^^^^^^^^^^^^^^^^^^^^^^^^^^
> 293 |         {/* Logo */}
      | ^^^^^^^^
  294 |         <div style={{ textAlign: 'center', marginBottom: 40 }}>
  295 |           <div style={{
  296 |             width: 48, height: 48, margin: '0 auto 16px',

Parsing ecmascript source code failed

Import traces:
  Client Component Browser:
    ./app/login/page.tsx [Client Component Browser]
    ./app/login/page.tsx [Server Component]

  Client Component SSR:
    ./app/login/page.tsx [Client Component SSR]
    ./app/login/page.tsx [Server Component] @ http://localhost:3000/_next/static/chunks/node_modules_next_dist_0u_w_5s._.js:1945
[   25826ms] [ERROR] ./app/login/page.tsx:292:20
Expected '</', got 'jsx text'
  290 |             background: 'linear-gradient(90deg, transparent, rgba(201,169,110,0.4), trans...
  291 |           }} />
> 292 |       </motion.div>
      |                    ^^^^^^^^^^^^^^^^^^^^^^^^^^^^^^^^^^^^^^^^^^^^^^^^^^^^^^^^^^^^^^^^^^^^^^^^^
> 293 |         {/* Logo */}
      | ^^^^^^^^
  294 |         <div style={{ textAlign: 'center', marginBottom: 40 }}>
  295 |           <div style={{
  296 |             width: 48, height: 48, margin: '0 auto 16px',

Parsing ecmascript source code failed

Import traces:
  Client Component Browser:
    ./app/login/page.tsx [Client Component Browser]
    ./app/login/page.tsx [Server Component]

  Client Component SSR:
    ./app/login/page.tsx [Client Component SSR]
    ./app/login/page.tsx [Server Component] @ http://localhost:3000/_next/static/chunks/node_modules_next_dist_0u_w_5s._.js:1945
[   25885ms] [ERROR] ./app/login/page.tsx:292:20
Expected '</', got 'jsx text'
  290 |             background: 'linear-gradient(90deg, transparent, rgba(201,169,110,0.4), trans...
  291 |           }} />
> 292 |       </motion.div>
      |                    ^^^^^^^^^^^^^^^^^^^^^^^^^^^^^^^^^^^^^^^^^^^^^^^^^^^^^^^^^^^^^^^^^^^^^^^^^
> 293 |         {/* Logo */}
      | ^^^^^^^^
  294 |         <div style={{ textAlign: 'center', marginBottom: 40 }}>
  295 |           <div style={{
  296 |             width: 48, height: 48, margin: '0 auto 16px',

Parsing ecmascript source code failed

Import traces:
  Client Component Browser:
    ./app/login/page.tsx [Client Component Browser]
    ./app/login/page.tsx [Server Component]

  Client Component SSR:
    ./app/login/page.tsx [Client Component SSR]
    ./app/login/page.tsx [Server Component] @ http://localhost:3000/_next/static/chunks/node_modules_next_dist_0u_w_5s._.js:1945
[   25943ms] [ERROR] ./app/login/page.tsx:292:20
Expected '</', got 'jsx text'
  290 |             background: 'linear-gradient(90deg, transparent, rgba(201,169,110,0.4), trans...
  291 |           }} />
> 292 |       </motion.div>
      |                    ^^^^^^^^^^^^^^^^^^^^^^^^^^^^^^^^^^^^^^^^^^^^^^^^^^^^^^^^^^^^^^^^^^^^^^^^^
> 293 |         {/* Logo */}
      | ^^^^^^^^
  294 |         <div style={{ textAlign: 'center', marginBottom: 40 }}>
  295 |           <div style={{
  296 |             width: 48, height: 48, margin: '0 auto 16px',

Parsing ecmascript source code failed

Import traces:
  Client Component Browser:
    ./app/login/page.tsx [Client Component Browser]
    ./app/login/page.tsx [Server Component]

  Client Component SSR:
    ./app/login/page.tsx [Client Component SSR]
    ./app/login/page.tsx [Server Component] @ http://localhost:3000/_next/static/chunks/node_modules_next_dist_0u_w_5s._.js:1945
[   26006ms] [ERROR] ./app/login/page.tsx:292:20
Expected '</', got 'jsx text'
  290 |             background: 'linear-gradient(90deg, transparent, rgba(201,169,110,0.4), trans...
  291 |           }} />
> 292 |       </motion.div>
      |                    ^^^^^^^^^^^^^^^^^^^^^^^^^^^^^^^^^^^^^^^^^^^^^^^^^^^^^^^^^^^^^^^^^^^^^^^^^
> 293 |         {/* Logo */}
      | ^^^^^^^^
  294 |         <div style={{ textAlign: 'center', marginBottom: 40 }}>
  295 |           <div style={{
  296 |             width: 48, height: 48, margin: '0 auto 16px',

Parsing ecmascript source code failed

Import traces:
  Client Component Browser:
    ./app/login/page.tsx [Client Component Browser]
    ./app/login/page.tsx [Server Component]

  Client Component SSR:
    ./app/login/page.tsx [Client Component SSR]
    ./app/login/page.tsx [Server Component] @ http://localhost:3000/_next/static/chunks/node_modules_next_dist_0u_w_5s._.js:1945
[   26064ms] [ERROR] ./app/login/page.tsx:292:20
Expected '</', got 'jsx text'
  290 |             background: 'linear-gradient(90deg, transparent, rgba(201,169,110,0.4), trans...
  291 |           }} />
> 292 |       </motion.div>
      |                    ^^^^^^^^^^^^^^^^^^^^^^^^^^^^^^^^^^^^^^^^^^^^^^^^^^^^^^^^^^^^^^^^^^^^^^^^^
> 293 |         {/* Logo */}
      | ^^^^^^^^
  294 |         <div style={{ textAlign: 'center', marginBottom: 40 }}>
  295 |           <div style={{
  296 |             width: 48, height: 48, margin: '0 auto 16px',

Parsing ecmascript source code failed

Import traces:
  Client Component Browser:
    ./app/login/page.tsx [Client Component Browser]
    ./app/login/page.tsx [Server Component]

  Client Component SSR:
    ./app/login/page.tsx [Client Component SSR]
    ./app/login/page.tsx [Server Component] @ http://localhost:3000/_next/static/chunks/node_modules_next_dist_0u_w_5s._.js:1945
[   26124ms] [ERROR] ./app/login/page.tsx:292:20
Expected '</', got 'jsx text'
  290 |             background: 'linear-gradient(90deg, transparent, rgba(201,169,110,0.4), trans...
  291 |           }} />
> 292 |       </motion.div>
      |                    ^^^^^^^^^^^^^^^^^^^^^^^^^^^^^^^^^^^^^^^^^^^^^^^^^^^^^^^^^^^^^^^^^^^^^^^^^
> 293 |         {/* Logo */}
      | ^^^^^^^^
  294 |         <div style={{ textAlign: 'center', marginBottom: 40 }}>
  295 |           <div style={{
  296 |             width: 48, height: 48, margin: '0 auto 16px',

Parsing ecmascript source code failed

Import traces:
  Client Component Browser:
    ./app/login/page.tsx [Client Component Browser]
    ./app/login/page.tsx [Server Component]

  Client Component SSR:
    ./app/login/page.tsx [Client Component SSR]
    ./app/login/page.tsx [Server Component] @ http://localhost:3000/_next/static/chunks/node_modules_next_dist_0u_w_5s._.js:1945
[   26184ms] [ERROR] ./app/login/page.tsx:292:20
Expected '</', got 'jsx text'
  290 |             background: 'linear-gradient(90deg, transparent, rgba(201,169,110,0.4), trans...
  291 |           }} />
> 292 |       </motion.div>
      |                    ^^^^^^^^^^^^^^^^^^^^^^^^^^^^^^^^^^^^^^^^^^^^^^^^^^^^^^^^^^^^^^^^^^^^^^^^^
> 293 |         {/* Logo */}
      | ^^^^^^^^
  294 |         <div style={{ textAlign: 'center', marginBottom: 40 }}>
  295 |           <div style={{
  296 |             width: 48, height: 48, margin: '0 auto 16px',

Parsing ecmascript source code failed

Import traces:
  Client Component Browser:
    ./app/login/page.tsx [Client Component Browser]
    ./app/login/page.tsx [Server Component]

  Client Component SSR:
    ./app/login/page.tsx [Client Component SSR]
    ./app/login/page.tsx [Server Component] @ http://localhost:3000/_next/static/chunks/node_modules_next_dist_0u_w_5s._.js:1945
[   26241ms] [ERROR] ./app/login/page.tsx:292:20
Expected '</', got 'jsx text'
  290 |             background: 'linear-gradient(90deg, transparent, rgba(201,169,110,0.4), trans...
  291 |           }} />
> 292 |       </motion.div>
      |                    ^^^^^^^^^^^^^^^^^^^^^^^^^^^^^^^^^^^^^^^^^^^^^^^^^^^^^^^^^^^^^^^^^^^^^^^^^
> 293 |         {/* Logo */}
      | ^^^^^^^^
  294 |         <div style={{ textAlign: 'center', marginBottom: 40 }}>
  295 |           <div style={{
  296 |             width: 48, height: 48, margin: '0 auto 16px',

Parsing ecmascript source code failed

Import traces:
  Client Component Browser:
    ./app/login/page.tsx [Client Component Browser]
    ./app/login/page.tsx [Server Component]

  Client Component SSR:
    ./app/login/page.tsx [Client Component SSR]
    ./app/login/page.tsx [Server Component] @ http://localhost:3000/_next/static/chunks/node_modules_next_dist_0u_w_5s._.js:1945
[   26302ms] [ERROR] ./app/login/page.tsx:292:20
Expected '</', got 'jsx text'
  290 |             background: 'linear-gradient(90deg, transparent, rgba(201,169,110,0.4), trans...
  291 |           }} />
> 292 |       </motion.div>
      |                    ^^^^^^^^^^^^^^^^^^^^^^^^^^^^^^^^^^^^^^^^^^^^^^^^^^^^^^^^^^^^^^^^^^^^^^^^^
> 293 |         {/* Logo */}
      | ^^^^^^^^
  294 |         <div style={{ textAlign: 'center', marginBottom: 40 }}>
  295 |           <div style={{
  296 |             width: 48, height: 48, margin: '0 auto 16px',

Parsing ecmascript source code failed

Import traces:
  Client Component Browser:
    ./app/login/page.tsx [Client Component Browser]
    ./app/login/page.tsx [Server Component]

  Client Component SSR:
    ./app/login/page.tsx [Client Component SSR]
    ./app/login/page.tsx [Server Component] @ http://localhost:3000/_next/static/chunks/node_modules_next_dist_0u_w_5s._.js:1945
[   26363ms] [ERROR] ./app/login/page.tsx:292:20
Expected '</', got 'jsx text'
  290 |             background: 'linear-gradient(90deg, transparent, rgba(201,169,110,0.4), trans...
  291 |           }} />
> 292 |       </motion.div>
      |                    ^^^^^^^^^^^^^^^^^^^^^^^^^^^^^^^^^^^^^^^^^^^^^^^^^^^^^^^^^^^^^^^^^^^^^^^^^
> 293 |         {/* Logo */}
      | ^^^^^^^^
  294 |         <div style={{ textAlign: 'center', marginBottom: 40 }}>
  295 |           <div style={{
  296 |             width: 48, height: 48, margin: '0 auto 16px',

Parsing ecmascript source code failed

Import traces:
  Client Component Browser:
    ./app/login/page.tsx [Client Component Browser]
    ./app/login/page.tsx [Server Component]

  Client Component SSR:
    ./app/login/page.tsx [Client Component SSR]
    ./app/login/page.tsx [Server Component] @ http://localhost:3000/_next/static/chunks/node_modules_next_dist_0u_w_5s._.js:1945
[   26424ms] [ERROR] ./app/login/page.tsx:292:20
Expected '</', got 'jsx text'
  290 |             background: 'linear-gradient(90deg, transparent, rgba(201,169,110,0.4), trans...
  291 |           }} />
> 292 |       </motion.div>
      |                    ^^^^^^^^^^^^^^^^^^^^^^^^^^^^^^^^^^^^^^^^^^^^^^^^^^^^^^^^^^^^^^^^^^^^^^^^^
> 293 |         {/* Logo */}
      | ^^^^^^^^
  294 |         <div style={{ textAlign: 'center', marginBottom: 40 }}>
  295 |           <div style={{
  296 |             width: 48, height: 48, margin: '0 auto 16px',

Parsing ecmascript source code failed

Import traces:
  Client Component Browser:
    ./app/login/page.tsx [Client Component Browser]
    ./app/login/page.tsx [Server Component]

  Client Component SSR:
    ./app/login/page.tsx [Client Component SSR]
    ./app/login/page.tsx [Server Component] @ http://localhost:3000/_next/static/chunks/node_modules_next_dist_0u_w_5s._.js:1945
[   26480ms] [ERROR] ./app/login/page.tsx:292:20
Expected '</', got 'jsx text'
  290 |             background: 'linear-gradient(90deg, transparent, rgba(201,169,110,0.4), trans...
  291 |           }} />
> 292 |       </motion.div>
      |                    ^^^^^^^^^^^^^^^^^^^^^^^^^^^^^^^^^^^^^^^^^^^^^^^^^^^^^^^^^^^^^^^^^^^^^^^^^
> 293 |         {/* Logo */}
      | ^^^^^^^^
  294 |         <div style={{ textAlign: 'center', marginBottom: 40 }}>
  295 |           <div style={{
  296 |             width: 48, height: 48, margin: '0 auto 16px',

Parsing ecmascript source code failed

Import traces:
  Client Component Browser:
    ./app/login/page.tsx [Client Component Browser]
    ./app/login/page.tsx [Server Component]

  Client Component SSR:
    ./app/login/page.tsx [Client Component SSR]
    ./app/login/page.tsx [Server Component] @ http://localhost:3000/_next/static/chunks/node_modules_next_dist_0u_w_5s._.js:1945
[   26540ms] [ERROR] ./app/login/page.tsx:292:20
Expected '</', got 'jsx text'
  290 |             background: 'linear-gradient(90deg, transparent, rgba(201,169,110,0.4), trans...
  291 |           }} />
> 292 |       </motion.div>
      |                    ^^^^^^^^^^^^^^^^^^^^^^^^^^^^^^^^^^^^^^^^^^^^^^^^^^^^^^^^^^^^^^^^^^^^^^^^^
> 293 |         {/* Logo */}
      | ^^^^^^^^
  294 |         <div style={{ textAlign: 'center', marginBottom: 40 }}>
  295 |           <div style={{
  296 |             width: 48, height: 48, margin: '0 auto 16px',

Parsing ecmascript source code failed

Import traces:
  Client Component Browser:
    ./app/login/page.tsx [Client Component Browser]
    ./app/login/page.tsx [Server Component]

  Client Component SSR:
    ./app/login/page.tsx [Client Component SSR]
    ./app/login/page.tsx [Server Component] @ http://localhost:3000/_next/static/chunks/node_modules_next_dist_0u_w_5s._.js:1945
[   26601ms] [ERROR] ./app/login/page.tsx:292:20
Expected '</', got 'jsx text'
  290 |             background: 'linear-gradient(90deg, transparent, rgba(201,169,110,0.4), trans...
  291 |           }} />
> 292 |       </motion.div>
      |                    ^^^^^^^^^^^^^^^^^^^^^^^^^^^^^^^^^^^^^^^^^^^^^^^^^^^^^^^^^^^^^^^^^^^^^^^^^
> 293 |         {/* Logo */}
      | ^^^^^^^^
  294 |         <div style={{ textAlign: 'center', marginBottom: 40 }}>
  295 |           <div style={{
  296 |             width: 48, height: 48, margin: '0 auto 16px',

Parsing ecmascript source code failed

Import traces:
  Client Component Browser:
    ./app/login/page.tsx [Client Component Browser]
    ./app/login/page.tsx [Server Component]

  Client Component SSR:
    ./app/login/page.tsx [Client Component SSR]
    ./app/login/page.tsx [Server Component] @ http://localhost:3000/_next/static/chunks/node_modules_next_dist_0u_w_5s._.js:1945
[   26664ms] [ERROR] ./app/login/page.tsx:292:20
Expected '</', got 'jsx text'
  290 |             background: 'linear-gradient(90deg, transparent, rgba(201,169,110,0.4), trans...
  291 |           }} />
> 292 |       </motion.div>
      |                    ^^^^^^^^^^^^^^^^^^^^^^^^^^^^^^^^^^^^^^^^^^^^^^^^^^^^^^^^^^^^^^^^^^^^^^^^^
> 293 |         {/* Logo */}
      | ^^^^^^^^
  294 |         <div style={{ textAlign: 'center', marginBottom: 40 }}>
  295 |           <div style={{
  296 |             width: 48, height: 48, margin: '0 auto 16px',

Parsing ecmascript source code failed

Import traces:
  Client Component Browser:
    ./app/login/page.tsx [Client Component Browser]
    ./app/login/page.tsx [Server Component]

  Client Component SSR:
    ./app/login/page.tsx [Client Component SSR]
    ./app/login/page.tsx [Server Component] @ http://localhost:3000/_next/static/chunks/node_modules_next_dist_0u_w_5s._.js:1945
[   26724ms] [ERROR] ./app/login/page.tsx:292:20
Expected '</', got 'jsx text'
  290 |             background: 'linear-gradient(90deg, transparent, rgba(201,169,110,0.4), trans...
  291 |           }} />
> 292 |       </motion.div>
      |                    ^^^^^^^^^^^^^^^^^^^^^^^^^^^^^^^^^^^^^^^^^^^^^^^^^^^^^^^^^^^^^^^^^^^^^^^^^
> 293 |         {/* Logo */}
      | ^^^^^^^^
  294 |         <div style={{ textAlign: 'center', marginBottom: 40 }}>
  295 |           <div style={{
  296 |             width: 48, height: 48, margin: '0 auto 16px',

Parsing ecmascript source code failed

Import traces:
  Client Component Browser:
    ./app/login/page.tsx [Client Component Browser]
    ./app/login/page.tsx [Server Component]

  Client Component SSR:
    ./app/login/page.tsx [Client Component SSR]
    ./app/login/page.tsx [Server Component] @ http://localhost:3000/_next/static/chunks/node_modules_next_dist_0u_w_5s._.js:1945
[   26788ms] [ERROR] ./app/login/page.tsx:292:20
Expected '</', got 'jsx text'
  290 |             background: 'linear-gradient(90deg, transparent, rgba(201,169,110,0.4), trans...
  291 |           }} />
> 292 |       </motion.div>
      |                    ^^^^^^^^^^^^^^^^^^^^^^^^^^^^^^^^^^^^^^^^^^^^^^^^^^^^^^^^^^^^^^^^^^^^^^^^^
> 293 |         {/* Logo */}
      | ^^^^^^^^
  294 |         <div style={{ textAlign: 'center', marginBottom: 40 }}>
  295 |           <div style={{
  296 |             width: 48, height: 48, margin: '0 auto 16px',

Parsing ecmascript source code failed

Import traces:
  Client Component Browser:
    ./app/login/page.tsx [Client Component Browser]
    ./app/login/page.tsx [Server Component]

  Client Component SSR:
    ./app/login/page.tsx [Client Component SSR]
    ./app/login/page.tsx [Server Component] @ http://localhost:3000/_next/static/chunks/node_modules_next_dist_0u_w_5s._.js:1945
[   26843ms] [ERROR] ./app/login/page.tsx:292:20
Expected '</', got 'jsx text'
  290 |             background: 'linear-gradient(90deg, transparent, rgba(201,169,110,0.4), trans...
  291 |           }} />
> 292 |       </motion.div>
      |                    ^^^^^^^^^^^^^^^^^^^^^^^^^^^^^^^^^^^^^^^^^^^^^^^^^^^^^^^^^^^^^^^^^^^^^^^^^
> 293 |         {/* Logo */}
      | ^^^^^^^^
  294 |         <div style={{ textAlign: 'center', marginBottom: 40 }}>
  295 |           <div style={{
  296 |             width: 48, height: 48, margin: '0 auto 16px',

Parsing ecmascript source code failed

Import traces:
  Client Component Browser:
    ./app/login/page.tsx [Client Component Browser]
    ./app/login/page.tsx [Server Component]

  Client Component SSR:
    ./app/login/page.tsx [Client Component SSR]
    ./app/login/page.tsx [Server Component] @ http://localhost:3000/_next/static/chunks/node_modules_next_dist_0u_w_5s._.js:1945
[   26898ms] [ERROR] ./app/login/page.tsx:292:20
Expected '</', got 'jsx text'
  290 |             background: 'linear-gradient(90deg, transparent, rgba(201,169,110,0.4), trans...
  291 |           }} />
> 292 |       </motion.div>
      |                    ^^^^^^^^^^^^^^^^^^^^^^^^^^^^^^^^^^^^^^^^^^^^^^^^^^^^^^^^^^^^^^^^^^^^^^^^^
> 293 |         {/* Logo */}
      | ^^^^^^^^
  294 |         <div style={{ textAlign: 'center', marginBottom: 40 }}>
  295 |           <div style={{
  296 |             width: 48, height: 48, margin: '0 auto 16px',

Parsing ecmascript source code failed

Import traces:
  Client Component Browser:
    ./app/login/page.tsx [Client Component Browser]
    ./app/login/page.tsx [Server Component]

  Client Component SSR:
    ./app/login/page.tsx [Client Component SSR]
    ./app/login/page.tsx [Server Component] @ http://localhost:3000/_next/static/chunks/node_modules_next_dist_0u_w_5s._.js:1945
[   26955ms] [ERROR] ./app/login/page.tsx:292:20
Expected '</', got 'jsx text'
  290 |             background: 'linear-gradient(90deg, transparent, rgba(201,169,110,0.4), trans...
  291 |           }} />
> 292 |       </motion.div>
      |                    ^^^^^^^^^^^^^^^^^^^^^^^^^^^^^^^^^^^^^^^^^^^^^^^^^^^^^^^^^^^^^^^^^^^^^^^^^
> 293 |         {/* Logo */}
      | ^^^^^^^^
  294 |         <div style={{ textAlign: 'center', marginBottom: 40 }}>
  295 |           <div style={{
  296 |             width: 48, height: 48, margin: '0 auto 16px',

Parsing ecmascript source code failed

Import traces:
  Client Component Browser:
    ./app/login/page.tsx [Client Component Browser]
    ./app/login/page.tsx [Server Component]

  Client Component SSR:
    ./app/login/page.tsx [Client Component SSR]
    ./app/login/page.tsx [Server Component] @ http://localhost:3000/_next/static/chunks/node_modules_next_dist_0u_w_5s._.js:1945
[   27020ms] [ERROR] ./app/login/page.tsx:292:20
Expected '</', got 'jsx text'
  290 |             background: 'linear-gradient(90deg, transparent, rgba(201,169,110,0.4), trans...
  291 |           }} />
> 292 |       </motion.div>
      |                    ^^^^^^^^^^^^^^^^^^^^^^^^^^^^^^^^^^^^^^^^^^^^^^^^^^^^^^^^^^^^^^^^^^^^^^^^^
> 293 |         {/* Logo */}
      | ^^^^^^^^
  294 |         <div style={{ textAlign: 'center', marginBottom: 40 }}>
  295 |           <div style={{
  296 |             width: 48, height: 48, margin: '0 auto 16px',

Parsing ecmascript source code failed

Import traces:
  Client Component Browser:
    ./app/login/page.tsx [Client Component Browser]
    ./app/login/page.tsx [Server Component]

  Client Component SSR:
    ./app/login/page.tsx [Client Component SSR]
    ./app/login/page.tsx [Server Component] @ http://localhost:3000/_next/static/chunks/node_modules_next_dist_0u_w_5s._.js:1945
[   27077ms] [ERROR] ./app/login/page.tsx:292:20
Expected '</', got 'jsx text'
  290 |             background: 'linear-gradient(90deg, transparent, rgba(201,169,110,0.4), trans...
  291 |           }} />
> 292 |       </motion.div>
      |                    ^^^^^^^^^^^^^^^^^^^^^^^^^^^^^^^^^^^^^^^^^^^^^^^^^^^^^^^^^^^^^^^^^^^^^^^^^
> 293 |         {/* Logo */}
      | ^^^^^^^^
  294 |         <div style={{ textAlign: 'center', marginBottom: 40 }}>
  295 |           <div style={{
  296 |             width: 48, height: 48, margin: '0 auto 16px',

Parsing ecmascript source code failed

Import traces:
  Client Component Browser:
    ./app/login/page.tsx [Client Component Browser]
    ./app/login/page.tsx [Server Component]

  Client Component SSR:
    ./app/login/page.tsx [Client Component SSR]
    ./app/login/page.tsx [Server Component] @ http://localhost:3000/_next/static/chunks/node_modules_next_dist_0u_w_5s._.js:1945
[   27136ms] [ERROR] ./app/login/page.tsx:292:20
Expected '</', got 'jsx text'
  290 |             background: 'linear-gradient(90deg, transparent, rgba(201,169,110,0.4), trans...
  291 |           }} />
> 292 |       </motion.div>
      |                    ^^^^^^^^^^^^^^^^^^^^^^^^^^^^^^^^^^^^^^^^^^^^^^^^^^^^^^^^^^^^^^^^^^^^^^^^^
> 293 |         {/* Logo */}
      | ^^^^^^^^
  294 |         <div style={{ textAlign: 'center', marginBottom: 40 }}>
  295 |           <div style={{
  296 |             width: 48, height: 48, margin: '0 auto 16px',

Parsing ecmascript source code failed

Import traces:
  Client Component Browser:
    ./app/login/page.tsx [Client Component Browser]
    ./app/login/page.tsx [Server Component]

  Client Component SSR:
    ./app/login/page.tsx [Client Component SSR]
    ./app/login/page.tsx [Server Component] @ http://localhost:3000/_next/static/chunks/node_modules_next_dist_0u_w_5s._.js:1945
[   27206ms] [ERROR] ./app/login/page.tsx:292:20
Expected '</', got 'jsx text'
  290 |             background: 'linear-gradient(90deg, transparent, rgba(201,169,110,0.4), trans...
  291 |           }} />
> 292 |       </motion.div>
      |                    ^^^^^^^^^^^^^^^^^^^^^^^^^^^^^^^^^^^^^^^^^^^^^^^^^^^^^^^^^^^^^^^^^^^^^^^^^
> 293 |         {/* Logo */}
      | ^^^^^^^^
  294 |         <div style={{ textAlign: 'center', marginBottom: 40 }}>
  295 |           <div style={{
  296 |             width: 48, height: 48, margin: '0 auto 16px',

Parsing ecmascript source code failed

Import traces:
  Client Component Browser:
    ./app/login/page.tsx [Client Component Browser]
    ./app/login/page.tsx [Server Component]

  Client Component SSR:
    ./app/login/page.tsx [Client Component SSR]
    ./app/login/page.tsx [Server Component] @ http://localhost:3000/_next/static/chunks/node_modules_next_dist_0u_w_5s._.js:1945
[   27263ms] [ERROR] ./app/login/page.tsx:292:20
Expected '</', got 'jsx text'
  290 |             background: 'linear-gradient(90deg, transparent, rgba(201,169,110,0.4), trans...
  291 |           }} />
> 292 |       </motion.div>
      |                    ^^^^^^^^^^^^^^^^^^^^^^^^^^^^^^^^^^^^^^^^^^^^^^^^^^^^^^^^^^^^^^^^^^^^^^^^^
> 293 |         {/* Logo */}
      | ^^^^^^^^
  294 |         <div style={{ textAlign: 'center', marginBottom: 40 }}>
  295 |           <div style={{
  296 |             width: 48, height: 48, margin: '0 auto 16px',

Parsing ecmascript source code failed

Import traces:
  Client Component Browser:
    ./app/login/page.tsx [Client Component Browser]
    ./app/login/page.tsx [Server Component]

  Client Component SSR:
    ./app/login/page.tsx [Client Component SSR]
    ./app/login/page.tsx [Server Component] @ http://localhost:3000/_next/static/chunks/node_modules_next_dist_0u_w_5s._.js:1945
[   27321ms] [ERROR] ./app/login/page.tsx:292:20
Expected '</', got 'jsx text'
  290 |             background: 'linear-gradient(90deg, transparent, rgba(201,169,110,0.4), trans...
  291 |           }} />
> 292 |       </motion.div>
      |                    ^^^^^^^^^^^^^^^^^^^^^^^^^^^^^^^^^^^^^^^^^^^^^^^^^^^^^^^^^^^^^^^^^^^^^^^^^
> 293 |         {/* Logo */}
      | ^^^^^^^^
  294 |         <div style={{ textAlign: 'center', marginBottom: 40 }}>
  295 |           <div style={{
  296 |             width: 48, height: 48, margin: '0 auto 16px',

Parsing ecmascript source code failed

Import traces:
  Client Component Browser:
    ./app/login/page.tsx [Client Component Browser]
    ./app/login/page.tsx [Server Component]

  Client Component SSR:
    ./app/login/page.tsx [Client Component SSR]
    ./app/login/page.tsx [Server Component] @ http://localhost:3000/_next/static/chunks/node_modules_next_dist_0u_w_5s._.js:1945
[   27380ms] [ERROR] ./app/login/page.tsx:292:20
Expected '</', got 'jsx text'
  290 |             background: 'linear-gradient(90deg, transparent, rgba(201,169,110,0.4), trans...
  291 |           }} />
> 292 |       </motion.div>
      |                    ^^^^^^^^^^^^^^^^^^^^^^^^^^^^^^^^^^^^^^^^^^^^^^^^^^^^^^^^^^^^^^^^^^^^^^^^^
> 293 |         {/* Logo */}
      | ^^^^^^^^
  294 |         <div style={{ textAlign: 'center', marginBottom: 40 }}>
  295 |           <div style={{
  296 |             width: 48, height: 48, margin: '0 auto 16px',

Parsing ecmascript source code failed

Import traces:
  Client Component Browser:
    ./app/login/page.tsx [Client Component Browser]
    ./app/login/page.tsx [Server Component]

  Client Component SSR:
    ./app/login/page.tsx [Client Component SSR]
    ./app/login/page.tsx [Server Component] @ http://localhost:3000/_next/static/chunks/node_modules_next_dist_0u_w_5s._.js:1945
[   27438ms] [ERROR] ./app/login/page.tsx:292:20
Expected '</', got 'jsx text'
  290 |             background: 'linear-gradient(90deg, transparent, rgba(201,169,110,0.4), trans...
  291 |           }} />
> 292 |       </motion.div>
      |                    ^^^^^^^^^^^^^^^^^^^^^^^^^^^^^^^^^^^^^^^^^^^^^^^^^^^^^^^^^^^^^^^^^^^^^^^^^
> 293 |         {/* Logo */}
      | ^^^^^^^^
  294 |         <div style={{ textAlign: 'center', marginBottom: 40 }}>
  295 |           <div style={{
  296 |             width: 48, height: 48, margin: '0 auto 16px',

Parsing ecmascript source code failed

Import traces:
  Client Component Browser:
    ./app/login/page.tsx [Client Component Browser]
    ./app/login/page.tsx [Server Component]

  Client Component SSR:
    ./app/login/page.tsx [Client Component SSR]
    ./app/login/page.tsx [Server Component] @ http://localhost:3000/_next/static/chunks/node_modules_next_dist_0u_w_5s._.js:1945
[   27496ms] [ERROR] ./app/login/page.tsx:292:20
Expected '</', got 'jsx text'
  290 |             background: 'linear-gradient(90deg, transparent, rgba(201,169,110,0.4), trans...
  291 |           }} />
> 292 |       </motion.div>
      |                    ^^^^^^^^^^^^^^^^^^^^^^^^^^^^^^^^^^^^^^^^^^^^^^^^^^^^^^^^^^^^^^^^^^^^^^^^^
> 293 |         {/* Logo */}
      | ^^^^^^^^
  294 |         <div style={{ textAlign: 'center', marginBottom: 40 }}>
  295 |           <div style={{
  296 |             width: 48, height: 48, margin: '0 auto 16px',

Parsing ecmascript source code failed

Import traces:
  Client Component Browser:
    ./app/login/page.tsx [Client Component Browser]
    ./app/login/page.tsx [Server Component]

  Client Component SSR:
    ./app/login/page.tsx [Client Component SSR]
    ./app/login/page.tsx [Server Component] @ http://localhost:3000/_next/static/chunks/node_modules_next_dist_0u_w_5s._.js:1945
[   27555ms] [ERROR] ./app/login/page.tsx:292:20
Expected '</', got 'jsx text'
  290 |             background: 'linear-gradient(90deg, transparent, rgba(201,169,110,0.4), trans...
  291 |           }} />
> 292 |       </motion.div>
      |                    ^^^^^^^^^^^^^^^^^^^^^^^^^^^^^^^^^^^^^^^^^^^^^^^^^^^^^^^^^^^^^^^^^^^^^^^^^
> 293 |         {/* Logo */}
      | ^^^^^^^^
  294 |         <div style={{ textAlign: 'center', marginBottom: 40 }}>
  295 |           <div style={{
  296 |             width: 48, height: 48, margin: '0 auto 16px',

Parsing ecmascript source code failed

Import traces:
  Client Component Browser:
    ./app/login/page.tsx [Client Component Browser]
    ./app/login/page.tsx [Server Component]

  Client Component SSR:
    ./app/login/page.tsx [Client Component SSR]
    ./app/login/page.tsx [Server Component] @ http://localhost:3000/_next/static/chunks/node_modules_next_dist_0u_w_5s._.js:1945
[   27616ms] [ERROR] ./app/login/page.tsx:292:20
Expected '</', got 'jsx text'
  290 |             background: 'linear-gradient(90deg, transparent, rgba(201,169,110,0.4), trans...
  291 |           }} />
> 292 |       </motion.div>
      |                    ^^^^^^^^^^^^^^^^^^^^^^^^^^^^^^^^^^^^^^^^^^^^^^^^^^^^^^^^^^^^^^^^^^^^^^^^^
> 293 |         {/* Logo */}
      | ^^^^^^^^
  294 |         <div style={{ textAlign: 'center', marginBottom: 40 }}>
  295 |           <div style={{
  296 |             width: 48, height: 48, margin: '0 auto 16px',

Parsing ecmascript source code failed

Import traces:
  Client Component Browser:
    ./app/login/page.tsx [Client Component Browser]
    ./app/login/page.tsx [Server Component]

  Client Component SSR:
    ./app/login/page.tsx [Client Component SSR]
    ./app/login/page.tsx [Server Component] @ http://localhost:3000/_next/static/chunks/node_modules_next_dist_0u_w_5s._.js:1945
[   27674ms] [ERROR] ./app/login/page.tsx:292:20
Expected '</', got 'jsx text'
  290 |             background: 'linear-gradient(90deg, transparent, rgba(201,169,110,0.4), trans...
  291 |           }} />
> 292 |       </motion.div>
      |                    ^^^^^^^^^^^^^^^^^^^^^^^^^^^^^^^^^^^^^^^^^^^^^^^^^^^^^^^^^^^^^^^^^^^^^^^^^
> 293 |         {/* Logo */}
      | ^^^^^^^^
  294 |         <div style={{ textAlign: 'center', marginBottom: 40 }}>
  295 |           <div style={{
  296 |             width: 48, height: 48, margin: '0 auto 16px',

Parsing ecmascript source code failed

Import traces:
  Client Component Browser:
    ./app/login/page.tsx [Client Component Browser]
    ./app/login/page.tsx [Server Component]

  Client Component SSR:
    ./app/login/page.tsx [Client Component SSR]
    ./app/login/page.tsx [Server Component] @ http://localhost:3000/_next/static/chunks/node_modules_next_dist_0u_w_5s._.js:1945
[   27737ms] [ERROR] ./app/login/page.tsx:292:20
Expected '</', got 'jsx text'
  290 |             background: 'linear-gradient(90deg, transparent, rgba(201,169,110,0.4), trans...
  291 |           }} />
> 292 |       </motion.div>
      |                    ^^^^^^^^^^^^^^^^^^^^^^^^^^^^^^^^^^^^^^^^^^^^^^^^^^^^^^^^^^^^^^^^^^^^^^^^^
> 293 |         {/* Logo */}
      | ^^^^^^^^
  294 |         <div style={{ textAlign: 'center', marginBottom: 40 }}>
  295 |           <div style={{
  296 |             width: 48, height: 48, margin: '0 auto 16px',

Parsing ecmascript source code failed

Import traces:
  Client Component Browser:
    ./app/login/page.tsx [Client Component Browser]
    ./app/login/page.tsx [Server Component]

  Client Component SSR:
    ./app/login/page.tsx [Client Component SSR]
    ./app/login/page.tsx [Server Component] @ http://localhost:3000/_next/static/chunks/node_modules_next_dist_0u_w_5s._.js:1945
[   27798ms] [ERROR] ./app/login/page.tsx:292:20
Expected '</', got 'jsx text'
  290 |             background: 'linear-gradient(90deg, transparent, rgba(201,169,110,0.4), trans...
  291 |           }} />
> 292 |       </motion.div>
      |                    ^^^^^^^^^^^^^^^^^^^^^^^^^^^^^^^^^^^^^^^^^^^^^^^^^^^^^^^^^^^^^^^^^^^^^^^^^
> 293 |         {/* Logo */}
      | ^^^^^^^^
  294 |         <div style={{ textAlign: 'center', marginBottom: 40 }}>
  295 |           <div style={{
  296 |             width: 48, height: 48, margin: '0 auto 16px',

Parsing ecmascript source code failed

Import traces:
  Client Component Browser:
    ./app/login/page.tsx [Client Component Browser]
    ./app/login/page.tsx [Server Component]

  Client Component SSR:
    ./app/login/page.tsx [Client Component SSR]
    ./app/login/page.tsx [Server Component] @ http://localhost:3000/_next/static/chunks/node_modules_next_dist_0u_w_5s._.js:1945
[   27857ms] [ERROR] ./app/login/page.tsx:292:20
Expected '</', got 'jsx text'
  290 |             background: 'linear-gradient(90deg, transparent, rgba(201,169,110,0.4), trans...
  291 |           }} />
> 292 |       </motion.div>
      |                    ^^^^^^^^^^^^^^^^^^^^^^^^^^^^^^^^^^^^^^^^^^^^^^^^^^^^^^^^^^^^^^^^^^^^^^^^^
> 293 |         {/* Logo */}
      | ^^^^^^^^
  294 |         <div style={{ textAlign: 'center', marginBottom: 40 }}>
  295 |           <div style={{
  296 |             width: 48, height: 48, margin: '0 auto 16px',

Parsing ecmascript source code failed

Import traces:
  Client Component Browser:
    ./app/login/page.tsx [Client Component Browser]
    ./app/login/page.tsx [Server Component]

  Client Component SSR:
    ./app/login/page.tsx [Client Component SSR]
    ./app/login/page.tsx [Server Component] @ http://localhost:3000/_next/static/chunks/node_modules_next_dist_0u_w_5s._.js:1945
[   27919ms] [ERROR] ./app/login/page.tsx:292:20
Expected '</', got 'jsx text'
  290 |             background: 'linear-gradient(90deg, transparent, rgba(201,169,110,0.4), trans...
  291 |           }} />
> 292 |       </motion.div>
      |                    ^^^^^^^^^^^^^^^^^^^^^^^^^^^^^^^^^^^^^^^^^^^^^^^^^^^^^^^^^^^^^^^^^^^^^^^^^
> 293 |         {/* Logo */}
      | ^^^^^^^^
  294 |         <div style={{ textAlign: 'center', marginBottom: 40 }}>
  295 |           <div style={{
  296 |             width: 48, height: 48, margin: '0 auto 16px',

Parsing ecmascript source code failed

Import traces:
  Client Component Browser:
    ./app/login/page.tsx [Client Component Browser]
    ./app/login/page.tsx [Server Component]

  Client Component SSR:
    ./app/login/page.tsx [Client Component SSR]
    ./app/login/page.tsx [Server Component] @ http://localhost:3000/_next/static/chunks/node_modules_next_dist_0u_w_5s._.js:1945
[   27975ms] [ERROR] ./app/login/page.tsx:292:20
Expected '</', got 'jsx text'
  290 |             background: 'linear-gradient(90deg, transparent, rgba(201,169,110,0.4), trans...
  291 |           }} />
> 292 |       </motion.div>
      |                    ^^^^^^^^^^^^^^^^^^^^^^^^^^^^^^^^^^^^^^^^^^^^^^^^^^^^^^^^^^^^^^^^^^^^^^^^^
> 293 |         {/* Logo */}
      | ^^^^^^^^
  294 |         <div style={{ textAlign: 'center', marginBottom: 40 }}>
  295 |           <div style={{
  296 |             width: 48, height: 48, margin: '0 auto 16px',

Parsing ecmascript source code failed

Import traces:
  Client Component Browser:
    ./app/login/page.tsx [Client Component Browser]
    ./app/login/page.tsx [Server Component]

  Client Component SSR:
    ./app/login/page.tsx [Client Component SSR]
    ./app/login/page.tsx [Server Component] @ http://localhost:3000/_next/static/chunks/node_modules_next_dist_0u_w_5s._.js:1945
[   28034ms] [ERROR] ./app/login/page.tsx:292:20
Expected '</', got 'jsx text'
  290 |             background: 'linear-gradient(90deg, transparent, rgba(201,169,110,0.4), trans...
  291 |           }} />
> 292 |       </motion.div>
      |                    ^^^^^^^^^^^^^^^^^^^^^^^^^^^^^^^^^^^^^^^^^^^^^^^^^^^^^^^^^^^^^^^^^^^^^^^^^
> 293 |         {/* Logo */}
      | ^^^^^^^^
  294 |         <div style={{ textAlign: 'center', marginBottom: 40 }}>
  295 |           <div style={{
  296 |             width: 48, height: 48, margin: '0 auto 16px',

Parsing ecmascript source code failed

Import traces:
  Client Component Browser:
    ./app/login/page.tsx [Client Component Browser]
    ./app/login/page.tsx [Server Component]

  Client Component SSR:
    ./app/login/page.tsx [Client Component SSR]
    ./app/login/page.tsx [Server Component] @ http://localhost:3000/_next/static/chunks/node_modules_next_dist_0u_w_5s._.js:1945
[   28097ms] [ERROR] ./app/login/page.tsx:292:20
Expected '</', got 'jsx text'
  290 |             background: 'linear-gradient(90deg, transparent, rgba(201,169,110,0.4), trans...
  291 |           }} />
> 292 |       </motion.div>
      |                    ^^^^^^^^^^^^^^^^^^^^^^^^^^^^^^^^^^^^^^^^^^^^^^^^^^^^^^^^^^^^^^^^^^^^^^^^^
> 293 |         {/* Logo */}
      | ^^^^^^^^
  294 |         <div style={{ textAlign: 'center', marginBottom: 40 }}>
  295 |           <div style={{
  296 |             width: 48, height: 48, margin: '0 auto 16px',

Parsing ecmascript source code failed

Import traces:
  Client Component Browser:
    ./app/login/page.tsx [Client Component Browser]
    ./app/login/page.tsx [Server Component]

  Client Component SSR:
    ./app/login/page.tsx [Client Component SSR]
    ./app/login/page.tsx [Server Component] @ http://localhost:3000/_next/static/chunks/node_modules_next_dist_0u_w_5s._.js:1945
[   28159ms] [ERROR] ./app/login/page.tsx:292:20
Expected '</', got 'jsx text'
  290 |             background: 'linear-gradient(90deg, transparent, rgba(201,169,110,0.4), trans...
  291 |           }} />
> 292 |       </motion.div>
      |                    ^^^^^^^^^^^^^^^^^^^^^^^^^^^^^^^^^^^^^^^^^^^^^^^^^^^^^^^^^^^^^^^^^^^^^^^^^
> 293 |         {/* Logo */}
      | ^^^^^^^^
  294 |         <div style={{ textAlign: 'center', marginBottom: 40 }}>
  295 |           <div style={{
  296 |             width: 48, height: 48, margin: '0 auto 16px',

Parsing ecmascript source code failed

Import traces:
  Client Component Browser:
    ./app/login/page.tsx [Client Component Browser]
    ./app/login/page.tsx [Server Component]

  Client Component SSR:
    ./app/login/page.tsx [Client Component SSR]
    ./app/login/page.tsx [Server Component] @ http://localhost:3000/_next/static/chunks/node_modules_next_dist_0u_w_5s._.js:1945
[   28211ms] [ERROR] ./app/login/page.tsx:292:20
Expected '</', got 'jsx text'
  290 |             background: 'linear-gradient(90deg, transparent, rgba(201,169,110,0.4), trans...
  291 |           }} />
> 292 |       </motion.div>
      |                    ^^^^^^^^^^^^^^^^^^^^^^^^^^^^^^^^^^^^^^^^^^^^^^^^^^^^^^^^^^^^^^^^^^^^^^^^^
> 293 |         {/* Logo */}
      | ^^^^^^^^
  294 |         <div style={{ textAlign: 'center', marginBottom: 40 }}>
  295 |           <div style={{
  296 |             width: 48, height: 48, margin: '0 auto 16px',

Parsing ecmascript source code failed

Import traces:
  Client Component Browser:
    ./app/login/page.tsx [Client Component Browser]
    ./app/login/page.tsx [Server Component]

  Client Component SSR:
    ./app/login/page.tsx [Client Component SSR]
    ./app/login/page.tsx [Server Component] @ http://localhost:3000/_next/static/chunks/node_modules_next_dist_0u_w_5s._.js:1945
[   28269ms] [ERROR] ./app/login/page.tsx:292:20
Expected '</', got 'jsx text'
  290 |             background: 'linear-gradient(90deg, transparent, rgba(201,169,110,0.4), trans...
  291 |           }} />
> 292 |       </motion.div>
      |                    ^^^^^^^^^^^^^^^^^^^^^^^^^^^^^^^^^^^^^^^^^^^^^^^^^^^^^^^^^^^^^^^^^^^^^^^^^
> 293 |         {/* Logo */}
      | ^^^^^^^^
  294 |         <div style={{ textAlign: 'center', marginBottom: 40 }}>
  295 |           <div style={{
  296 |             width: 48, height: 48, margin: '0 auto 16px',

Parsing ecmascript source code failed

Import traces:
  Client Component Browser:
    ./app/login/page.tsx [Client Component Browser]
    ./app/login/page.tsx [Server Component]

  Client Component SSR:
    ./app/login/page.tsx [Client Component SSR]
    ./app/login/page.tsx [Server Component] @ http://localhost:3000/_next/static/chunks/node_modules_next_dist_0u_w_5s._.js:1945
[   28329ms] [ERROR] ./app/login/page.tsx:292:20
Expected '</', got 'jsx text'
  290 |             background: 'linear-gradient(90deg, transparent, rgba(201,169,110,0.4), trans...
  291 |           }} />
> 292 |       </motion.div>
      |                    ^^^^^^^^^^^^^^^^^^^^^^^^^^^^^^^^^^^^^^^^^^^^^^^^^^^^^^^^^^^^^^^^^^^^^^^^^
> 293 |         {/* Logo */}
      | ^^^^^^^^
  294 |         <div style={{ textAlign: 'center', marginBottom: 40 }}>
  295 |           <div style={{
  296 |             width: 48, height: 48, margin: '0 auto 16px',

Parsing ecmascript source code failed

Import traces:
  Client Component Browser:
    ./app/login/page.tsx [Client Component Browser]
    ./app/login/page.tsx [Server Component]

  Client Component SSR:
    ./app/login/page.tsx [Client Component SSR]
    ./app/login/page.tsx [Server Component] @ http://localhost:3000/_next/static/chunks/node_modules_next_dist_0u_w_5s._.js:1945
[   28391ms] [ERROR] ./app/login/page.tsx:292:20
Expected '</', got 'jsx text'
  290 |             background: 'linear-gradient(90deg, transparent, rgba(201,169,110,0.4), trans...
  291 |           }} />
> 292 |       </motion.div>
      |                    ^^^^^^^^^^^^^^^^^^^^^^^^^^^^^^^^^^^^^^^^^^^^^^^^^^^^^^^^^^^^^^^^^^^^^^^^^
> 293 |         {/* Logo */}
      | ^^^^^^^^
  294 |         <div style={{ textAlign: 'center', marginBottom: 40 }}>
  295 |           <div style={{
  296 |             width: 48, height: 48, margin: '0 auto 16px',

Parsing ecmascript source code failed

Import traces:
  Client Component Browser:
    ./app/login/page.tsx [Client Component Browser]
    ./app/login/page.tsx [Server Component]

  Client Component SSR:
    ./app/login/page.tsx [Client Component SSR]
    ./app/login/page.tsx [Server Component] @ http://localhost:3000/_next/static/chunks/node_modules_next_dist_0u_w_5s._.js:1945
[   28450ms] [ERROR] ./app/login/page.tsx:292:20
Expected '</', got 'jsx text'
  290 |             background: 'linear-gradient(90deg, transparent, rgba(201,169,110,0.4), trans...
  291 |           }} />
> 292 |       </motion.div>
      |                    ^^^^^^^^^^^^^^^^^^^^^^^^^^^^^^^^^^^^^^^^^^^^^^^^^^^^^^^^^^^^^^^^^^^^^^^^^
> 293 |         {/* Logo */}
      | ^^^^^^^^
  294 |         <div style={{ textAlign: 'center', marginBottom: 40 }}>
  295 |           <div style={{
  296 |             width: 48, height: 48, margin: '0 auto 16px',

Parsing ecmascript source code failed

Import traces:
  Client Component Browser:
    ./app/login/page.tsx [Client Component Browser]
    ./app/login/page.tsx [Server Component]

  Client Component SSR:
    ./app/login/page.tsx [Client Component SSR]
    ./app/login/page.tsx [Server Component] @ http://localhost:3000/_next/static/chunks/node_modules_next_dist_0u_w_5s._.js:1945
[   28511ms] [ERROR] ./app/login/page.tsx:292:20
Expected '</', got 'jsx text'
  290 |             background: 'linear-gradient(90deg, transparent, rgba(201,169,110,0.4), trans...
  291 |           }} />
> 292 |       </motion.div>
      |                    ^^^^^^^^^^^^^^^^^^^^^^^^^^^^^^^^^^^^^^^^^^^^^^^^^^^^^^^^^^^^^^^^^^^^^^^^^
> 293 |         {/* Logo */}
      | ^^^^^^^^
  294 |         <div style={{ textAlign: 'center', marginBottom: 40 }}>
  295 |           <div style={{
  296 |             width: 48, height: 48, margin: '0 auto 16px',

Parsing ecmascript source code failed

Import traces:
  Client Component Browser:
    ./app/login/page.tsx [Client Component Browser]
    ./app/login/page.tsx [Server Component]

  Client Component SSR:
    ./app/login/page.tsx [Client Component SSR]
    ./app/login/page.tsx [Server Component] @ http://localhost:3000/_next/static/chunks/node_modules_next_dist_0u_w_5s._.js:1945
[   28576ms] [ERROR] ./app/login/page.tsx:292:20
Expected '</', got 'jsx text'
  290 |             background: 'linear-gradient(90deg, transparent, rgba(201,169,110,0.4), trans...
  291 |           }} />
> 292 |       </motion.div>
      |                    ^^^^^^^^^^^^^^^^^^^^^^^^^^^^^^^^^^^^^^^^^^^^^^^^^^^^^^^^^^^^^^^^^^^^^^^^^
> 293 |         {/* Logo */}
      | ^^^^^^^^
  294 |         <div style={{ textAlign: 'center', marginBottom: 40 }}>
  295 |           <div style={{
  296 |             width: 48, height: 48, margin: '0 auto 16px',

Parsing ecmascript source code failed

Import traces:
  Client Component Browser:
    ./app/login/page.tsx [Client Component Browser]
    ./app/login/page.tsx [Server Component]

  Client Component SSR:
    ./app/login/page.tsx [Client Component SSR]
    ./app/login/page.tsx [Server Component] @ http://localhost:3000/_next/static/chunks/node_modules_next_dist_0u_w_5s._.js:1945
[   28646ms] [ERROR] ./app/login/page.tsx:292:20
Expected '</', got 'jsx text'
  290 |             background: 'linear-gradient(90deg, transparent, rgba(201,169,110,0.4), trans...
  291 |           }} />
> 292 |       </motion.div>
      |                    ^^^^^^^^^^^^^^^^^^^^^^^^^^^^^^^^^^^^^^^^^^^^^^^^^^^^^^^^^^^^^^^^^^^^^^^^^
> 293 |         {/* Logo */}
      | ^^^^^^^^
  294 |         <div style={{ textAlign: 'center', marginBottom: 40 }}>
  295 |           <div style={{
  296 |             width: 48, height: 48, margin: '0 auto 16px',

Parsing ecmascript source code failed

Import traces:
  Client Component Browser:
    ./app/login/page.tsx [Client Component Browser]
    ./app/login/page.tsx [Server Component]

  Client Component SSR:
    ./app/login/page.tsx [Client Component SSR]
    ./app/login/page.tsx [Server Component] @ http://localhost:3000/_next/static/chunks/node_modules_next_dist_0u_w_5s._.js:1945
[   28692ms] [ERROR] ./app/login/page.tsx:292:20
Expected '</', got 'jsx text'
  290 |             background: 'linear-gradient(90deg, transparent, rgba(201,169,110,0.4), trans...
  291 |           }} />
> 292 |       </motion.div>
      |                    ^^^^^^^^^^^^^^^^^^^^^^^^^^^^^^^^^^^^^^^^^^^^^^^^^^^^^^^^^^^^^^^^^^^^^^^^^
> 293 |         {/* Logo */}
      | ^^^^^^^^
  294 |         <div style={{ textAlign: 'center', marginBottom: 40 }}>
  295 |           <div style={{
  296 |             width: 48, height: 48, margin: '0 auto 16px',

Parsing ecmascript source code failed

Import traces:
  Client Component Browser:
    ./app/login/page.tsx [Client Component Browser]
    ./app/login/page.tsx [Server Component]

  Client Component SSR:
    ./app/login/page.tsx [Client Component SSR]
    ./app/login/page.tsx [Server Component] @ http://localhost:3000/_next/static/chunks/node_modules_next_dist_0u_w_5s._.js:1945
[   28751ms] [ERROR] ./app/login/page.tsx:292:20
Expected '</', got 'jsx text'
  290 |             background: 'linear-gradient(90deg, transparent, rgba(201,169,110,0.4), trans...
  291 |           }} />
> 292 |       </motion.div>
      |                    ^^^^^^^^^^^^^^^^^^^^^^^^^^^^^^^^^^^^^^^^^^^^^^^^^^^^^^^^^^^^^^^^^^^^^^^^^
> 293 |         {/* Logo */}
      | ^^^^^^^^
  294 |         <div style={{ textAlign: 'center', marginBottom: 40 }}>
  295 |           <div style={{
  296 |             width: 48, height: 48, margin: '0 auto 16px',

Parsing ecmascript source code failed

Import traces:
  Client Component Browser:
    ./app/login/page.tsx [Client Component Browser]
    ./app/login/page.tsx [Server Component]

  Client Component SSR:
    ./app/login/page.tsx [Client Component SSR]
    ./app/login/page.tsx [Server Component] @ http://localhost:3000/_next/static/chunks/node_modules_next_dist_0u_w_5s._.js:1945
[   28814ms] [ERROR] ./app/login/page.tsx:292:20
Expected '</', got 'jsx text'
  290 |             background: 'linear-gradient(90deg, transparent, rgba(201,169,110,0.4), trans...
  291 |           }} />
> 292 |       </motion.div>
      |                    ^^^^^^^^^^^^^^^^^^^^^^^^^^^^^^^^^^^^^^^^^^^^^^^^^^^^^^^^^^^^^^^^^^^^^^^^^
> 293 |         {/* Logo */}
      | ^^^^^^^^
  294 |         <div style={{ textAlign: 'center', marginBottom: 40 }}>
  295 |           <div style={{
  296 |             width: 48, height: 48, margin: '0 auto 16px',

Parsing ecmascript source code failed

Import traces:
  Client Component Browser:
    ./app/login/page.tsx [Client Component Browser]
    ./app/login/page.tsx [Server Component]

  Client Component SSR:
    ./app/login/page.tsx [Client Component SSR]
    ./app/login/page.tsx [Server Component] @ http://localhost:3000/_next/static/chunks/node_modules_next_dist_0u_w_5s._.js:1945
[   28874ms] [ERROR] ./app/login/page.tsx:292:20
Expected '</', got 'jsx text'
  290 |             background: 'linear-gradient(90deg, transparent, rgba(201,169,110,0.4), trans...
  291 |           }} />
> 292 |       </motion.div>
      |                    ^^^^^^^^^^^^^^^^^^^^^^^^^^^^^^^^^^^^^^^^^^^^^^^^^^^^^^^^^^^^^^^^^^^^^^^^^
> 293 |         {/* Logo */}
      | ^^^^^^^^
  294 |         <div style={{ textAlign: 'center', marginBottom: 40 }}>
  295 |           <div style={{
  296 |             width: 48, height: 48, margin: '0 auto 16px',

Parsing ecmascript source code failed

Import traces:
  Client Component Browser:
    ./app/login/page.tsx [Client Component Browser]
    ./app/login/page.tsx [Server Component]

  Client Component SSR:
    ./app/login/page.tsx [Client Component SSR]
    ./app/login/page.tsx [Server Component] @ http://localhost:3000/_next/static/chunks/node_modules_next_dist_0u_w_5s._.js:1945
[   28938ms] [ERROR] ./app/login/page.tsx:292:20
Expected '</', got 'jsx text'
  290 |             background: 'linear-gradient(90deg, transparent, rgba(201,169,110,0.4), trans...
  291 |           }} />
> 292 |       </motion.div>
      |                    ^^^^^^^^^^^^^^^^^^^^^^^^^^^^^^^^^^^^^^^^^^^^^^^^^^^^^^^^^^^^^^^^^^^^^^^^^
> 293 |         {/* Logo */}
      | ^^^^^^^^
  294 |         <div style={{ textAlign: 'center', marginBottom: 40 }}>
  295 |           <div style={{
  296 |             width: 48, height: 48, margin: '0 auto 16px',

Parsing ecmascript source code failed

Import traces:
  Client Component Browser:
    ./app/login/page.tsx [Client Component Browser]
    ./app/login/page.tsx [Server Component]

  Client Component SSR:
    ./app/login/page.tsx [Client Component SSR]
    ./app/login/page.tsx [Server Component] @ http://localhost:3000/_next/static/chunks/node_modules_next_dist_0u_w_5s._.js:1945
[   28997ms] [ERROR] ./app/login/page.tsx:292:20
Expected '</', got 'jsx text'
  290 |             background: 'linear-gradient(90deg, transparent, rgba(201,169,110,0.4), trans...
  291 |           }} />
> 292 |       </motion.div>
      |                    ^^^^^^^^^^^^^^^^^^^^^^^^^^^^^^^^^^^^^^^^^^^^^^^^^^^^^^^^^^^^^^^^^^^^^^^^^
> 293 |         {/* Logo */}
      | ^^^^^^^^
  294 |         <div style={{ textAlign: 'center', marginBottom: 40 }}>
  295 |           <div style={{
  296 |             width: 48, height: 48, margin: '0 auto 16px',

Parsing ecmascript source code failed

Import traces:
  Client Component Browser:
    ./app/login/page.tsx [Client Component Browser]
    ./app/login/page.tsx [Server Component]

  Client Component SSR:
    ./app/login/page.tsx [Client Component SSR]
    ./app/login/page.tsx [Server Component] @ http://localhost:3000/_next/static/chunks/node_modules_next_dist_0u_w_5s._.js:1945
[   29052ms] [ERROR] ./app/login/page.tsx:292:20
Expected '</', got 'jsx text'
  290 |             background: 'linear-gradient(90deg, transparent, rgba(201,169,110,0.4), trans...
  291 |           }} />
> 292 |       </motion.div>
      |                    ^^^^^^^^^^^^^^^^^^^^^^^^^^^^^^^^^^^^^^^^^^^^^^^^^^^^^^^^^^^^^^^^^^^^^^^^^
> 293 |         {/* Logo */}
      | ^^^^^^^^
  294 |         <div style={{ textAlign: 'center', marginBottom: 40 }}>
  295 |           <div style={{
  296 |             width: 48, height: 48, margin: '0 auto 16px',

Parsing ecmascript source code failed

Import traces:
  Client Component Browser:
    ./app/login/page.tsx [Client Component Browser]
    ./app/login/page.tsx [Server Component]

  Client Component SSR:
    ./app/login/page.tsx [Client Component SSR]
    ./app/login/page.tsx [Server Component] @ http://localhost:3000/_next/static/chunks/node_modules_next_dist_0u_w_5s._.js:1945
[   29105ms] [ERROR] ./app/login/page.tsx:292:20
Expected '</', got 'jsx text'
  290 |             background: 'linear-gradient(90deg, transparent, rgba(201,169,110,0.4), trans...
  291 |           }} />
> 292 |       </motion.div>
      |                    ^^^^^^^^^^^^^^^^^^^^^^^^^^^^^^^^^^^^^^^^^^^^^^^^^^^^^^^^^^^^^^^^^^^^^^^^^
> 293 |         {/* Logo */}
      | ^^^^^^^^
  294 |         <div style={{ textAlign: 'center', marginBottom: 40 }}>
  295 |           <div style={{
  296 |             width: 48, height: 48, margin: '0 auto 16px',

Parsing ecmascript source code failed

Import traces:
  Client Component Browser:
    ./app/login/page.tsx [Client Component Browser]
    ./app/login/page.tsx [Server Component]

  Client Component SSR:
    ./app/login/page.tsx [Client Component SSR]
    ./app/login/page.tsx [Server Component] @ http://localhost:3000/_next/static/chunks/node_modules_next_dist_0u_w_5s._.js:1945
[   29171ms] [ERROR] ./app/login/page.tsx:292:20
Expected '</', got 'jsx text'
  290 |             background: 'linear-gradient(90deg, transparent, rgba(201,169,110,0.4), trans...
  291 |           }} />
> 292 |       </motion.div>
      |                    ^^^^^^^^^^^^^^^^^^^^^^^^^^^^^^^^^^^^^^^^^^^^^^^^^^^^^^^^^^^^^^^^^^^^^^^^^
> 293 |         {/* Logo */}
      | ^^^^^^^^
  294 |         <div style={{ textAlign: 'center', marginBottom: 40 }}>
  295 |           <div style={{
  296 |             width: 48, height: 48, margin: '0 auto 16px',

Parsing ecmascript source code failed

Import traces:
  Client Component Browser:
    ./app/login/page.tsx [Client Component Browser]
    ./app/login/page.tsx [Server Component]

  Client Component SSR:
    ./app/login/page.tsx [Client Component SSR]
    ./app/login/page.tsx [Server Component] @ http://localhost:3000/_next/static/chunks/node_modules_next_dist_0u_w_5s._.js:1945
[   29230ms] [ERROR] ./app/login/page.tsx:292:20
Expected '</', got 'jsx text'
  290 |             background: 'linear-gradient(90deg, transparent, rgba(201,169,110,0.4), trans...
  291 |           }} />
> 292 |       </motion.div>
      |                    ^^^^^^^^^^^^^^^^^^^^^^^^^^^^^^^^^^^^^^^^^^^^^^^^^^^^^^^^^^^^^^^^^^^^^^^^^
> 293 |         {/* Logo */}
      | ^^^^^^^^
  294 |         <div style={{ textAlign: 'center', marginBottom: 40 }}>
  295 |           <div style={{
  296 |             width: 48, height: 48, margin: '0 auto 16px',

Parsing ecmascript source code failed

Import traces:
  Client Component Browser:
    ./app/login/page.tsx [Client Component Browser]
    ./app/login/page.tsx [Server Component]

  Client Component SSR:
    ./app/login/page.tsx [Client Component SSR]
    ./app/login/page.tsx [Server Component] @ http://localhost:3000/_next/static/chunks/node_modules_next_dist_0u_w_5s._.js:1945
[   29291ms] [ERROR] ./app/login/page.tsx:292:20
Expected '</', got 'jsx text'
  290 |             background: 'linear-gradient(90deg, transparent, rgba(201,169,110,0.4), trans...
  291 |           }} />
> 292 |       </motion.div>
      |                    ^^^^^^^^^^^^^^^^^^^^^^^^^^^^^^^^^^^^^^^^^^^^^^^^^^^^^^^^^^^^^^^^^^^^^^^^^
> 293 |         {/* Logo */}
      | ^^^^^^^^
  294 |         <div style={{ textAlign: 'center', marginBottom: 40 }}>
  295 |           <div style={{
  296 |             width: 48, height: 48, margin: '0 auto 16px',

Parsing ecmascript source code failed

Import traces:
  Client Component Browser:
    ./app/login/page.tsx [Client Component Browser]
    ./app/login/page.tsx [Server Component]

  Client Component SSR:
    ./app/login/page.tsx [Client Component SSR]
    ./app/login/page.tsx [Server Component] @ http://localhost:3000/_next/static/chunks/node_modules_next_dist_0u_w_5s._.js:1945
[   29348ms] [ERROR] ./app/login/page.tsx:292:20
Expected '</', got 'jsx text'
  290 |             background: 'linear-gradient(90deg, transparent, rgba(201,169,110,0.4), trans...
  291 |           }} />
> 292 |       </motion.div>
      |                    ^^^^^^^^^^^^^^^^^^^^^^^^^^^^^^^^^^^^^^^^^^^^^^^^^^^^^^^^^^^^^^^^^^^^^^^^^
> 293 |         {/* Logo */}
      | ^^^^^^^^
  294 |         <div style={{ textAlign: 'center', marginBottom: 40 }}>
  295 |           <div style={{
  296 |             width: 48, height: 48, margin: '0 auto 16px',

Parsing ecmascript source code failed

Import traces:
  Client Component Browser:
    ./app/login/page.tsx [Client Component Browser]
    ./app/login/page.tsx [Server Component]

  Client Component SSR:
    ./app/login/page.tsx [Client Component SSR]
    ./app/login/page.tsx [Server Component] @ http://localhost:3000/_next/static/chunks/node_modules_next_dist_0u_w_5s._.js:1945
[   29409ms] [ERROR] ./app/login/page.tsx:292:20
Expected '</', got 'jsx text'
  290 |             background: 'linear-gradient(90deg, transparent, rgba(201,169,110,0.4), trans...
  291 |           }} />
> 292 |       </motion.div>
      |                    ^^^^^^^^^^^^^^^^^^^^^^^^^^^^^^^^^^^^^^^^^^^^^^^^^^^^^^^^^^^^^^^^^^^^^^^^^
> 293 |         {/* Logo */}
      | ^^^^^^^^
  294 |         <div style={{ textAlign: 'center', marginBottom: 40 }}>
  295 |           <div style={{
  296 |             width: 48, height: 48, margin: '0 auto 16px',

Parsing ecmascript source code failed

Import traces:
  Client Component Browser:
    ./app/login/page.tsx [Client Component Browser]
    ./app/login/page.tsx [Server Component]

  Client Component SSR:
    ./app/login/page.tsx [Client Component SSR]
    ./app/login/page.tsx [Server Component] @ http://localhost:3000/_next/static/chunks/node_modules_next_dist_0u_w_5s._.js:1945
[   29474ms] [ERROR] ./app/login/page.tsx:292:20
Expected '</', got 'jsx text'
  290 |             background: 'linear-gradient(90deg, transparent, rgba(201,169,110,0.4), trans...
  291 |           }} />
> 292 |       </motion.div>
      |                    ^^^^^^^^^^^^^^^^^^^^^^^^^^^^^^^^^^^^^^^^^^^^^^^^^^^^^^^^^^^^^^^^^^^^^^^^^
> 293 |         {/* Logo */}
      | ^^^^^^^^
  294 |         <div style={{ textAlign: 'center', marginBottom: 40 }}>
  295 |           <div style={{
  296 |             width: 48, height: 48, margin: '0 auto 16px',

Parsing ecmascript source code failed

Import traces:
  Client Component Browser:
    ./app/login/page.tsx [Client Component Browser]
    ./app/login/page.tsx [Server Component]

  Client Component SSR:
    ./app/login/page.tsx [Client Component SSR]
    ./app/login/page.tsx [Server Component] @ http://localhost:3000/_next/static/chunks/node_modules_next_dist_0u_w_5s._.js:1945
[   29535ms] [ERROR] ./app/login/page.tsx:292:20
Expected '</', got 'jsx text'
  290 |             background: 'linear-gradient(90deg, transparent, rgba(201,169,110,0.4), trans...
  291 |           }} />
> 292 |       </motion.div>
      |                    ^^^^^^^^^^^^^^^^^^^^^^^^^^^^^^^^^^^^^^^^^^^^^^^^^^^^^^^^^^^^^^^^^^^^^^^^^
> 293 |         {/* Logo */}
      | ^^^^^^^^
  294 |         <div style={{ textAlign: 'center', marginBottom: 40 }}>
  295 |           <div style={{
  296 |             width: 48, height: 48, margin: '0 auto 16px',

Parsing ecmascript source code failed

Import traces:
  Client Component Browser:
    ./app/login/page.tsx [Client Component Browser]
    ./app/login/page.tsx [Server Component]

  Client Component SSR:
    ./app/login/page.tsx [Client Component SSR]
    ./app/login/page.tsx [Server Component] @ http://localhost:3000/_next/static/chunks/node_modules_next_dist_0u_w_5s._.js:1945
[   29592ms] [ERROR] ./app/login/page.tsx:292:20
Expected '</', got 'jsx text'
  290 |             background: 'linear-gradient(90deg, transparent, rgba(201,169,110,0.4), trans...
  291 |           }} />
> 292 |       </motion.div>
      |                    ^^^^^^^^^^^^^^^^^^^^^^^^^^^^^^^^^^^^^^^^^^^^^^^^^^^^^^^^^^^^^^^^^^^^^^^^^
> 293 |         {/* Logo */}
      | ^^^^^^^^
  294 |         <div style={{ textAlign: 'center', marginBottom: 40 }}>
  295 |           <div style={{
  296 |             width: 48, height: 48, margin: '0 auto 16px',

Parsing ecmascript source code failed

Import traces:
  Client Component Browser:
    ./app/login/page.tsx [Client Component Browser]
    ./app/login/page.tsx [Server Component]

  Client Component SSR:
    ./app/login/page.tsx [Client Component SSR]
    ./app/login/page.tsx [Server Component] @ http://localhost:3000/_next/static/chunks/node_modules_next_dist_0u_w_5s._.js:1945
[   29656ms] [ERROR] ./app/login/page.tsx:292:20
Expected '</', got 'jsx text'
  290 |             background: 'linear-gradient(90deg, transparent, rgba(201,169,110,0.4), trans...
  291 |           }} />
> 292 |       </motion.div>
      |                    ^^^^^^^^^^^^^^^^^^^^^^^^^^^^^^^^^^^^^^^^^^^^^^^^^^^^^^^^^^^^^^^^^^^^^^^^^
> 293 |         {/* Logo */}
      | ^^^^^^^^
  294 |         <div style={{ textAlign: 'center', marginBottom: 40 }}>
  295 |           <div style={{
  296 |             width: 48, height: 48, margin: '0 auto 16px',

Parsing ecmascript source code failed

Import traces:
  Client Component Browser:
    ./app/login/page.tsx [Client Component Browser]
    ./app/login/page.tsx [Server Component]

  Client Component SSR:
    ./app/login/page.tsx [Client Component SSR]
    ./app/login/page.tsx [Server Component] @ http://localhost:3000/_next/static/chunks/node_modules_next_dist_0u_w_5s._.js:1945
[   29719ms] [ERROR] ./app/login/page.tsx:292:20
Expected '</', got 'jsx text'
  290 |             background: 'linear-gradient(90deg, transparent, rgba(201,169,110,0.4), trans...
  291 |           }} />
> 292 |       </motion.div>
      |                    ^^^^^^^^^^^^^^^^^^^^^^^^^^^^^^^^^^^^^^^^^^^^^^^^^^^^^^^^^^^^^^^^^^^^^^^^^
> 293 |         {/* Logo */}
      | ^^^^^^^^
  294 |         <div style={{ textAlign: 'center', marginBottom: 40 }}>
  295 |           <div style={{
  296 |             width: 48, height: 48, margin: '0 auto 16px',

Parsing ecmascript source code failed

Import traces:
  Client Component Browser:
    ./app/login/page.tsx [Client Component Browser]
    ./app/login/page.tsx [Server Component]

  Client Component SSR:
    ./app/login/page.tsx [Client Component SSR]
    ./app/login/page.tsx [Server Component] @ http://localhost:3000/_next/static/chunks/node_modules_next_dist_0u_w_5s._.js:1945
[   29776ms] [ERROR] ./app/login/page.tsx:292:20
Expected '</', got 'jsx text'
  290 |             background: 'linear-gradient(90deg, transparent, rgba(201,169,110,0.4), trans...
  291 |           }} />
> 292 |       </motion.div>
      |                    ^^^^^^^^^^^^^^^^^^^^^^^^^^^^^^^^^^^^^^^^^^^^^^^^^^^^^^^^^^^^^^^^^^^^^^^^^
> 293 |         {/* Logo */}
      | ^^^^^^^^
  294 |         <div style={{ textAlign: 'center', marginBottom: 40 }}>
  295 |           <div style={{
  296 |             width: 48, height: 48, margin: '0 auto 16px',

Parsing ecmascript source code failed

Import traces:
  Client Component Browser:
    ./app/login/page.tsx [Client Component Browser]
    ./app/login/page.tsx [Server Component]

  Client Component SSR:
    ./app/login/page.tsx [Client Component SSR]
    ./app/login/page.tsx [Server Component] @ http://localhost:3000/_next/static/chunks/node_modules_next_dist_0u_w_5s._.js:1945
[   29831ms] [ERROR] ./app/login/page.tsx:292:20
Expected '</', got 'jsx text'
  290 |             background: 'linear-gradient(90deg, transparent, rgba(201,169,110,0.4), trans...
  291 |           }} />
> 292 |       </motion.div>
      |                    ^^^^^^^^^^^^^^^^^^^^^^^^^^^^^^^^^^^^^^^^^^^^^^^^^^^^^^^^^^^^^^^^^^^^^^^^^
> 293 |         {/* Logo */}
      | ^^^^^^^^
  294 |         <div style={{ textAlign: 'center', marginBottom: 40 }}>
  295 |           <div style={{
  296 |             width: 48, height: 48, margin: '0 auto 16px',

Parsing ecmascript source code failed

Import traces:
  Client Component Browser:
    ./app/login/page.tsx [Client Component Browser]
    ./app/login/page.tsx [Server Component]

  Client Component SSR:
    ./app/login/page.tsx [Client Component SSR]
    ./app/login/page.tsx [Server Component] @ http://localhost:3000/_next/static/chunks/node_modules_next_dist_0u_w_5s._.js:1945
[   29891ms] [ERROR] ./app/login/page.tsx:292:20
Expected '</', got 'jsx text'
  290 |             background: 'linear-gradient(90deg, transparent, rgba(201,169,110,0.4), trans...
  291 |           }} />
> 292 |       </motion.div>
      |                    ^^^^^^^^^^^^^^^^^^^^^^^^^^^^^^^^^^^^^^^^^^^^^^^^^^^^^^^^^^^^^^^^^^^^^^^^^
> 293 |         {/* Logo */}
      | ^^^^^^^^
  294 |         <div style={{ textAlign: 'center', marginBottom: 40 }}>
  295 |           <div style={{
  296 |             width: 48, height: 48, margin: '0 auto 16px',

Parsing ecmascript source code failed

Import traces:
  Client Component Browser:
    ./app/login/page.tsx [Client Component Browser]
    ./app/login/page.tsx [Server Component]

  Client Component SSR:
    ./app/login/page.tsx [Client Component SSR]
    ./app/login/page.tsx [Server Component] @ http://localhost:3000/_next/static/chunks/node_modules_next_dist_0u_w_5s._.js:1945
[   29951ms] [ERROR] ./app/login/page.tsx:292:20
Expected '</', got 'jsx text'
  290 |             background: 'linear-gradient(90deg, transparent, rgba(201,169,110,0.4), trans...
  291 |           }} />
> 292 |       </motion.div>
      |                    ^^^^^^^^^^^^^^^^^^^^^^^^^^^^^^^^^^^^^^^^^^^^^^^^^^^^^^^^^^^^^^^^^^^^^^^^^
> 293 |         {/* Logo */}
      | ^^^^^^^^
  294 |         <div style={{ textAlign: 'center', marginBottom: 40 }}>
  295 |           <div style={{
  296 |             width: 48, height: 48, margin: '0 auto 16px',

Parsing ecmascript source code failed

Import traces:
  Client Component Browser:
    ./app/login/page.tsx [Client Component Browser]
    ./app/login/page.tsx [Server Component]

  Client Component SSR:
    ./app/login/page.tsx [Client Component SSR]
    ./app/login/page.tsx [Server Component] @ http://localhost:3000/_next/static/chunks/node_modules_next_dist_0u_w_5s._.js:1945
[   30013ms] [ERROR] ./app/login/page.tsx:292:20
Expected '</', got 'jsx text'
  290 |             background: 'linear-gradient(90deg, transparent, rgba(201,169,110,0.4), trans...
  291 |           }} />
> 292 |       </motion.div>
      |                    ^^^^^^^^^^^^^^^^^^^^^^^^^^^^^^^^^^^^^^^^^^^^^^^^^^^^^^^^^^^^^^^^^^^^^^^^^
> 293 |         {/* Logo */}
      | ^^^^^^^^
  294 |         <div style={{ textAlign: 'center', marginBottom: 40 }}>
  295 |           <div style={{
  296 |             width: 48, height: 48, margin: '0 auto 16px',

Parsing ecmascript source code failed

Import traces:
  Client Component Browser:
    ./app/login/page.tsx [Client Component Browser]
    ./app/login/page.tsx [Server Component]

  Client Component SSR:
    ./app/login/page.tsx [Client Component SSR]
    ./app/login/page.tsx [Server Component] @ http://localhost:3000/_next/static/chunks/node_modules_next_dist_0u_w_5s._.js:1945
[   30072ms] [ERROR] ./app/login/page.tsx:292:20
Expected '</', got 'jsx text'
  290 |             background: 'linear-gradient(90deg, transparent, rgba(201,169,110,0.4), trans...
  291 |           }} />
> 292 |       </motion.div>
      |                    ^^^^^^^^^^^^^^^^^^^^^^^^^^^^^^^^^^^^^^^^^^^^^^^^^^^^^^^^^^^^^^^^^^^^^^^^^
> 293 |         {/* Logo */}
      | ^^^^^^^^
  294 |         <div style={{ textAlign: 'center', marginBottom: 40 }}>
  295 |           <div style={{
  296 |             width: 48, height: 48, margin: '0 auto 16px',

Parsing ecmascript source code failed

Import traces:
  Client Component Browser:
    ./app/login/page.tsx [Client Component Browser]
    ./app/login/page.tsx [Server Component]

  Client Component SSR:
    ./app/login/page.tsx [Client Component SSR]
    ./app/login/page.tsx [Server Component] @ http://localhost:3000/_next/static/chunks/node_modules_next_dist_0u_w_5s._.js:1945
[   30119ms] [ERROR] ./app/login/page.tsx:292:20
Expected '</', got 'jsx text'
  290 |             background: 'linear-gradient(90deg, transparent, rgba(201,169,110,0.4), trans...
  291 |           }} />
> 292 |       </motion.div>
      |                    ^^^^^^^^^^^^^^^^^^^^^^^^^^^^^^^^^^^^^^^^^^^^^^^^^^^^^^^^^^^^^^^^^^^^^^^^^
> 293 |         {/* Logo */}
      | ^^^^^^^^
  294 |         <div style={{ textAlign: 'center', marginBottom: 40 }}>
  295 |           <div style={{
  296 |             width: 48, height: 48, margin: '0 auto 16px',

Parsing ecmascript source code failed

Import traces:
  Client Component Browser:
    ./app/login/page.tsx [Client Component Browser]
    ./app/login/page.tsx [Server Component]

  Client Component SSR:
    ./app/login/page.tsx [Client Component SSR]
    ./app/login/page.tsx [Server Component] @ http://localhost:3000/_next/static/chunks/node_modules_next_dist_0u_w_5s._.js:1945
[   30174ms] [ERROR] ./app/login/page.tsx:292:20
Expected '</', got 'jsx text'
  290 |             background: 'linear-gradient(90deg, transparent, rgba(201,169,110,0.4), trans...
  291 |           }} />
> 292 |       </motion.div>
      |                    ^^^^^^^^^^^^^^^^^^^^^^^^^^^^^^^^^^^^^^^^^^^^^^^^^^^^^^^^^^^^^^^^^^^^^^^^^
> 293 |         {/* Logo */}
      | ^^^^^^^^
  294 |         <div style={{ textAlign: 'center', marginBottom: 40 }}>
  295 |           <div style={{
  296 |             width: 48, height: 48, margin: '0 auto 16px',

Parsing ecmascript source code failed

Import traces:
  Client Component Browser:
    ./app/login/page.tsx [Client Component Browser]
    ./app/login/page.tsx [Server Component]

  Client Component SSR:
    ./app/login/page.tsx [Client Component SSR]
    ./app/login/page.tsx [Server Component] @ http://localhost:3000/_next/static/chunks/node_modules_next_dist_0u_w_5s._.js:1945
[   30235ms] [ERROR] ./app/login/page.tsx:292:20
Expected '</', got 'jsx text'
  290 |             background: 'linear-gradient(90deg, transparent, rgba(201,169,110,0.4), trans...
  291 |           }} />
> 292 |       </motion.div>
      |                    ^^^^^^^^^^^^^^^^^^^^^^^^^^^^^^^^^^^^^^^^^^^^^^^^^^^^^^^^^^^^^^^^^^^^^^^^^
> 293 |         {/* Logo */}
      | ^^^^^^^^
  294 |         <div style={{ textAlign: 'center', marginBottom: 40 }}>
  295 |           <div style={{
  296 |             width: 48, height: 48, margin: '0 auto 16px',

Parsing ecmascript source code failed

Import traces:
  Client Component Browser:
    ./app/login/page.tsx [Client Component Browser]
    ./app/login/page.tsx [Server Component]

  Client Component SSR:
    ./app/login/page.tsx [Client Component SSR]
    ./app/login/page.tsx [Server Component] @ http://localhost:3000/_next/static/chunks/node_modules_next_dist_0u_w_5s._.js:1945
[   30294ms] [ERROR] ./app/login/page.tsx:292:20
Expected '</', got 'jsx text'
  290 |             background: 'linear-gradient(90deg, transparent, rgba(201,169,110,0.4), trans...
  291 |           }} />
> 292 |       </motion.div>
      |                    ^^^^^^^^^^^^^^^^^^^^^^^^^^^^^^^^^^^^^^^^^^^^^^^^^^^^^^^^^^^^^^^^^^^^^^^^^
> 293 |         {/* Logo */}
      | ^^^^^^^^
  294 |         <div style={{ textAlign: 'center', marginBottom: 40 }}>
  295 |           <div style={{
  296 |             width: 48, height: 48, margin: '0 auto 16px',

Parsing ecmascript source code failed

Import traces:
  Client Component Browser:
    ./app/login/page.tsx [Client Component Browser]
    ./app/login/page.tsx [Server Component]

  Client Component SSR:
    ./app/login/page.tsx [Client Component SSR]
    ./app/login/page.tsx [Server Component] @ http://localhost:3000/_next/static/chunks/node_modules_next_dist_0u_w_5s._.js:1945
[   30354ms] [ERROR] ./app/login/page.tsx:292:20
Expected '</', got 'jsx text'
  290 |             background: 'linear-gradient(90deg, transparent, rgba(201,169,110,0.4), trans...
  291 |           }} />
> 292 |       </motion.div>
      |                    ^^^^^^^^^^^^^^^^^^^^^^^^^^^^^^^^^^^^^^^^^^^^^^^^^^^^^^^^^^^^^^^^^^^^^^^^^
> 293 |         {/* Logo */}
      | ^^^^^^^^
  294 |         <div style={{ textAlign: 'center', marginBottom: 40 }}>
  295 |           <div style={{
  296 |             width: 48, height: 48, margin: '0 auto 16px',

Parsing ecmascript source code failed

Import traces:
  Client Component Browser:
    ./app/login/page.tsx [Client Component Browser]
    ./app/login/page.tsx [Server Component]

  Client Component SSR:
    ./app/login/page.tsx [Client Component SSR]
    ./app/login/page.tsx [Server Component] @ http://localhost:3000/_next/static/chunks/node_modules_next_dist_0u_w_5s._.js:1945
[   30412ms] [ERROR] ./app/login/page.tsx:292:20
Expected '</', got 'jsx text'
  290 |             background: 'linear-gradient(90deg, transparent, rgba(201,169,110,0.4), trans...
  291 |           }} />
> 292 |       </motion.div>
      |                    ^^^^^^^^^^^^^^^^^^^^^^^^^^^^^^^^^^^^^^^^^^^^^^^^^^^^^^^^^^^^^^^^^^^^^^^^^
> 293 |         {/* Logo */}
      | ^^^^^^^^
  294 |         <div style={{ textAlign: 'center', marginBottom: 40 }}>
  295 |           <div style={{
  296 |             width: 48, height: 48, margin: '0 auto 16px',

Parsing ecmascript source code failed

Import traces:
  Client Component Browser:
    ./app/login/page.tsx [Client Component Browser]
    ./app/login/page.tsx [Server Component]

  Client Component SSR:
    ./app/login/page.tsx [Client Component SSR]
    ./app/login/page.tsx [Server Component] @ http://localhost:3000/_next/static/chunks/node_modules_next_dist_0u_w_5s._.js:1945
[   30473ms] [ERROR] ./app/login/page.tsx:292:20
Expected '</', got 'jsx text'
  290 |             background: 'linear-gradient(90deg, transparent, rgba(201,169,110,0.4), trans...
  291 |           }} />
> 292 |       </motion.div>
      |                    ^^^^^^^^^^^^^^^^^^^^^^^^^^^^^^^^^^^^^^^^^^^^^^^^^^^^^^^^^^^^^^^^^^^^^^^^^
> 293 |         {/* Logo */}
      | ^^^^^^^^
  294 |         <div style={{ textAlign: 'center', marginBottom: 40 }}>
  295 |           <div style={{
  296 |             width: 48, height: 48, margin: '0 auto 16px',

Parsing ecmascript source code failed

Import traces:
  Client Component Browser:
    ./app/login/page.tsx [Client Component Browser]
    ./app/login/page.tsx [Server Component]

  Client Component SSR:
    ./app/login/page.tsx [Client Component SSR]
    ./app/login/page.tsx [Server Component] @ http://localhost:3000/_next/static/chunks/node_modules_next_dist_0u_w_5s._.js:1945
[   30528ms] [ERROR] ./app/login/page.tsx:292:20
Expected '</', got 'jsx text'
  290 |             background: 'linear-gradient(90deg, transparent, rgba(201,169,110,0.4), trans...
  291 |           }} />
> 292 |       </motion.div>
      |                    ^^^^^^^^^^^^^^^^^^^^^^^^^^^^^^^^^^^^^^^^^^^^^^^^^^^^^^^^^^^^^^^^^^^^^^^^^
> 293 |         {/* Logo */}
      | ^^^^^^^^
  294 |         <div style={{ textAlign: 'center', marginBottom: 40 }}>
  295 |           <div style={{
  296 |             width: 48, height: 48, margin: '0 auto 16px',

Parsing ecmascript source code failed

Import traces:
  Client Component Browser:
    ./app/login/page.tsx [Client Component Browser]
    ./app/login/page.tsx [Server Component]

  Client Component SSR:
    ./app/login/page.tsx [Client Component SSR]
    ./app/login/page.tsx [Server Component] @ http://localhost:3000/_next/static/chunks/node_modules_next_dist_0u_w_5s._.js:1945
[   30595ms] [ERROR] ./app/login/page.tsx:292:20
Expected '</', got 'jsx text'
  290 |             background: 'linear-gradient(90deg, transparent, rgba(201,169,110,0.4), trans...
  291 |           }} />
> 292 |       </motion.div>
      |                    ^^^^^^^^^^^^^^^^^^^^^^^^^^^^^^^^^^^^^^^^^^^^^^^^^^^^^^^^^^^^^^^^^^^^^^^^^
> 293 |         {/* Logo */}
      | ^^^^^^^^
  294 |         <div style={{ textAlign: 'center', marginBottom: 40 }}>
  295 |           <div style={{
  296 |             width: 48, height: 48, margin: '0 auto 16px',

Parsing ecmascript source code failed

Import traces:
  Client Component Browser:
    ./app/login/page.tsx [Client Component Browser]
    ./app/login/page.tsx [Server Component]

  Client Component SSR:
    ./app/login/page.tsx [Client Component SSR]
    ./app/login/page.tsx [Server Component] @ http://localhost:3000/_next/static/chunks/node_modules_next_dist_0u_w_5s._.js:1945
[   30651ms] [ERROR] ./app/login/page.tsx:292:20
Expected '</', got 'jsx text'
  290 |             background: 'linear-gradient(90deg, transparent, rgba(201,169,110,0.4), trans...
  291 |           }} />
> 292 |       </motion.div>
      |                    ^^^^^^^^^^^^^^^^^^^^^^^^^^^^^^^^^^^^^^^^^^^^^^^^^^^^^^^^^^^^^^^^^^^^^^^^^
> 293 |         {/* Logo */}
      | ^^^^^^^^
  294 |         <div style={{ textAlign: 'center', marginBottom: 40 }}>
  295 |           <div style={{
  296 |             width: 48, height: 48, margin: '0 auto 16px',

Parsing ecmascript source code failed

Import traces:
  Client Component Browser:
    ./app/login/page.tsx [Client Component Browser]
    ./app/login/page.tsx [Server Component]

  Client Component SSR:
    ./app/login/page.tsx [Client Component SSR]
    ./app/login/page.tsx [Server Component] @ http://localhost:3000/_next/static/chunks/node_modules_next_dist_0u_w_5s._.js:1945
[   30714ms] [ERROR] ./app/login/page.tsx:292:20
Expected '</', got 'jsx text'
  290 |             background: 'linear-gradient(90deg, transparent, rgba(201,169,110,0.4), trans...
  291 |           }} />
> 292 |       </motion.div>
      |                    ^^^^^^^^^^^^^^^^^^^^^^^^^^^^^^^^^^^^^^^^^^^^^^^^^^^^^^^^^^^^^^^^^^^^^^^^^
> 293 |         {/* Logo */}
      | ^^^^^^^^
  294 |         <div style={{ textAlign: 'center', marginBottom: 40 }}>
  295 |           <div style={{
  296 |             width: 48, height: 48, margin: '0 auto 16px',

Parsing ecmascript source code failed

Import traces:
  Client Component Browser:
    ./app/login/page.tsx [Client Component Browser]
    ./app/login/page.tsx [Server Component]

  Client Component SSR:
    ./app/login/page.tsx [Client Component SSR]
    ./app/login/page.tsx [Server Component] @ http://localhost:3000/_next/static/chunks/node_modules_next_dist_0u_w_5s._.js:1945
[   30776ms] [ERROR] ./app/login/page.tsx:292:20
Expected '</', got 'jsx text'
  290 |             background: 'linear-gradient(90deg, transparent, rgba(201,169,110,0.4), trans...
  291 |           }} />
> 292 |       </motion.div>
      |                    ^^^^^^^^^^^^^^^^^^^^^^^^^^^^^^^^^^^^^^^^^^^^^^^^^^^^^^^^^^^^^^^^^^^^^^^^^
> 293 |         {/* Logo */}
      | ^^^^^^^^
  294 |         <div style={{ textAlign: 'center', marginBottom: 40 }}>
  295 |           <div style={{
  296 |             width: 48, height: 48, margin: '0 auto 16px',

Parsing ecmascript source code failed

Import traces:
  Client Component Browser:
    ./app/login/page.tsx [Client Component Browser]
    ./app/login/page.tsx [Server Component]

  Client Component SSR:
    ./app/login/page.tsx [Client Component SSR]
    ./app/login/page.tsx [Server Component] @ http://localhost:3000/_next/static/chunks/node_modules_next_dist_0u_w_5s._.js:1945
[   30836ms] [ERROR] ./app/login/page.tsx:292:20
Expected '</', got 'jsx text'
  290 |             background: 'linear-gradient(90deg, transparent, rgba(201,169,110,0.4), trans...
  291 |           }} />
> 292 |       </motion.div>
      |                    ^^^^^^^^^^^^^^^^^^^^^^^^^^^^^^^^^^^^^^^^^^^^^^^^^^^^^^^^^^^^^^^^^^^^^^^^^
> 293 |         {/* Logo */}
      | ^^^^^^^^
  294 |         <div style={{ textAlign: 'center', marginBottom: 40 }}>
  295 |           <div style={{
  296 |             width: 48, height: 48, margin: '0 auto 16px',

Parsing ecmascript source code failed

Import traces:
  Client Component Browser:
    ./app/login/page.tsx [Client Component Browser]
    ./app/login/page.tsx [Server Component]

  Client Component SSR:
    ./app/login/page.tsx [Client Component SSR]
    ./app/login/page.tsx [Server Component] @ http://localhost:3000/_next/static/chunks/node_modules_next_dist_0u_w_5s._.js:1945
[   30897ms] [ERROR] ./app/login/page.tsx:292:20
Expected '</', got 'jsx text'
  290 |             background: 'linear-gradient(90deg, transparent, rgba(201,169,110,0.4), trans...
  291 |           }} />
> 292 |       </motion.div>
      |                    ^^^^^^^^^^^^^^^^^^^^^^^^^^^^^^^^^^^^^^^^^^^^^^^^^^^^^^^^^^^^^^^^^^^^^^^^^
> 293 |         {/* Logo */}
      | ^^^^^^^^
  294 |         <div style={{ textAlign: 'center', marginBottom: 40 }}>
  295 |           <div style={{
  296 |             width: 48, height: 48, margin: '0 auto 16px',

Parsing ecmascript source code failed

Import traces:
  Client Component Browser:
    ./app/login/page.tsx [Client Component Browser]
    ./app/login/page.tsx [Server Component]

  Client Component SSR:
    ./app/login/page.tsx [Client Component SSR]
    ./app/login/page.tsx [Server Component] @ http://localhost:3000/_next/static/chunks/node_modules_next_dist_0u_w_5s._.js:1945
[   30971ms] [ERROR] ./app/login/page.tsx:292:20
Expected '</', got 'jsx text'
  290 |             background: 'linear-gradient(90deg, transparent, rgba(201,169,110,0.4), trans...
  291 |           }} />
> 292 |       </motion.div>
      |                    ^^^^^^^^^^^^^^^^^^^^^^^^^^^^^^^^^^^^^^^^^^^^^^^^^^^^^^^^^^^^^^^^^^^^^^^^^
> 293 |         {/* Logo */}
      | ^^^^^^^^
  294 |         <div style={{ textAlign: 'center', marginBottom: 40 }}>
  295 |           <div style={{
  296 |             width: 48, height: 48, margin: '0 auto 16px',

Parsing ecmascript source code failed

Import traces:
  Client Component Browser:
    ./app/login/page.tsx [Client Component Browser]
    ./app/login/page.tsx [Server Component]

  Client Component SSR:
    ./app/login/page.tsx [Client Component SSR]
    ./app/login/page.tsx [Server Component] @ http://localhost:3000/_next/static/chunks/node_modules_next_dist_0u_w_5s._.js:1945
[   31028ms] [ERROR] ./app/login/page.tsx:292:20
Expected '</', got 'jsx text'
  290 |             background: 'linear-gradient(90deg, transparent, rgba(201,169,110,0.4), trans...
  291 |           }} />
> 292 |       </motion.div>
      |                    ^^^^^^^^^^^^^^^^^^^^^^^^^^^^^^^^^^^^^^^^^^^^^^^^^^^^^^^^^^^^^^^^^^^^^^^^^
> 293 |         {/* Logo */}
      | ^^^^^^^^
  294 |         <div style={{ textAlign: 'center', marginBottom: 40 }}>
  295 |           <div style={{
  296 |             width: 48, height: 48, margin: '0 auto 16px',

Parsing ecmascript source code failed

Import traces:
  Client Component Browser:
    ./app/login/page.tsx [Client Component Browser]
    ./app/login/page.tsx [Server Component]

  Client Component SSR:
    ./app/login/page.tsx [Client Component SSR]
    ./app/login/page.tsx [Server Component] @ http://localhost:3000/_next/static/chunks/node_modules_next_dist_0u_w_5s._.js:1945
[   31084ms] [ERROR] ./app/login/page.tsx:292:20
Expected '</', got 'jsx text'
  290 |             background: 'linear-gradient(90deg, transparent, rgba(201,169,110,0.4), trans...
  291 |           }} />
> 292 |       </motion.div>
      |                    ^^^^^^^^^^^^^^^^^^^^^^^^^^^^^^^^^^^^^^^^^^^^^^^^^^^^^^^^^^^^^^^^^^^^^^^^^
> 293 |         {/* Logo */}
      | ^^^^^^^^
  294 |         <div style={{ textAlign: 'center', marginBottom: 40 }}>
  295 |           <div style={{
  296 |             width: 48, height: 48, margin: '0 auto 16px',

Parsing ecmascript source code failed

Import traces:
  Client Component Browser:
    ./app/login/page.tsx [Client Component Browser]
    ./app/login/page.tsx [Server Component]

  Client Component SSR:
    ./app/login/page.tsx [Client Component SSR]
    ./app/login/page.tsx [Server Component] @ http://localhost:3000/_next/static/chunks/node_modules_next_dist_0u_w_5s._.js:1945
[   31146ms] [ERROR] ./app/login/page.tsx:292:20
Expected '</', got 'jsx text'
  290 |             background: 'linear-gradient(90deg, transparent, rgba(201,169,110,0.4), trans...
  291 |           }} />
> 292 |       </motion.div>
      |                    ^^^^^^^^^^^^^^^^^^^^^^^^^^^^^^^^^^^^^^^^^^^^^^^^^^^^^^^^^^^^^^^^^^^^^^^^^
> 293 |         {/* Logo */}
      | ^^^^^^^^
  294 |         <div style={{ textAlign: 'center', marginBottom: 40 }}>
  295 |           <div style={{
  296 |             width: 48, height: 48, margin: '0 auto 16px',

Parsing ecmascript source code failed

Import traces:
  Client Component Browser:
    ./app/login/page.tsx [Client Component Browser]
    ./app/login/page.tsx [Server Component]

  Client Component SSR:
    ./app/login/page.tsx [Client Component SSR]
    ./app/login/page.tsx [Server Component] @ http://localhost:3000/_next/static/chunks/node_modules_next_dist_0u_w_5s._.js:1945
[   31206ms] [ERROR] ./app/login/page.tsx:292:20
Expected '</', got 'jsx text'
  290 |             background: 'linear-gradient(90deg, transparent, rgba(201,169,110,0.4), trans...
  291 |           }} />
> 292 |       </motion.div>
      |                    ^^^^^^^^^^^^^^^^^^^^^^^^^^^^^^^^^^^^^^^^^^^^^^^^^^^^^^^^^^^^^^^^^^^^^^^^^
> 293 |         {/* Logo */}
      | ^^^^^^^^
  294 |         <div style={{ textAlign: 'center', marginBottom: 40 }}>
  295 |           <div style={{
  296 |             width: 48, height: 48, margin: '0 auto 16px',

Parsing ecmascript source code failed

Import traces:
  Client Component Browser:
    ./app/login/page.tsx [Client Component Browser]
    ./app/login/page.tsx [Server Component]

  Client Component SSR:
    ./app/login/page.tsx [Client Component SSR]
    ./app/login/page.tsx [Server Component] @ http://localhost:3000/_next/static/chunks/node_modules_next_dist_0u_w_5s._.js:1945
[   31285ms] [ERROR] ./app/login/page.tsx:292:20
Expected '</', got 'jsx text'
  290 |             background: 'linear-gradient(90deg, transparent, rgba(201,169,110,0.4), trans...
  291 |           }} />
> 292 |       </motion.div>
      |                    ^^^^^^^^^^^^^^^^^^^^^^^^^^^^^^^^^^^^^^^^^^^^^^^^^^^^^^^^^^^^^^^^^^^^^^^^^
> 293 |         {/* Logo */}
      | ^^^^^^^^
  294 |         <div style={{ textAlign: 'center', marginBottom: 40 }}>
  295 |           <div style={{
  296 |             width: 48, height: 48, margin: '0 auto 16px',

Parsing ecmascript source code failed

Import traces:
  Client Component Browser:
    ./app/login/page.tsx [Client Component Browser]
    ./app/login/page.tsx [Server Component]

  Client Component SSR:
    ./app/login/page.tsx [Client Component SSR]
    ./app/login/page.tsx [Server Component] @ http://localhost:3000/_next/static/chunks/node_modules_next_dist_0u_w_5s._.js:1945
[   31288ms] [LOG] [Fast Refresh] rebuilding @ http://localhost:3000/_next/static/chunks/node_modules_next_dist_0u_w_5s._.js:1226
[   31425ms] [LOG] [Fast Refresh] done in 21ms @ http://localhost:3000/_next/static/chunks/node_modules_next_dist_0u_w_5s._.js:1226
[   31496ms] [VERBOSE] [DOM] Input elements should have autocomplete attributes (suggested: "current-password"): (More info: https://goo.gl/9p2vKq) %o @ http://localhost:3000/login:0
[   31546ms] [INFO] %cDownload the React DevTools for a better development experience: https://react.dev/link/react-devtools font-weight:bold @ http://localhost:3000/_next/static/chunks/node_modules_next_dist_115brz8._.js:2477
[   31566ms] [LOG] [HMR] connected @ http://localhost:3000/_next/static/chunks/node_modules_next_dist_115brz8._.js:2477
[   31628ms] [ERROR] A tree hydrated but some attributes of the server rendered HTML didn't match the client properties. This won't be patched up. This can happen if a SSR-ed Client Component used:

- A server/client branch `if (typeof window !== 'undefined')`.
- Variable input such as `Date.now()` or `Math.random()` which changes each time it's called.
- Date formatting in a user's locale which doesn't match the server.
- External changing data without sending a snapshot of it along with the HTML.
- Invalid HTML tag nesting.

It can also happen if the client has a browser extension installed which messes with the HTML before React loaded.

%s%s https://react.dev/link/hydration-mismatch 

  ...
    <ErrorBoundary errorComponent={undefined} errorStyles={undefined} errorScripts={undefined}>
      <LoadingBoundary name="login/" loading={null}>
        <HTTPAccessFallbackBoundary notFound={undefined} forbidden={undefined} unauthorized={undefined}>
          <RedirectBoundary>
            <RedirectErrorBoundary router={{...}}>
              <InnerLayoutRouter url="/login" tree={[...]} params={{}} cacheNode={{rsc:{...}, ...}} segmentPath={[...]} ...>
                <SegmentViewNode type="page" pagePath="login/page...">
                  <SegmentTrieNode>
                  <ClientPageRoot Component={function AuthPage} serverProvidedParams={{...}}>
                    <AuthPage params={Promise} searchParams={Promise}>
                      <div className="auth-page" style={{...}}>
                        <motion.div>
                        <motion.div>
                        <motion.div>
                        <motion.div>
                        <motion.div animate={{y:[...], ...}} transition={{...}} style={{position:"...", ...}}>
                          <div
                            style={{
+                             position: "fixed"
-                             position: "fixed"
+                             left: "34.405942872629616%"
-                             left: "16.7087%"
+                             bottom: "-5%"
-                             bottom: "-5%"
+                             width: 4.269496668179501
-                             width: "4.36126px"
+                             height: 4.181571952397395
-                             height: "2.66351px"
+                             borderRadius: "50%"
+                             background: "radial-gradient(circle, rgba(201,169,110,0.5126145928374196) 0%, transparen..."
+                             boxShadow: "0 0 4.927056122061314px rgba(201,169,110,0.3)"
+                             zIndex: 0
-                             border-top-left-radius: "50%"
-                             border-top-right-radius: "50%"
-                             border-bottom-right-radius: "50%"
-                             border-bottom-left-radius: "50%"
-                             background-image: "radial-gradient(circle, rgba(201, 169, 110, 0.796) 0%, transparent 70%)"
-                             background-position-x: "initial"
-                             background-position-y: "initial"
-                             background-size: "initial"
-                             background-repeat: "initial"
-                             background-attachment: "initial"
-                             background-origin: "initial"
-                             background-clip: "initial"
-                             background-color: "initial"
-                             box-shadow: "rgba(201, 169, 110, 0.3) 0px 0px 8.08044px"
-                             z-index: "0"
                            }}
                            ref={function useMotionRef.useCallback}
                          >
                        <motion.div animate={{y:[...], ...}} transition={{...}} style={{position:"...", ...}}>
                          <div
                            style={{
+                             position: "fixed"
-                             position: "fixed"
+                             left: "39.21110997300726%"
-                             left: "0.972307%"
+                             bottom: "-5%"
-                             bottom: "-5%"
+                             width: 2.2864548496793446
-                             width: "3.51199px"
+                             height: 4.3394484234328665
-                             height: "3.33139px"
+                             borderRadius: "50%"
+                             background: "radial-gradient(circle, rgba(201,169,110,0.40215170650043697) 0%, transpare..."
+                             boxShadow: "0 0 7.279626131548467px rgba(201,169,110,0.3)"
+                             zIndex: 0
-                             border-top-left-radius: "50%"
-                             border-top-right-radius: "50%"
-                             border-bottom-right-radius: "50%"
-                             border-bottom-left-radius: "50%"
-                             background-image: "radial-gradient(circle, rgba(201, 169, 110, 0.592) 0%, transparent 70%)"
-                             background-position-x: "initial"
-                             background-position-y: "initial"
-                             background-size: "initial"
-                             background-repeat: "initial"
-                             background-attachment: "initial"
-                             background-origin: "initial"
-                             background-clip: "initial"
-                             background-color: "initial"
-                             box-shadow: "rgba(201, 169, 110, 0.3) 0px 0px 8.41035px"
-                             z-index: "0"
                            }}
                            ref={function useMotionRef.useCallback}
                          >
                        <motion.div animate={{y:[...], ...}} transition={{...}} style={{position:"...", ...}}>
                          <div
                            style={{
+                             position: "fixed"
-                             position: "fixed"
+                             left: "95.73947169719779%"
-                             left: "3.52643%"
+                             bottom: "-5%"
-                             bottom: "-5%"
+                             width: 3.548583390911832
-                             width: "3.83794px"
+                             height: 4.411034734191412
-                             height: "3.22389px"
+                             borderRadius: "50%"
+                             background: "radial-gradient(circle, rgba(201,169,110,0.6441644766973804) 0%, transparen..."
+                             boxShadow: "0 0 6.218849585440655px rgba(201,169,110,0.3)"
+                             zIndex: 0
-                             border-top-left-radius: "50%"
-                             border-top-right-radius: "50%"
-                             border-bottom-right-radius: "50%"
-                             border-bottom-left-radius: "50%"
-                             background-image: "radial-gradient(circle, rgba(201, 169, 110, 0.455) 0%, transparent 70%)"
-                             background-position-x: "initial"
-                             background-position-y: "initial"
-                             background-size: "initial"
-                             background-repeat: "initial"
-                             background-attachment: "initial"
-                             background-origin: "initial"
-                             background-clip: "initial"
-                             background-color: "initial"
-                             box-shadow: "rgba(201, 169, 110, 0.3) 0px 0px 6.70174px"
-                             z-index: "0"
                            }}
                            ref={function useMotionRef.useCallback}
                          >
                        <motion.div animate={{y:[...], ...}} transition={{...}} style={{position:"...", ...}}>
                          <div
                            style={{
+                             position: "fixed"
-                             position: "fixed"
+                             left: "79.35082017890856%"
-                             left: "88.6493%"
+                             bottom: "-5%"
-                             bottom: "-5%"
+                             width: 2.778396196331232
-                             width: "3.56491px"
+                             height: 3.9100142106381877
-                             height: "2.684px"
+                             borderRadius: "50%"
+                             background: "radial-gradient(circle, rgba(201,169,110,0.4399515258153171) 0%, transparen..."
+                             boxShadow: "0 0 9.59877266618123px rgba(201,169,110,0.3)"
+                             zIndex: 0
-                             border-top-left-radius: "50%"
-                             border-top-right-radius: "50%"
-                             border-bottom-right-radius: "50%"
-                             border-bottom-left-radius: "50%"
-                             background-image: "radial-gradient(circle, rgba(201, 169, 110, 0.79) 0%, transparent 70%)"
-                             background-position-x: "initial"
-                             background-position-y: "initial"
-                             background-size: "initial"
-                             background-repeat: "initial"
-                             background-attachment: "initial"
-                             background-origin: "initial"
-                             background-clip: "initial"
-                             background-color: "initial"
-                             box-shadow: "rgba(201, 169, 110, 0.3) 0px 0px 6.1001px"
-                             z-index: "0"
                            }}
                            ref={function useMotionRef.useCallback}
                          >
                        <motion.div animate={{y:[...], ...}} transition={{...}} style={{position:"...", ...}}>
                          <div
                            style={{
+                             position: "fixed"
-                             position: "fixed"
+                             left: "91.14372435137457%"
-                             left: "57.7735%"
+                             bottom: "-5%"
-                             bottom: "-5%"
+                             width: 2.912944738943997
-                             width: "2.35363px"
+                             height: 2.5530077648065106
-                             height: "3.12822px"
+                             borderRadius: "50%"
+                             background: "radial-gradient(circle, rgba(201,169,110,0.42234710219483973) 0%, transpare..."
+                             boxShadow: "0 0 5.220776177137843px rgba(201,169,110,0.3)"
+                             zIndex: 0
-                             border-top-left-radius: "50%"
-                             border-top-right-radius: "50%"
-                             border-bottom-right-radius: "50%"
-                             border-bottom-left-radius: "50%"
-                             background-image: "radial-gradient(circle, rgba(201, 169, 110, 0.714) 0%, transparent 70%)"
-                             background-position-x: "initial"
-                             background-position-y: "initial"
-                             background-size: "initial"
-                             background-repeat: "initial"
-                             background-attachment: "initial"
-                             background-origin: "initial"
-                             background-clip: "initial"
-                             background-color: "initial"
-                             box-shadow: "rgba(201, 169, 110, 0.3) 0px 0px 9.40505px"
-                             z-index: "0"
                            }}
                            ref={function useMotionRef.useCallback}
                          >
                        <motion.div animate={{y:[...], ...}} transition={{...}} style={{position:"...", ...}}>
                          <div
                            style={{
+                             position: "fixed"
-                             position: "fixed"
+                             left: "23.114180499095895%"
-                             left: "21.3178%"
+                             bottom: "-5%"
-                             bottom: "-5%"
+                             width: 3.7395104808355413
-                             width: "3.63073px"
+                             height: 3.9971333367425412
-                             height: "4.28983px"
+                             borderRadius: "50%"
+                             background: "radial-gradient(circle, rgba(201,169,110,0.4670592827846227) 0%, transparen..."
+                             boxShadow: "0 0 4.333690752069002px rgba(201,169,110,0.3)"
+                             zIndex: 0
-                             border-top-left-radius: "50%"
-                             border-top-right-radius: "50%"
-                             border-bottom-right-radius: "50%"
-                             border-bottom-left-radius: "50%"
-                             background-image: "radial-gradient(circle, rgba(201, 169, 110, 0.61) 0%, transparent 70%)"
-                             background-position-x: "initial"
-                             background-position-y: "initial"
-                             background-size: "initial"
-                             background-repeat: "initial"
-                             background-attachment: "initial"
-                             background-origin: "initial"
-                             background-clip: "initial"
-                             background-color: "initial"
-                             box-shadow: "rgba(201, 169, 110, 0.3) 0px 0px 5.93537px"
-                             z-index: "0"
                            }}
                            ref={function useMotionRef.useCallback}
                          >
                        <motion.div animate={{y:[...], ...}} transition={{...}} style={{position:"...", ...}}>
                          <div
                            style={{
+                             position: "fixed"
-                             position: "fixed"
+                             left: "11.857292903067318%"
-                             left: "10.0359%"
+                             bottom: "-5%"
-                             bottom: "-5%"
+                             width: 4.005612784158387
-                             width: "3.455px"
+                             height: 2.787083375096556
-                             height: "4.0704px"
+                             borderRadius: "50%"
+                             background: "radial-gradient(circle, rgba(201,169,110,0.7582766608954237) 0%, transparen..."
+                             boxShadow: "0 0 8.112968633272573px rgba(201,169,110,0.3)"
+                             zIndex: 0
-                             border-top-left-radius: "50%"
-                             border-top-right-radius: "50%"
-                             border-bottom-right-radius: "50%"
-                             border-bottom-left-radius: "50%"
-                             background-image: "radial-gradient(circle, rgba(201, 169, 110, 0.557) 0%, transparent 70%)"
-                             background-position-x: "initial"
-                             background-position-y: "initial"
-                             background-size: "initial"
-                             background-repeat: "initial"
-                             background-attachment: "initial"
-                             background-origin: "initial"
-                             background-clip: "initial"
-                             background-color: "initial"
-                             box-shadow: "rgba(201, 169, 110, 0.3) 0px 0px 8.76615px"
-                             z-index: "0"
                            }}
                            ref={function useMotionRef.useCallback}
                          >
                        <motion.div animate={{y:[...], ...}} transition={{...}} style={{position:"...", ...}}>
                          <div
                            style={{
+                             position: "fixed"
-                             position: "fixed"
+                             left: "33.26732596982127%"
-                             left: "40.2441%"
+                             bottom: "-5%"
-                             bottom: "-5%"
+                             width: 2.6367078654720895
-                             width: "3.64579px"
+                             height: 3.7640808984166627
-                             height: "4.43071px"
+                             borderRadius: "50%"
+                             background: "radial-gradient(circle, rgba(201,169,110,0.5188029190794475) 0%, transparen..."
+                             boxShadow: "0 0 5.660423140778618px rgba(201,169,110,0.3)"
+                             zIndex: 0
-                             border-top-left-radius: "50%"
-                             border-top-right-radius: "50%"
-                             border-bottom-right-radius: "50%"
-                             border-bottom-left-radius: "50%"
-                             background-image: "radial-gradient(circle, rgba(201, 169, 110, 0.765) 0%, transparent 70%)"
-                             background-position-x: "initial"
-                             background-position-y: "initial"
-                             background-size: "initial"
-                             background-repeat: "initial"
-                             background-attachment: "initial"
-                             background-origin: "initial"
-                             background-clip: "initial"
-                             background-color: "initial"
-                             box-shadow: "rgba(201, 169, 110, 0.3) 0px 0px 7.87748px"
-                             z-index: "0"
                            }}
                            ref={function useMotionRef.useCallback}
                          >
                        <motion.div animate={{y:[...], ...}} transition={{...}} style={{position:"...", ...}}>
                          <div
                            style={{
+                             position: "fixed"
-                             position: "fixed"
+                             left: "42.718853554750105%"
-                             left: "2.38062%"
+                             bottom: "-5%"
-                             bottom: "-5%"
+                             width: 2.499709580800561
-                             width: "3.98856px"
+                             height: 3.280433543088718
-                             height: "3.89364px"
+                             borderRadius: "50%"
+                             background: "radial-gradient(circle, rgba(201,169,110,0.4249827423437581) 0%, transparen..."
+                             boxShadow: "0 0 4.152477850060683px rgba(201,169,110,0.3)"
+                             zIndex: 0
-                             border-top-left-radius: "50%"
-                             border-top-right-radius: "50%"
-                             border-bottom-right-radius: "50%"
-                             border-bottom-left-radius: "50%"
-                             background-image: "radial-gradient(circle, rgba(201, 169, 110, 0.75) 0%, transparent 70%)"
-                             background-position-x: "initial"
-                             background-position-y: "initial"
-                             background-size: "initial"
-                             background-repeat: "initial"
-                             background-attachment: "initial"
-                             background-origin: "initial"
-                             background-clip: "initial"
-                             background-color: "initial"
-                             box-shadow: "rgba(201, 169, 110, 0.3) 0px 0px 6.34544px"
-                             z-index: "0"
                            }}
                            ref={function useMotionRef.useCallback}
                          >
                        <motion.div animate={{y:[...], ...}} transition={{...}} style={{position:"...", ...}}>
                          <div
                            style={{
+                             position: "fixed"
-                             position: "fixed"
+                             left: "52.352234471071725%"
-                             left: "31.7111%"
+                             bottom: "-5%"
-                             bottom: "-5%"
+                             width: 2.3317662664083345
-                             width: "3.75523px"
+                             height: 3.003028780471051
-                             height: "3.0352px"
+                             borderRadius: "50%"
+                             background: "radial-gradient(circle, rgba(201,169,110,0.7540875454588815) 0%, transparen..."
+                             boxShadow: "0 0 4.04908260589975px rgba(201,169,110,0.3)"
+                             zIndex: 0
-                             border-top-left-radius: "50%"
-                             border-top-right-radius: "50%"
-                             border-bottom-right-radius: "50%"
-                             border-bottom-left-radius: "50%"
-                             background-image: "radial-gradient(circle, rgba(201, 169, 110, 0.53) 0%, transparent 70%)"
-                             background-position-x: "initial"
-                             background-position-y: "initial"
-                             background-size: "initial"
-                             background-repeat: "initial"
-                             background-attachment: "initial"
-                             background-origin: "initial"
-                             background-clip: "initial"
-                             background-color: "initial"
-                             box-shadow: "rgba(201, 169, 110, 0.3) 0px 0px 6.12323px"
-                             z-index: "0"
                            }}
                            ref={function useMotionRef.useCallback}
                          >
                        <motion.div animate={{y:[...], ...}} transition={{...}} style={{position:"...", ...}}>
                          <div
                            style={{
+                             position: "fixed"
-                             position: "fixed"
+                             left: "28.909505498620113%"
-                             left: "3.39712%"
+                             bottom: "-5%"
-                             bottom: "-5%"
+                             width: 4.511056918473212
-                             width: "2.36216px"
+                             height: 4.928123433872042
-                             height: "3.86176px"
+                             borderRadius: "50%"
+                             background: "radial-gradient(circle, rgba(201,169,110,0.5527532454667848) 0%, transparen..."
+                             boxShadow: "0 0 7.40943029455988px rgba(201,169,110,0.3)"
+                             zIndex: 0
-                             border-top-left-radius: "50%"
-                             border-top-right-radius: "50%"
-                             border-bottom-right-radius: "50%"
-                             border-bottom-left-radius: "50%"
-                             background-image: "radial-gradient(circle, rgba(201, 169, 110, 0.514) 0%, transparent 70%)"
-                             background-position-x: "initial"
-                             background-position-y: "initial"
-                             background-size: "initial"
-                             background-repeat: "initial"
-                             background-attachment: "initial"
-                             background-origin: "initial"
-                             background-clip: "initial"
-                             background-color: "initial"
-                             box-shadow: "rgba(201, 169, 110, 0.3) 0px 0px 4.66211px"
-                             z-index: "0"
                            }}
                            ref={function useMotionRef.useCallback}
                          >
                        <motion.div animate={{y:[...], ...}} transition={{...}} style={{position:"...", ...}}>
                          <div
                            style={{
+                             position: "fixed"
-                             position: "fixed"
+                             left: "46.68281087521697%"
-                             left: "51.7877%"
+                             bottom: "-5%"
-                             bottom: "-5%"
+                             width: 4.564197931908417
-                             width: "4.92241px"
+                             height: 3.068696867830994
-                             height: "4.70819px"
+                             borderRadius: "50%"
+                             background: "radial-gradient(circle, rgba(201,169,110,0.5863050954142235) 0%, transparen..."
+                             boxShadow: "0 0 8.77418921845204px rgba(201,169,110,0.3)"
+                             zIndex: 0
-                             border-top-left-radius: "50%"
-                             border-top-right-radius: "50%"
-                             border-bottom-right-radius: "50%"
-                             border-bottom-left-radius: "50%"
-                             background-image: "radial-gradient(circle, rgba(201, 169, 110, 0.725) 0%, transparent 70%)"
-                             background-position-x: "initial"
-                             background-position-y: "initial"
-                             background-size: "initial"
-                             background-repeat: "initial"
-                             background-attachment: "initial"
-                             background-origin: "initial"
-                             background-clip: "initial"
-                             background-color: "initial"
-                             box-shadow: "rgba(201, 169, 110, 0.3) 0px 0px 5.81502px"
-                             z-index: "0"
                            }}
                            ref={function useMotionRef.useCallback}
                          >
                        <motion.div animate={{y:[...], ...}} transition={{...}} style={{position:"...", ...}}>
                          <div
                            style={{
+                             position: "fixed"
-                             position: "fixed"
+                             left: "35.89516971846754%"
-                             left: "79.2544%"
+                             bottom: "-5%"
-                             bottom: "-5%"
+                             width: 2.4190708862950685
-                             width: "2.81747px"
+                             height: 3.480469660738975
-                             height: "3.24945px"
+                             borderRadius: "50%"
+                             background: "radial-gradient(circle, rgba(201,169,110,0.725139167075499) 0%, transparent..."
+                             boxShadow: "0 0 4.785506953865858px rgba(201,169,110,0.3)"
+                             zIndex: 0
-                             border-top-left-radius: "50%"
-                             border-top-right-radius: "50%"
-                             border-bottom-right-radius: "50%"
-                             border-bottom-left-radius: "50%"
-                             background-image: "radial-gradient(circle, rgba(201, 169, 110, 0.443) 0%, transparent 70%)"
-                             background-position-x: "initial"
-                             background-position-y: "initial"
-                             background-size: "initial"
-                             background-repeat: "initial"
-                             background-attachment: "initial"
-                             background-origin: "initial"
-                             background-clip: "initial"
-                             background-color: "initial"
-                             box-shadow: "rgba(201, 169, 110, 0.3) 0px 0px 9.02582px"
-                             z-index: "0"
                            }}
                            ref={function useMotionRef.useCallback}
                          >
                        <motion.div animate={{y:[...], ...}} transition={{...}} style={{position:"...", ...}}>
                          <div
                            style={{
+                             position: "fixed"
-                             position: "fixed"
+                             left: "90.98229227414053%"
-                             left: "57.197%"
+                             bottom: "-5%"
-                             bottom: "-5%"
+                             width: 4.987157640864385
-                             width: "3.5853px"
+                             height: 2.8161482135597957
-                             height: "4.20219px"
+                             borderRadius: "50%"
+                             background: "radial-gradient(circle, rgba(201,169,110,0.43351066417282125) 0%, transpare..."
+                             boxShadow: "0 0 9.678244088919271px rgba(201,169,110,0.3)"
+                             zIndex: 0
-                             border-top-left-radius: "50%"
-                             border-top-right-radius: "50%"
-                             border-bottom-right-radius: "50%"
-                             border-bottom-left-radius: "50%"
-                             background-image: "radial-gradient(circle, rgba(201, 169, 110, 0.463) 0%, transparent 70%)"
-                             background-position-x: "initial"
-                             background-position-y: "initial"
-                             background-size: "initial"
-                             background-repeat: "initial"
-                             background-attachment: "initial"
-                             background-origin: "initial"
-                             background-clip: "initial"
-                             background-color: "initial"
-                             box-shadow: "rgba(201, 169, 110, 0.3) 0px 0px 9.48591px"
-                             z-index: "0"
                            }}
                            ref={function useMotionRef.useCallback}
                          >
                        <motion.div animate={{y:[...], ...}} transition={{...}} style={{position:"...", ...}}>
                          <div
                            style={{
+                             position: "fixed"
-                             position: "fixed"
+                             left: "45.30177971413556%"
-                             left: "36.0811%"
+                             bottom: "-5%"
-                             bottom: "-5%"
+                             width: 4.639840526188356
-                             width: "4.80387px"
+                             height: 3.6851239700712894
-                             height: "3.54638px"
+                             borderRadius: "50%"
+                             background: "radial-gradient(circle, rgba(201,169,110,0.5757662888691265) 0%, transparen..."
+                             boxShadow: "0 0 6.842239094285826px rgba(201,169,110,0.3)"
+                             zIndex: 0
-                             border-top-left-radius: "50%"
-                             border-top-right-radius: "50%"
-                             border-bottom-right-radius: "50%"
-                             border-bottom-left-radius: "50%"
-                             background-image: "radial-gradient(circle, rgba(201, 169, 110, 0.59) 0%, transparent 70%)"
-                             background-position-x: "initial"
-                             background-position-y: "initial"
-                             background-size: "initial"
-                             background-repeat: "initial"
-                             background-attachment: "initial"
-                             background-origin: "initial"
-                             background-clip: "initial"
-                             background-color: "initial"
-                             box-shadow: "rgba(201, 169, 110, 0.3) 0px 0px 5.00695px"
-                             z-index: "0"
                            }}
                            ref={function useMotionRef.useCallback}
                          >
                        <motion.div animate={{y:[...], ...}} transition={{...}} style={{position:"...", ...}}>
                          <div
                            style={{
+                             position: "fixed"
-                             position: "fixed"
+                             left: "31.200164283083488%"
-                             left: "40.2488%"
+                             bottom: "-5%"
-                             bottom: "-5%"
+                             width: 3.2155590653447903
-                             width: "4.30908px"
+                             height: 4.518143923447729
-                             height: "2.99985px"
+                             borderRadius: "50%"
+                             background: "radial-gradient(circle, rgba(201,169,110,0.42996079249326385) 0%, transpare..."
+                             boxShadow: "0 0 6.974096082057192px rgba(201,169,110,0.3)"
+                             zIndex: 0
-                             border-top-left-radius: "50%"
-                             border-top-right-radius: "50%"
-                             border-bottom-right-radius: "50%"
-                             border-bottom-left-radius: "50%"
-                             background-image: "radial-gradient(circle, rgba(201, 169, 110, 0.698) 0%, transparent 70%)"
-                             background-position-x: "initial"
-                             background-position-y: "initial"
-                             background-size: "initial"
-                             background-repeat: "initial"
-                             background-attachment: "initial"
-                             background-origin: "initial"
-                             background-clip: "initial"
-                             background-color: "initial"
-                             box-shadow: "rgba(201, 169, 110, 0.3) 0px 0px 9.19045px"
-                             z-index: "0"
                            }}
                            ref={function useMotionRef.useCallback}
                          >
                        <motion.div animate={{y:[...], ...}} transition={{...}} style={{position:"...", ...}}>
                          <div
                            style={{
+                             position: "fixed"
-                             position: "fixed"
+                             left: "58.07105356521126%"
-                             left: "82.9942%"
+                             bottom: "-5%"
-                             bottom: "-5%"
+                             width: 2.533183443435349
-                             width: "2.5574px"
+                             height: 2.547213405099323
-                             height: "3.53853px"
+                             borderRadius: "50%"
+                             background: "radial-gradient(circle, rgba(201,169,110,0.6345259928418979) 0%, transparen..."
+                             boxShadow: "0 0 9.821265869675535px rgba(201,169,110,0.3)"
+                             zIndex: 0
-                             border-top-left-radius: "50%"
-                             border-top-right-radius: "50%"
-                             border-bottom-right-radius: "50%"
-                             border-bottom-left-radius: "50%"
-                             background-image: "radial-gradient(circle, rgba(201, 169, 110, 0.64) 0%, transparent 70%)"
-                             background-position-x: "initial"
-                             background-position-y: "initial"
-                             background-size: "initial"
-                             background-repeat: "initial"
-                             background-attachment: "initial"
-                             background-origin: "initial"
-                             background-clip: "initial"
-                             background-color: "initial"
-                             box-shadow: "rgba(201, 169, 110, 0.3) 0px 0px 8.59818px"
-                             z-index: "0"
                            }}
                            ref={function useMotionRef.useCallback}
                          >
                        <motion.div animate={{y:[...], ...}} transition={{...}} style={{position:"...", ...}}>
                          <div
                            style={{
+                             position: "fixed"
-                             position: "fixed"
+                             left: "0.19018896524571893%"
-                             left: "86.5789%"
+                             bottom: "-5%"
-                             bottom: "-5%"
+                             width: 4.40356729783308
-                             width: "2.20454px"
+                             height: 2.401836414230932
-                             height: "3.8025px"
+                             borderRadius: "50%"
+                             background: "radial-gradient(circle, rgba(201,169,110,0.7678579878570968) 0%, transparen..."
+                             boxShadow: "0 0 9.933977570654282px rgba(201,169,110,0.3)"
+                             zIndex: 0
-                             border-top-left-radius: "50%"
-                             border-top-right-radius: "50%"
-                             border-bottom-right-radius: "50%"
-                             border-bottom-left-radius: "50%"
-                             background-image: "radial-gradient(circle, rgba(201, 169, 110, 0.46) 0%, transparent 70%)"
-                             background-position-x: "initial"
-                             background-position-y: "initial"
-                             background-size: "initial"
-                             background-repeat: "initial"
-                             background-attachment: "initial"
-                             background-origin: "initial"
-                             background-clip: "initial"
-                             background-color: "initial"
-                             box-shadow: "rgba(201, 169, 110, 0.3) 0px 0px 6.04558px"
-                             z-index: "0"
                            }}
                            ref={function useMotionRef.useCallback}
                          >
                        <motion.div animate={{y:[...], ...}} transition={{...}} style={{position:"...", ...}}>
                          <div
                            style={{
+                             position: "fixed"
-                             position: "fixed"
+                             left: "42.348191730296435%"
-                             left: "30.7078%"
+                             bottom: "-5%"
-                             bottom: "-5%"
+                             width: 2.437822293993121
-                             width: "4.48888px"
+                             height: 2.229920960271526
-                             height: "3.28638px"
+                             borderRadius: "50%"
+                             background: "radial-gradient(circle, rgba(201,169,110,0.7255236607193711) 0%, transparen..."
+                             boxShadow: "0 0 6.912100974841127px rgba(201,169,110,0.3)"
+                             zIndex: 0
-                             border-top-left-radius: "50%"
-                             border-top-right-radius: "50%"
-                             border-bottom-right-radius: "50%"
-                             border-bottom-left-radius: "50%"
-                             background-image: "radial-gradient(circle, rgba(201, 169, 110, 0.714) 0%, transparent 70%)"
-                             background-position-x: "initial"
-                             background-position-y: "initial"
-                             background-size: "initial"
-                             background-repeat: "initial"
-                             background-attachment: "initial"
-                             background-origin: "initial"
-                             background-clip: "initial"
-                             background-color: "initial"
-                             box-shadow: "rgba(201, 169, 110, 0.3) 0px 0px 7.58543px"
-                             z-index: "0"
                            }}
                            ref={function useMotionRef.useCallback}
                          >
                        <motion.div animate={{y:[...], ...}} transition={{...}} style={{position:"...", ...}}>
                          <div
                            style={{
+                             position: "fixed"
-                             position: "fixed"
+                             left: "29.19888481689116%"
-                             left: "52.0809%"
+                             bottom: "-5%"
-                             bottom: "-5%"
+                             width: 2.7201225784800167
-                             width: "3.89174px"
+                             height: 3.1463216183024407
-                             height: "2.12379px"
+                             borderRadius: "50%"
+                             background: "radial-gradient(circle, rgba(201,169,110,0.4233474294806284) 0%, transparen..."
+                             boxShadow: "0 0 5.082007768330959px rgba(201,169,110,0.3)"
+                             zIndex: 0
-                             border-top-left-radius: "50%"
-                             border-top-right-radius: "50%"
-                             border-bottom-right-radius: "50%"
-                             border-bottom-left-radius: "50%"
-                             background-image: "radial-gradient(circle, rgba(201, 169, 110, 0.576) 0%, transparent 70%)"
-                             background-position-x: "initial"
-                             background-position-y: "initial"
-                             background-size: "initial"
-                             background-repeat: "initial"
-                             background-attachment: "initial"
-                             background-origin: "initial"
-                             background-clip: "initial"
-                             background-color: "initial"
-                             box-shadow: "rgba(201, 169, 110, 0.3) 0px 0px 8.22053px"
-                             z-index: "0"
                            }}
                            ref={function useMotionRef.useCallback}
                          >
                        ...
                ...
              ...
 @ http://localhost:3000/_next/static/chunks/node_modules_next_dist_115brz8._.js:3318
[   31673ms] [ERROR] Failed to load resource: the server responded with a status of 401 (Unauthorized) @ http://localhost:3000/api/auth/me:0
